# Blender 4.4.3
# www.blender.org
mtllib desert.mtl
o Plane
v -25.004908 0.016797 24.993858
v 24.998209 0.005596 24.998238
v -25.008425 0.030608 -25.013811
v 24.993481 0.008834 -25.000114
v -25.009512 0.034517 -24.035246
v -25.010708 0.038801 -23.056866
v -25.012016 0.043465 -22.078682
v -25.013449 0.048511 -21.100693
v -25.014975 0.053936 -20.122898
v -25.016623 0.059734 -19.145287
v -25.018353 0.065895 -18.167870
v -25.020180 0.072394 -17.190584
v -25.022072 0.079189 -16.213430
v -25.024006 0.086213 -15.236322
v -25.025955 0.093363 -14.259179
v -25.027876 0.100495 -13.281904
v -25.029718 0.107432 -12.304379
v -25.031418 0.113973 -11.326508
v -25.032923 0.119903 -10.348205
v -25.034166 0.125021 -9.369404
v -25.035107 0.129148 -8.390090
v -25.035690 0.132152 -7.410274
v -25.035908 0.133956 -6.429982
v -25.035772 0.134546 -5.449259
v -25.035311 0.133971 -4.468143
v -25.034595 0.132332 -3.486669
v -25.033701 0.129761 -2.504863
v -25.032701 0.126407 -1.522757
v -25.031668 0.122418 -0.540382
v -25.030619 0.117933 0.442220
v -25.029596 0.113080 1.424993
v -25.028564 0.107974 2.407876
v -25.027523 0.102710 3.390805
v -25.026463 0.097375 4.373720
v -25.025364 0.092034 5.356579
v -25.024220 0.086740 6.339346
v -25.023035 0.081531 7.322011
v -25.021805 0.076434 8.304559
v -25.020554 0.071467 9.286993
v -25.019289 0.066643 10.269319
v -25.018024 0.061972 11.251548
v -25.016771 0.057463 12.233678
v -25.015537 0.053124 13.215719
v -25.014343 0.048965 14.197673
v -25.013191 0.044997 15.179543
v -25.012087 0.041227 16.161337
v -25.011036 0.037665 17.143036
v -25.010061 0.034315 18.124668
v -25.009132 0.031182 19.106215
v -25.008276 0.028265 20.087675
v -25.007479 0.025565 21.069063
v -25.006748 0.023074 22.050364
v -25.006073 0.020789 23.031603
v -25.005463 0.018700 24.012764
v -24.025167 0.019133 24.992973
v -23.045517 0.021838 24.991932
v -22.065987 0.024976 24.990723
v -21.086575 0.028621 24.989307
v -20.107319 0.032857 24.987642
v -19.128229 0.037781 24.985685
v -18.149328 0.043506 24.983404
v -17.170649 0.050152 24.980713
v -16.192228 0.057855 24.977579
v -15.214080 0.066749 24.973927
v -14.236243 0.076967 24.969717
v -13.258740 0.088612 24.964897
v -12.281582 0.101742 24.959450
v -11.304771 0.116324 24.953434
v -10.328277 0.132194 24.946951
v -9.352037 0.149008 24.940176
v -8.375937 0.166213 24.933397
v -7.399817 0.183040 24.927000
v -6.423478 0.198554 24.921392
v -5.446682 0.211751 24.916985
v -4.469195 0.221695 24.914131
v -3.490822 0.227681 24.913038
v -2.511434 0.229346 24.913763
v -1.530998 0.226724 24.916182
v -0.549560 0.220210 24.920029
v 0.432767 0.210437 24.924982
v 1.415846 0.198118 24.930685
v 2.399540 0.183918 24.936813
v 3.383731 0.168400 24.943132
v 4.368298 0.152056 24.949438
v 5.353104 0.135370 24.955584
v 6.337990 0.118853 24.961420
v 7.322788 0.103007 24.966848
v 8.307348 0.088271 24.971766
v 9.291553 0.074954 24.976128
v 10.275335 0.063216 24.979925
v 11.258675 0.053081 24.983168
v 12.241586 0.044465 24.985912
v 13.224100 0.037227 24.988203
v 14.206266 0.031195 24.990120
v 15.188136 0.026192 24.991703
v 16.169752 0.022054 24.993010
v 17.151157 0.018633 24.994102
v 18.132393 0.015802 24.994995
v 19.113483 0.013456 24.995739
v 20.094467 0.011506 24.996363
v 21.075338 0.009880 24.996880
v 22.056143 0.008519 24.997311
v 23.036886 0.007376 24.997675
v 24.017567 0.006413 24.997984
v 24.998072 0.005961 24.017744
v 24.997959 0.006328 23.037243
v 24.997829 0.006692 22.056749
v 24.997702 0.007050 21.076258
v 24.997574 0.007397 20.095770
v 24.997446 0.007727 19.115295
v 24.997314 0.008037 18.134813
v 24.997196 0.008323 17.154366
v 24.997078 0.008583 16.173920
v 24.996962 0.008814 15.193493
v 24.996840 0.009018 14.213074
v 24.996723 0.009196 13.232674
v 24.996597 0.009351 12.252292
v 24.996469 0.009489 11.271927
v 24.996321 0.009618 10.291581
v 24.996162 0.009746 9.311258
v 24.995962 0.009889 8.330956
v 24.995728 0.010061 7.350675
v 24.995434 0.010280 6.370420
v 24.995066 0.010572 5.390199
v 24.994585 0.010965 4.410016
v 24.993982 0.011497 3.429876
v 24.993210 0.012210 2.449793
v 24.992214 0.013163 1.469773
v 24.990942 0.014419 0.489832
v 24.989332 0.016053 -0.490020
v 24.987293 0.018144 -1.469778
v 24.984783 0.020757 -2.449445
v 24.981775 0.023916 -3.429039
v 24.978327 0.027559 -4.408602
v 24.974636 0.031485 -5.388199
v 24.971018 0.035324 -6.367913
v 24.967962 0.038584 -7.347837
v 24.965891 0.040802 -8.328042
v 24.965010 0.041741 -9.308557
v 24.965260 0.041469 -10.289353
v 24.966362 0.040268 -11.270352
v 24.968004 0.038446 -12.251434
v 24.969984 0.036227 -13.232491
v 24.972168 0.033745 -14.213446
v 24.974470 0.031086 -15.194280
v 24.976837 0.028330 -16.174999
v 24.979208 0.025558 -17.155645
v 24.981520 0.022846 -18.136261
v 24.983744 0.020255 -19.116846
v 24.985815 0.017828 -20.097422
v 24.987719 0.015597 -21.077997
v 24.989452 0.013580 -22.058548
v 24.990976 0.011784 -23.039099
v 24.992315 0.010205 -24.019604
v 24.011686 0.010544 -25.000044
v 23.029591 0.012632 -24.999931
v 22.047102 0.015175 -24.999794
v 21.064157 0.018250 -24.999628
v 20.080706 0.021926 -24.999418
v 19.096708 0.026238 -24.999159
v 18.112223 0.031154 -24.998892
v 17.127371 0.036530 -24.998629
v 16.142427 0.042071 -24.998446
v 15.157826 0.047329 -24.998381
v 14.174054 0.051765 -24.998539
v 13.191569 0.054895 -24.998974
v 12.210613 0.056459 -24.999729
v 11.231163 0.056522 -25.000801
v 10.252899 0.055455 -25.002155
v 9.275381 0.053793 -25.003740
v 8.298151 0.052088 -25.005503
v 7.320833 0.050815 -25.007439
v 6.343166 0.050344 -25.009552
v 5.364981 0.050963 -25.011911
v 4.386166 0.052910 -25.014572
v 3.406668 0.056393 -25.017673
v 2.426455 0.061616 -25.021294
v 1.445505 0.068783 -25.025593
v 0.463815 0.078098 -25.030704
v -0.518612 0.089744 -25.036739
v -1.501757 0.103846 -25.043787
v -2.485573 0.120392 -25.051888
v -3.469960 0.139135 -25.060938
v -4.454743 0.159468 -25.070681
v -5.439650 0.180309 -25.080624
v -6.424306 0.200064 -25.090063
v -7.408259 0.216753 -25.098072
v -8.391056 0.228337 -25.103720
v -9.372344 0.233209 -25.106245
v -10.351965 0.230673 -25.105330
v -11.330003 0.221149 -25.101185
v -12.306768 0.206033 -25.094412
v -13.282667 0.187247 -25.085936
v -14.258146 0.166747 -25.076624
v -15.233571 0.146160 -25.067240
v -16.209200 0.126630 -25.058296
v -17.185211 0.108822 -25.050121
v -18.161673 0.093032 -25.042837
v -19.138622 0.079298 -25.036488
v -20.116026 0.067505 -25.031027
v -21.093853 0.057465 -25.026342
v -22.072058 0.048961 -25.022385
v -23.050573 0.041779 -25.019020
v -24.029381 0.035719 -25.016205
v -24.025822 0.021405 24.011738
v -24.026560 0.023915 23.030409
v -24.027365 0.026676 22.049002
v -24.028242 0.029700 21.067480
v -24.029203 0.032997 20.085873
v -24.030254 0.036574 19.104147
v -24.031385 0.040436 18.122332
v -24.032597 0.044583 17.140400
v -24.033901 0.049011 16.158365
v -24.035273 0.053714 15.176229
v -24.036705 0.058681 14.193978
v -24.038202 0.063902 13.211621
v -24.039743 0.069364 12.229144
v -24.041323 0.075057 11.246552
v -24.042906 0.080971 10.263833
v -24.044508 0.087100 9.280971
v -24.046083 0.093440 8.297949
v -24.047617 0.099979 7.314769
v -24.049103 0.106703 6.331410
v -24.050516 0.113584 5.347878
v -24.051865 0.120576 4.364196
v -24.053152 0.127611 3.380400
v -24.054405 0.134601 2.396565
v -24.055668 0.141434 1.412778
v -24.056965 0.147973 0.429141
v -24.058346 0.154066 -0.554249
v -24.059774 0.159539 -1.537312
v -24.061199 0.164201 -2.519996
v -24.062538 0.167846 -3.502273
v -24.063669 0.170256 -4.484122
v -24.064453 0.171232 -5.465518
v -24.064781 0.170611 -6.446417
v -24.064604 0.168310 -7.426760
v -24.063889 0.164338 -8.406467
v -24.062672 0.158801 -9.385479
v -24.061016 0.151893 -10.363756
v -24.059011 0.143870 -11.341320
v -24.056742 0.135031 -12.318245
v -24.054298 0.125689 -13.294668
v -24.051756 0.116144 -14.270758
v -24.049192 0.106654 -15.246696
v -24.046663 0.097414 -16.222631
v -24.044207 0.088558 -17.198679
v -24.041855 0.080167 -18.174942
v -24.039640 0.072277 -19.151442
v -24.037558 0.064901 -20.128220
v -24.035616 0.058043 -21.105272
v -24.033831 0.051700 -22.082600
v -24.032198 0.045870 -23.060207
v -24.030718 0.040547 -24.038074
v -23.046310 0.024562 24.010523
v -23.047173 0.027588 23.028999
v -23.048143 0.030936 22.047358
v -23.049212 0.034626 21.065592
v -23.050385 0.038671 20.083691
v -23.051670 0.043084 19.101645
v -23.053066 0.047872 18.119473
v -23.054567 0.053037 17.137161
v -23.056179 0.058577 16.154699
v -23.057890 0.064483 15.172103
v -23.059696 0.070744 14.189357
v -23.061583 0.077342 13.206463
v -23.063536 0.084264 12.223426
v -23.065525 0.091496 11.240232
v -23.067539 0.099030 10.256859
v -23.069567 0.106864 9.273297
v -23.071569 0.115000 8.289515
v -23.073513 0.123441 7.305488
v -23.075367 0.132177 6.321190
v -23.077118 0.141182 5.336614
v -23.078743 0.150404 4.351778
v -23.080282 0.159756 3.366742
v -23.081766 0.169115 2.381608
v -23.083271 0.178324 1.396519
v -23.084881 0.187192 0.411648
v -23.086662 0.195505 -0.572844
v -23.088642 0.203029 -1.556834
v -23.090727 0.209511 -2.540266
v -23.092758 0.214670 -3.523133
v -23.094551 0.218198 -4.505449
v -23.095867 0.219788 -5.487213
v -23.096527 0.219182 -6.468379
v -23.096428 0.216236 -7.448842
v -23.095547 0.210950 -8.428468
v -23.093954 0.203470 -9.407126
v -23.091738 0.194070 -10.384722
v -23.089043 0.183120 -11.361247
v -23.085989 0.171057 -12.336813
v -23.082708 0.158352 -13.311636
v -23.079319 0.145453 -14.285995
v -23.075914 0.132743 -15.260187
v -23.072588 0.120501 -16.234463
v -23.069380 0.108896 -17.208982
v -23.066338 0.098009 -18.183853
v -23.063484 0.087860 -19.159130
v -23.060823 0.078440 -20.134817
v -23.058359 0.069734 -21.110907
v -23.056114 0.061728 -22.087391
v -23.054068 0.054408 -23.064255
v -23.052225 0.047763 -24.041460
v -22.066921 0.028251 24.009100
v -22.067970 0.031914 23.027323
v -22.069141 0.035993 22.045393
v -22.070435 0.040516 21.063297
v -22.071867 0.045505 20.081036
v -22.073444 0.050979 19.098579
v -22.075169 0.056951 18.115944
v -22.077053 0.063427 17.133121
v -22.079060 0.070406 16.150105
v -22.081217 0.077878 15.166906
v -22.083492 0.085827 14.183510
v -22.085882 0.094231 13.199918
v -22.088364 0.103066 12.216133
v -22.090908 0.112317 11.232136
v -22.093494 0.121975 10.247911
v -22.096083 0.132046 9.263427
v -22.098639 0.142549 8.278630
v -22.101116 0.153507 7.293476
v -22.103453 0.164931 6.307908
v -22.105606 0.176804 5.321892
v -22.107576 0.189068 4.335437
v -22.109358 0.201611 3.348616
v -22.111036 0.214257 2.361584
v -22.112743 0.226773 1.374584
v -22.114670 0.238877 0.387912
v -22.116949 0.250258 -0.598139
v -22.119665 0.260597 -1.583370
v -22.122711 0.269573 -2.567722
v -22.125854 0.276827 -3.551263
v -22.128710 0.281938 -4.534108
v -22.130903 0.284445 -5.516326
v -22.132113 0.283933 -6.497880
v -22.132187 0.280153 -7.478606
v -22.131109 0.273085 -8.458257
v -22.128984 0.262931 -9.436563
v -22.125994 0.250069 -10.413284
v -22.122335 0.235015 -11.388362
v -22.118195 0.218406 -12.361937
v -22.113747 0.200949 -13.334389
v -22.109177 0.183346 -14.306196
v -22.104639 0.166179 -15.277850
v -22.100229 0.149850 -16.249743
v -22.096020 0.134566 -17.222120
v -22.092060 0.120387 -18.195110
v -22.088367 0.107289 -19.168745
v -22.084951 0.095217 -20.143002
v -22.081816 0.084122 -21.117840
v -22.078968 0.073970 -22.093241
v -22.076395 0.064738 -23.069138
v -22.074095 0.056410 -24.045530
v -21.087696 0.032571 24.007412
v -21.088951 0.037022 23.025324
v -21.090368 0.042013 22.043032
v -21.091955 0.047584 21.060516
v -21.093716 0.053770 20.077774
v -21.095673 0.060600 19.094791
v -21.097818 0.068098 18.111553
v -21.100159 0.076274 17.128069
v -21.102701 0.085132 16.144318
v -21.105431 0.094660 15.160316
v -21.108324 0.104836 14.176045
v -21.111378 0.115627 13.191519
v -21.114557 0.126996 12.206729
v -21.117832 0.138917 11.221667
v -21.121149 0.151380 10.236303
v -21.124504 0.164403 9.250593
v -21.127802 0.178036 8.264459
v -21.130978 0.192342 7.277795
v -21.133966 0.207377 6.290502
v -21.136654 0.223151 5.302497
v -21.138994 0.239606 4.313744
v -21.140984 0.256591 3.324328
v -21.142729 0.273857 2.334475
v -21.144493 0.291039 1.344591
v -21.146614 0.307686 0.355222
v -21.149439 0.323308 -0.633077
v -21.153166 0.337457 -1.619938
v -21.157673 0.349751 -2.605317
v -21.162554 0.359799 -3.589475
v -21.167166 0.367073 -4.572781
v -21.170799 0.370893 -5.555485
v -21.172918 0.370583 -6.537595
v -21.173286 0.365719 -7.518856
v -21.171932 0.356252 -8.498814
v -21.169071 0.342460 -9.476888
v -21.165005 0.324834 -10.452580
v -21.160019 0.304048 -11.425639
v -21.154356 0.280997 -12.396276
v -21.148314 0.256775 -13.365130
v -21.142113 0.232512 -14.333082
v -21.135998 0.209136 -15.300993
v -21.130114 0.187231 -16.269470
v -21.124556 0.167032 -17.238882
v -21.119377 0.148526 -18.209332
v -21.114584 0.131586 -19.180786
v -21.110170 0.116071 -20.153172
v -21.106159 0.101879 -21.126385
v -21.102526 0.088950 -22.100370
v -21.099279 0.077254 -23.075047
v -21.096394 0.066771 -24.050394
v -20.108652 0.037639 24.005411
v -20.110176 0.043066 23.022930
v -20.111897 0.049199 22.040176
v -20.113838 0.056096 21.057125
v -20.116020 0.063808 20.073769
v -20.118441 0.072383 19.090080
v -20.121128 0.081858 18.106066
v -20.124075 0.092256 17.121689
v -20.127296 0.103588 16.136963
v -20.130774 0.115841 15.151872
v -20.134485 0.128984 14.166427
v -20.138414 0.142969 13.180627
v -20.142506 0.157732 12.194477
v -20.146746 0.173222 11.207968
v -20.151083 0.189420 10.221069
v -20.155422 0.206358 9.233722
v -20.159721 0.224141 8.245798
v -20.163879 0.242912 7.257135
v -20.167740 0.262815 6.267516
v -20.171131 0.283927 5.276756
v -20.173908 0.306202 4.284743
v -20.176016 0.329447 3.291520
v -20.177568 0.353292 2.297402
v -20.178995 0.377165 1.303058
v -20.180979 0.400285 0.309511
v -20.184246 0.421788 -0.682115
v -20.189306 0.440967 -1.671061
v -20.196049 0.457433 -2.657329
v -20.203745 0.470938 -3.641646
v -20.211210 0.480967 -4.624990
v -20.217176 0.486547 -5.608046
v -20.220747 0.486549 -6.590928
v -20.221556 0.480251 -7.573227
v -20.219774 0.467592 -8.554092
v -20.215881 0.448975 -9.532415
v -20.210354 0.424955 -10.507050
v -20.203575 0.396258 -11.477345
v -20.195850 0.364075 -12.443555
v -20.187571 0.330144 -13.406864
v -20.179102 0.296380 -14.368932
v -20.170805 0.264325 -15.331271
v -20.162907 0.234836 -16.294891
v -20.155537 0.208116 -17.260202
v -20.148727 0.183964 -18.227247
v -20.142477 0.162043 -19.195847
v -20.136766 0.142064 -20.165789
v -20.131594 0.123846 -21.136917
v -20.126949 0.107308 -22.109072
v -20.122824 0.092422 -23.082186
v -20.119186 0.079168 -24.056192
v -19.129827 0.043587 24.003044
v -19.131672 0.050232 23.020058
v -19.133764 0.057802 22.036716
v -19.136160 0.066382 21.052973
v -19.138849 0.076053 20.068811
v -19.141872 0.086885 19.084204
v -19.145254 0.098941 18.099140
v -19.148996 0.112264 17.113575
v -19.153107 0.126878 16.127518
v -19.157570 0.142777 15.140957
v -19.162367 0.159921 14.153896
v -19.167452 0.178230 13.166343
v -19.172792 0.197598 12.178307
v -19.178314 0.217919 11.189794
v -19.183954 0.239135 10.200801
v -19.189667 0.261293 9.211250
v -19.195349 0.284579 8.220963
v -19.200853 0.309296 7.229640
v -19.205963 0.335769 6.236911
v -19.210367 0.364212 5.242378
v -19.213707 0.394622 4.245755
v -19.215763 0.426745 3.246963
v -19.216595 0.460066 2.246354
v -19.216875 0.493690 1.244973
v -19.217876 0.526225 0.244722
v -19.221165 0.555950 -0.752023
v -19.227900 0.581521 -1.743536
v -19.238075 0.602641 -2.729883
v -19.250322 0.619753 -3.712930
v -19.262440 0.632809 -4.695089
v -19.272154 0.640486 -5.677952
v -19.277918 0.640809 -6.661846
v -19.279264 0.632524 -7.646068
v -19.276764 0.615702 -8.629132
v -19.271421 0.591010 -9.608880
v -19.264023 0.558832 -10.582868
v -19.254955 0.519504 -11.549438
v -19.244476 0.474423 -12.508868
v -19.233082 0.426471 -13.463473
v -19.221416 0.379090 -14.416465
v -19.210093 0.334947 -15.370573
v -19.199471 0.295263 -16.327312
v -19.189671 0.260032 -17.287106
v -19.180696 0.228617 -18.249704
v -19.172522 0.200294 -19.214634
v -19.165081 0.174533 -20.181467
v -19.158388 0.151064 -21.149885
v -19.152414 0.129810 -22.119698
v -19.147150 0.110774 -23.090780
v -19.142565 0.093955 -24.063074
v -18.151257 0.050576 24.000225
v -18.153492 0.058741 23.016611
v -18.156061 0.068127 22.032511
v -18.159006 0.078857 21.047865
v -18.162354 0.091052 20.062647
v -18.166143 0.104823 19.076817
v -18.170425 0.120269 18.090330
v -18.175196 0.137469 17.103167
v -18.180470 0.156475 16.115301
v -18.186241 0.177299 15.126714
v -18.192480 0.199892 14.137407
v -18.199129 0.224137 13.147390
v -18.206121 0.249846 12.156688
v -18.213358 0.276804 11.165362
v -18.220787 0.304848 10.173450
v -18.228325 0.333997 9.180891
v -18.235895 0.364563 8.187462
v -18.243330 0.397144 7.192673
v -18.250298 0.432445 6.195836
v -18.256241 0.470959 5.196216
v -18.260460 0.512748 4.193189
v -18.262283 0.557449 3.186403
v -18.261532 0.604382 2.176050
v -18.259081 0.652328 1.163515
v -18.257284 0.698864 0.152189
v -18.259401 0.740306 -0.852824
v -18.268097 0.773516 -1.847325
v -18.283579 0.798388 -2.831385
v -18.303225 0.817546 -3.809610
v -18.322819 0.832774 -4.787688
v -18.338329 0.842403 -5.769027
v -18.347155 0.842706 -6.754146
v -18.348873 0.831457 -7.741775
v -18.345016 0.809345 -8.729470
v -18.337713 0.777749 -9.713264
v -18.328220 0.736188 -10.687989
v -18.316525 0.683261 -11.649693
v -18.302475 0.620129 -12.598605
v -18.286777 0.551899 -13.539443
v -18.270643 0.485115 -14.478534
v -18.255154 0.424427 -15.420697
v -18.240843 0.371409 -16.368050
v -18.227825 0.325393 -17.320671
v -18.216003 0.284852 -18.277670
v -18.205271 0.248386 -19.238010
v -18.195560 0.215142 -20.200874
v -18.186853 0.184794 -21.165817
v -18.179136 0.157346 -22.132597
v -18.172396 0.132893 -23.101095
v -18.166609 0.111479 -24.071203
v -17.172981 0.058786 23.996881
v -17.175690 0.068856 23.012463
v -17.178848 0.080542 22.027380
v -17.182484 0.094031 21.041553
v -17.186676 0.109500 20.054930
v -17.191463 0.127122 19.067461
v -17.196894 0.147052 18.079065
v -17.203016 0.169427 17.089701
v -17.209839 0.194351 16.099340
v -17.217365 0.221877 15.107943
v -17.225542 0.251970 14.115484
v -17.234299 0.284470 13.121955
v -17.243517 0.319061 12.127425
v -17.253080 0.355308 11.132018
v -17.262878 0.392787 10.135910
v -17.272877 0.431361 9.139189
v -17.283022 0.471482 8.141604
v -17.293213 0.514296 7.142395
v -17.302992 0.561297 6.140311
v -17.311487 0.613574 5.133997
v -17.317316 0.671199 4.122344
v -17.318928 0.733386 3.104585
v -17.315361 0.799256 2.080325
v -17.307516 0.867703 1.050689
v -17.299335 0.935177 0.021010
v -17.297567 0.993794 -0.997977
v -17.308195 1.035286 -1.995733
v -17.331932 1.059454 -2.971873
v -17.363335 1.074901 -3.937579
v -17.394482 1.088789 -4.905810
v -17.418451 1.099149 -5.883083
v -17.431095 1.098387 -6.869566
v -17.432297 1.082374 -7.862864
v -17.425749 1.053811 -8.859363
v -17.415997 1.015943 -9.852209
v -17.404856 0.965750 -10.830888
v -17.390844 0.896795 -11.786492
v -17.372475 0.808884 -12.719067
v -17.350855 0.711742 -13.638430
v -17.328527 0.618075 -14.556957
v -17.307449 0.535738 -15.482677
v -17.288305 0.466212 -16.418009
v -17.271082 0.407212 -17.361912
v -17.255529 0.355568 -18.312187
v -17.241423 0.308865 -19.266909
v -17.228687 0.265914 -20.224831
v -17.217319 0.226496 -21.185329
v -17.207314 0.190868 -22.148203
v -17.198681 0.159338 -23.113348
v -17.191341 0.132029 -24.080709
v -16.195040 0.068422 23.992926
v -16.198345 0.080881 23.007469
v -16.202221 0.095497 22.021114
v -16.206743 0.112543 21.033735
v -16.212002 0.132287 20.045248
v -16.218063 0.154988 19.055527
v -16.225012 0.180889 18.064510
v -16.232901 0.210215 17.072121
v -16.241779 0.243163 16.078295
v -16.251665 0.279871 15.082956
v -16.262501 0.320367 14.086032
v -16.274143 0.364475 13.087481
v -16.286423 0.411707 12.087341
v -16.299116 0.461233 11.085868
v -16.312061 0.512044 10.083545
v -16.325272 0.563457 9.080863
v -16.338902 0.615930 8.077815
v -16.352974 0.671580 7.073234
v -16.367083 0.733615 6.064813
v -16.379904 0.804460 5.050012
v -16.388971 0.883864 4.027215
v -16.391056 0.969284 2.995619
v -16.383415 1.058990 1.953868
v -16.366186 1.153647 0.900839
v -16.345495 1.250586 -0.157471
v -16.334440 1.334538 -1.200184
v -16.346336 1.383607 -2.201290
v -16.382618 1.395548 -3.158201
v -16.431704 1.393755 -4.097328
v -16.479235 1.398396 -5.046388
v -16.514343 1.406806 -6.016003
v -16.530895 1.403093 -7.004055
v -16.529455 1.379533 -8.006056
v -16.517757 1.343778 -9.017522
v -16.505154 1.303111 -10.027343
v -16.494335 1.248688 -11.015341
v -16.479736 1.162965 -11.963435
v -16.456558 1.042562 -12.871601
v -16.427135 0.906463 -13.759643
v -16.396713 0.778392 -14.650316
v -16.368513 0.670353 -15.555689
v -16.343300 0.582347 -16.477293
v -16.320730 0.508903 -17.411644
v -16.300322 0.444275 -18.354450
v -16.281778 0.384796 -19.302547
v -16.265017 0.329175 -20.254272
v -16.250114 0.277710 -21.209055
v -16.237129 0.231263 -22.166855
v -16.226065 0.190525 -23.127726
v -16.216820 0.155723 -24.091606
v -15.217474 0.079706 23.988241
v -15.221513 0.095167 23.001476
v -15.226301 0.113524 22.013458
v -15.231946 0.135181 21.024021
v -15.238570 0.160544 20.032984
v -15.246284 0.190000 19.040197
v -15.255207 0.223919 18.045553
v -15.265446 0.262652 17.048927
v -15.277086 0.306534 16.050240
v -15.290164 0.355871 15.049356
v -15.304622 0.410848 14.046115
v -15.320276 0.471375 13.040329
v -15.336791 0.536813 12.031944
v -15.353752 0.605727 11.021276
v -15.370862 0.675893 10.009360
v -15.388205 0.745124 8.997800
v -15.406291 0.813172 7.987576
v -15.425734 0.883693 6.977193
v -15.446390 0.963672 5.962099
v -15.466477 1.058816 4.937193
v -15.481866 1.167668 3.900608
v -15.486387 1.281451 2.853912
v -15.474059 1.394114 1.796115
v -15.443121 1.511713 0.719859
v -15.401815 1.640682 -0.374677
v -15.373265 1.757668 -1.453244
v -15.384531 1.810987 -2.457599
v -15.438086 1.790534 -3.378385
v -15.510283 1.750433 -4.272729
v -15.577469 1.734836 -5.192824
v -15.624957 1.738219 -6.152070
v -15.644414 1.729909 -7.142467
v -15.637092 1.696490 -8.156576
v -15.616609 1.654591 -9.190116
v -15.600521 1.617287 -10.225448
v -15.593397 1.565076 -11.227275
v -15.581593 1.463725 -12.165670
v -15.554087 1.305727 -13.041997
v -15.515825 1.124977 -13.891618
v -15.476268 0.960391 -14.751213
v -15.439959 0.827334 -15.636125
v -15.407484 0.722057 -16.545025
v -15.378213 0.634286 -17.470581
v -15.351512 0.555037 -18.405764
v -15.327099 0.479575 -19.346201
v -15.305017 0.407256 -20.290154
v -15.285474 0.339730 -21.237535
v -15.268647 0.279038 -22.188787
v -15.254527 0.226481 -23.144215
v -15.242932 0.182354 -24.103809
v -14.240349 0.092869 23.982737
v -14.245293 0.112100 22.994297
v -14.251213 0.135245 22.004126
v -14.258281 0.162913 21.011923
v -14.266661 0.195718 20.017422
v -14.276528 0.234247 19.020386
v -14.288055 0.279043 18.020617
v -14.301418 0.330619 17.017998
v -14.316768 0.389496 16.012411
v -14.334196 0.456228 15.003665
v -14.353682 0.531320 13.991503
v -14.374950 0.614986 12.975467
v -14.397434 0.706645 11.955096
v -14.420295 0.804161 10.930496
v -14.442849 0.903164 9.903394
v -14.465192 0.997798 8.877870
v -14.488664 1.084759 7.858215
v -14.515125 1.169468 6.843415
v -14.545306 1.267011 5.824167
v -14.576982 1.391440 4.789043
v -14.603441 1.538745 3.736138
v -14.613719 1.682391 2.676581
v -14.597368 1.801473 1.616608
v -14.550952 1.913652 0.537389
v -14.484793 2.051122 -0.579999
v -14.432856 2.190756 -1.693138
v -14.440164 2.238775 -2.698678
v -14.510538 2.170032 -3.574558
v -14.604063 2.079915 -4.419060
v -14.687989 2.039502 -5.310589
v -14.745684 2.037391 -6.261507
v -14.766676 2.025677 -7.256107
v -14.751472 1.984596 -8.284717
v -14.718766 1.940817 -9.344517
v -14.696629 1.910697 -10.407457
v -14.694397 1.860299 -11.418898
v -14.688432 1.744396 -12.344120
v -14.659581 1.555663 -13.190914
v -14.615213 1.341529 -14.009094
v -14.568085 1.152352 -14.846162
v -14.523582 1.003776 -15.718131
v -14.482575 0.887166 -16.619686
v -14.444835 0.787196 -17.539345
v -14.409976 0.691807 -18.467464
v -14.377887 0.596114 -19.399010
v -14.348847 0.501651 -20.333086
v -14.323339 0.412866 -21.270884
v -14.301693 0.333785 -22.213781
v -14.283858 0.266492 -23.162491
v -14.269506 0.211164 -24.116964
v -13.263702 0.108126 23.976318
v -13.269754 0.132081 22.985765
v -13.277107 0.161355 21.992767
v -13.285985 0.196889 20.996872
v -13.296640 0.239637 19.997623
v -13.309332 0.290497 18.994591
v -13.324320 0.350255 17.987495
v -13.341868 0.419598 16.976208
v -13.362230 0.499213 15.960631
v -13.385617 0.589934 14.940675
v -13.412071 0.692730 13.916007
v -13.441253 0.808412 12.885869
v -13.472222 0.936907 11.848987
v -13.503359 1.075777 10.804270
v -13.532952 1.217686 9.753499
v -13.560821 1.349223 8.705242
v -13.589921 1.457843 7.672883
v -13.624864 1.548828 6.659744
v -13.667908 1.653256 5.646817
v -13.716196 1.804623 4.607377
v -13.758815 1.996046 3.537959
v -13.777503 2.162622 2.472613
v -13.758568 2.251113 1.439363
v -13.701528 2.302362 0.401812
v -13.620383 2.388614 -0.689045
v -13.553763 2.499154 -1.795604
v -13.553694 2.521984 -2.793749
v -13.625448 2.421130 -3.650766
v -13.723203 2.304299 -4.477798
v -13.811678 2.250654 -5.361090
v -13.873876 2.246365 -6.312023
v -13.896771 2.236183 -7.312657
v -13.876838 2.195439 -8.353759
v -13.832003 2.152723 -9.433535
v -13.798314 2.123167 -10.513398
v -13.794348 2.064219 -11.522600
v -13.793211 1.936852 -12.434827
v -13.769175 1.743136 -13.271539
v -13.726034 1.529680 -14.085114
v -13.674823 1.343189 -14.921916
v -13.621559 1.196384 -15.796078
v -13.569613 1.078001 -16.699642
v -13.520872 0.969384 -17.618130
v -13.475596 0.856108 -18.540104
v -13.433762 0.734650 -19.461096
v -13.395969 0.611223 -20.382582
v -13.363111 0.495163 -21.308218
v -13.335692 0.393370 -22.240864
v -13.313576 0.308649 -23.181677
v -13.296165 0.240627 -24.130365
v -12.287576 0.125642 23.968945
v -12.294988 0.155474 22.975718
v -12.304115 0.192572 21.979082
v -12.315317 0.238419 20.978262
v -12.328944 0.294549 19.972433
v -12.345384 0.362399 18.960867
v -12.365023 0.443125 17.943066
v -12.388235 0.537525 16.918917
v -12.415427 0.646232 15.888590
v -12.446967 0.770147 14.852361
v -12.483060 0.910607 13.810228
v -12.523319 1.068948 12.761620
v -12.566241 1.245751 11.704473
v -12.608837 1.439217 10.634871
v -12.647161 1.639561 9.551614
v -12.679737 1.821377 8.468458
v -12.712959 1.951510 7.419009
v -12.757154 2.027625 6.422391
v -12.815771 2.107736 5.441679
v -12.883572 2.261615 4.419227
v -12.943253 2.481647 3.345657
v -12.968905 2.650007 2.288095
v -12.949790 2.674402 1.307391
v -12.893806 2.627177 0.347212
v -12.818818 2.613389 -0.666398
v -12.758024 2.638379 -1.710664
v -12.749667 2.617057 -2.689750
v -12.799700 2.516562 -3.571248
v -12.877069 2.410255 -4.429811
v -12.954605 2.359878 -5.332640
v -13.016398 2.357245 -6.292979
v -13.045641 2.354178 -7.298986
v -13.029378 2.320015 -8.343886
v -12.976907 2.270185 -9.424289
v -12.927182 2.222031 -10.501248
v -12.910459 2.148652 -11.506109
v -12.908782 2.025293 -12.420153
v -12.893641 1.860678 -13.274271
v -12.856915 1.685678 -14.113616
v -12.801331 1.528966 -14.973944
v -12.734461 1.399410 -15.866277
v -12.666532 1.288010 -16.781940
v -12.603543 1.174535 -17.704483
v -12.545794 1.041581 -18.621166
v -12.492489 0.888403 -19.529594
v -12.444484 0.729201 -20.435654
v -12.403256 0.580632 -21.346842
v -12.369509 0.453042 -22.267891
v -12.342886 0.349474 -23.200169
v -12.322364 0.268325 -24.142897
v -11.311989 0.145473 23.960609
v -11.321055 0.182526 22.964106
v -11.332415 0.229524 21.962830
v -11.346571 0.288842 20.955486
v -11.364093 0.363052 19.940609
v -11.385572 0.454623 18.916761
v -11.411557 0.565393 17.883005
v -11.442594 0.696090 16.839270
v -11.479174 0.846500 15.786538
v -11.521878 1.016653 14.726202
v -11.571135 1.207549 13.659545
v -11.626436 1.419527 12.588041
v -11.685177 1.651019 11.511474
v -11.742136 1.900213 10.422617
v -11.789616 2.157827 9.310986
v -11.822937 2.386415 8.189949
v -11.855653 2.525703 7.123493
v -11.909172 2.555136 6.165903
v -11.984164 2.565211 5.253662
v -12.069080 2.671604 4.284726
v -12.139153 2.866607 3.242570
v -12.166979 3.004137 2.213341
v -12.151970 2.976980 1.276429
v -12.108767 2.860760 0.377847
v -12.055479 2.763973 -0.558484
v -12.013023 2.707196 -1.530769
v -11.998787 2.643828 -2.488596
v -12.018589 2.550395 -3.406739
v -12.062791 2.461683 -4.314854
v -12.120447 2.416983 -5.249949
v -12.182049 2.417717 -6.224117
v -12.226736 2.427063 -7.232954
v -12.223351 2.400097 -8.272376
v -12.165425 2.328345 -9.337610
v -12.096949 2.241786 -10.399410
v -12.061614 2.152570 -11.407372
v -12.054502 2.051732 -12.343493
v -12.047135 1.939608 -13.232725
v -12.014778 1.821635 -14.111073
v -11.946375 1.703189 -15.005151
v -11.854792 1.593474 -15.923803
v -11.763944 1.492603 -16.858080
v -11.684552 1.377923 -17.788715
v -11.613981 1.225427 -18.701057
v -11.549017 1.037678 -19.595850
v -11.490659 0.839960 -20.485283
v -11.441166 0.657917 -21.381617
v -11.401402 0.505103 -22.291334
v -11.370652 0.383985 -23.215694
v -11.347394 0.291118 -24.153137
v -10.336926 0.167486 23.951429
v -10.347977 0.213233 22.950996
v -10.362076 0.272537 21.943979
v -10.380007 0.349228 20.928205
v -10.402653 0.447748 19.901031
v -10.430964 0.572665 18.859602
v -10.465835 0.727423 17.801710
v -10.507918 0.912432 16.727362
v -10.557635 1.124208 15.639759
v -10.615472 1.358658 14.543538
v -10.682115 1.614969 13.442559
v -10.756506 1.888985 12.343910
v -10.833032 2.165449 11.258451
v -10.902805 2.435054 10.180387
v -10.955495 2.697551 9.081369
v -10.983360 2.914646 7.961960
v -11.009855 3.019302 6.904445
v -11.070688 2.985948 5.995155
v -11.160026 2.918462 5.153919
v -11.257793 2.952093 4.251852
v -11.331771 3.074430 3.269796
v -11.357367 3.156775 2.282417
v -11.346902 3.114079 1.359691
v -11.320769 2.991261 0.477793
v -11.294725 2.871532 -0.418055
v -11.275092 2.782340 -1.345211
v -11.260451 2.700021 -2.289726
v -11.255219 2.608166 -3.234826
v -11.265944 2.522114 -4.183048
v -11.299911 2.471546 -5.147825
v -11.361268 2.472266 -6.136460
v -11.428559 2.497846 -7.147862
v -11.444320 2.478964 -8.180140
v -11.378943 2.378300 -9.231544
v -11.289767 2.248150 -10.285266
v -11.237442 2.141850 -11.305173
v -11.222573 2.062345 -12.267984
v -11.215691 1.997204 -13.187464
v -11.178210 1.926250 -14.095317
v -11.084894 1.832785 -15.015755
v -10.959414 1.733317 -15.957336
v -10.843619 1.641830 -16.910042
v -10.749949 1.529953 -17.850229
v -10.669467 1.363501 -18.760296
v -10.595495 1.147805 -19.644215
v -10.529150 0.919247 -20.520412
v -10.473442 0.711455 -21.405399
v -10.429311 0.540095 -22.306862
v -10.395668 0.406587 -23.225691
v -10.370549 0.305731 -24.159559
v -9.362319 0.191275 23.941645
v -9.375696 0.247169 22.936712
v -9.393123 0.321320 21.922874
v -9.415773 0.419809 20.896662
v -9.445107 0.550312 19.853415
v -9.482753 0.721631 18.787415
v -9.530262 0.941371 17.693331
v -9.588470 1.209960 16.570450
v -9.656766 1.513887 15.428007
v -9.734064 1.833207 14.281171
v -9.821067 2.163192 13.137458
v -9.916103 2.496454 12.009700
v -10.006227 2.780673 10.938035
v -10.077296 2.984901 9.928700
v -10.125533 3.149618 8.917018
v -10.147780 3.264628 7.877069
v -10.168587 3.278931 6.879997
v -10.228266 3.196509 5.998978
v -10.324147 3.104550 5.174239
v -10.432510 3.101716 4.303282
v -10.512267 3.164416 3.367244
v -10.535142 3.193207 2.414666
v -10.523459 3.140584 1.494981
v -10.508390 3.035574 0.608395
v -10.506363 2.933905 -0.275154
v -10.511378 2.856754 -1.181375
v -10.503992 2.782610 -2.119320
v -10.483117 2.694195 -3.080549
v -10.463966 2.598890 -4.055866
v -10.468898 2.528113 -5.045268
v -10.518877 2.516422 -6.050499
v -10.597561 2.548549 -7.069621
v -10.627735 2.534583 -8.101541
v -10.559693 2.413709 -9.150085
v -10.462193 2.256651 -10.209985
v -10.405066 2.140975 -11.249297
v -10.378599 2.065466 -12.229673
v -10.348933 2.006942 -13.156083
v -10.284144 1.942823 -14.069052
v -10.162534 1.853825 -14.998441
v -10.014114 1.759995 -15.951824
v -9.885224 1.677688 -16.916042
v -9.785379 1.572526 -17.863810
v -9.701166 1.404731 -18.775780
v -9.623968 1.181038 -19.657398
v -9.554855 0.942815 -20.529913
v -9.497069 0.726986 -21.411633
v -9.451534 0.549987 -22.310780
v -9.416984 0.412828 -23.228096
v -9.391289 0.309686 -24.161037
v -8.388030 0.216075 23.931692
v -8.404053 0.283312 22.921877
v -8.425369 0.374581 21.900425
v -8.453773 0.499159 20.862108
v -8.491605 0.669778 19.799299
v -8.541773 0.902924 18.701336
v -8.607273 1.215812 17.556044
v -8.689320 1.612035 16.358751
v -8.783481 2.051944 15.132915
v -8.881308 2.461848 13.927969
v -8.982904 2.830168 12.757034
v -9.090128 3.178688 11.616913
v -9.180881 3.406825 10.589645
v -9.237233 3.455381 9.703093
v -9.272343 3.447911 8.829108
v -9.293494 3.427202 7.906334
v -9.314749 3.351767 6.986112
v -9.366150 3.239098 6.115127
v -9.456659 3.157012 5.266621
v -9.569354 3.157146 4.387498
v -9.659242 3.202043 3.465826
v -9.687400 3.204058 2.530614
v -9.671765 3.133605 1.614871
v -9.653039 3.025523 0.725709
v -9.657125 2.932049 -0.153383
v -9.678487 2.873323 -1.047212
v -9.686543 2.822483 -1.974803
v -9.665357 2.748126 -2.937855
v -9.624433 2.644792 -3.929155
v -9.594831 2.547722 -4.942316
v -9.613657 2.509434 -5.970362
v -9.673582 2.524993 -7.006506
v -9.699862 2.503695 -8.048617
v -9.642928 2.382428 -9.103802
v -9.563266 2.228598 -10.174650
v -9.515355 2.113624 -11.228624
v -9.467866 2.018966 -12.209771
v -9.387652 1.919240 -13.120787
v -9.277518 1.821580 -14.020481
v -9.141285 1.728201 -14.946111
v -8.999296 1.647013 -15.900896
v -8.878954 1.576388 -16.867531
v -8.784459 1.481349 -17.819157
v -8.704322 1.327736 -18.737953
v -8.631186 1.122099 -19.628466
v -8.565805 0.901351 -20.509525
v -8.510959 0.699326 -21.397968
v -8.467485 0.532009 -22.301832
v -8.434288 0.401239 -23.222271
v -8.409459 0.302199 -24.157206
v -7.413826 0.240735 23.922159
v -7.432722 0.319938 22.907434
v -7.458385 0.429735 21.878160
v -7.493444 0.583418 20.827124
v -7.541544 0.800455 19.743078
v -7.607597 1.108563 18.608887
v -7.697295 1.541449 17.401701
v -7.812622 2.111469 16.107918
v -7.938631 2.723216 14.777534
v -8.046893 3.175183 13.539851
v -8.140225 3.460891 12.414089
v -8.235321 3.706770 11.328836
v -8.312438 3.821276 10.370187
v -8.354170 3.727223 9.585398
v -8.380494 3.582478 8.815744
v -8.403639 3.462330 7.979934
v -8.428622 3.335905 7.111240
v -8.471754 3.209658 6.243267
v -8.547841 3.133986 5.369899
v -8.652665 3.141031 4.470551
v -8.749131 3.190517 3.543640
v -8.789585 3.192061 2.611557
v -8.771316 3.103341 1.699075
v -8.732872 2.961883 0.811369
v -8.714189 2.836036 -0.065284
v -8.726941 2.764060 -0.950518
v -8.749696 2.729491 -1.860551
v -8.748842 2.683532 -2.807406
v -8.704638 2.589385 -3.801677
v -8.644911 2.476501 -4.837613
v -8.623662 2.412529 -5.892844
v -8.646298 2.402239 -6.951052
v -8.655748 2.367981 -8.007081
v -8.613118 2.255460 -9.066304
v -8.553969 2.111223 -10.132229
v -8.503967 1.984350 -11.174498
v -8.426978 1.854495 -12.141333
v -8.307578 1.712627 -13.042150
v -8.174972 1.589133 -13.937449
v -8.047194 1.497490 -14.861660
v -7.931216 1.431131 -15.814404
v -7.833682 1.371998 -16.778366
v -7.753761 1.289797 -17.731592
v -7.684411 1.161279 -18.660355
v -7.621194 0.991642 -19.567137
v -7.564610 0.807705 -20.465288
v -7.516637 0.635833 -21.367857
v -7.478022 0.490228 -22.281914
v -7.448061 0.374054 -23.209230
v -7.425324 0.284511 -24.148666
v -6.439394 0.263782 23.913712
v -6.461217 0.354686 22.894516
v -6.491432 0.482937 21.858059
v -6.533648 0.666162 20.795265
v -6.593136 0.931139 19.691614
v -6.677386 1.317685 18.524284
v -6.795499 1.876525 17.261726
v -6.949531 2.623455 15.886263
v -7.105657 3.375761 14.487072
v -7.207918 3.782862 13.276848
v -7.272116 3.887892 12.262213
v -7.334640 3.933564 11.299121
v -7.392482 3.920861 10.408717
v -7.431967 3.783870 9.633211
v -7.461609 3.605158 8.875019
v -7.489074 3.444919 8.066475
v -7.514766 3.292719 7.217870
v -7.545729 3.151691 6.349306
v -7.597598 3.060788 5.461474
v -7.678452 3.051342 4.547370
v -7.765712 3.092816 3.611923
v -7.810444 3.093101 2.677092
v -7.787023 2.986035 1.764881
v -7.722310 2.801056 0.876737
v -7.665521 2.621822 -0.002814
v -7.646551 2.506947 -0.888857
v -7.661937 2.458896 -1.790604
v -7.677286 2.431120 -2.722418
v -7.648837 2.364585 -3.709043
v -7.585600 2.266627 -4.752027
v -7.542840 2.200149 -5.820590
v -7.536372 2.175558 -6.889634
v -7.528589 2.132279 -7.948409
v -7.488532 2.023928 -8.995940
v -7.428390 1.875925 -10.032506
v -7.359205 1.725509 -11.040592
v -7.266547 1.575402 -11.996371
v -7.151017 1.431821 -12.911758
v -7.034985 1.316029 -13.824634
v -6.932287 1.235559 -14.757834
v -6.844850 1.179854 -15.711413
v -6.771380 1.128986 -16.673161
v -6.708879 1.060295 -17.628250
v -6.653319 0.959406 -18.567522
v -6.602482 0.829611 -19.491825
v -6.556748 0.687761 -20.409191
v -6.517387 0.551935 -21.328430
v -6.485040 0.433458 -22.255121
v -6.459382 0.336239 -23.191301
v -6.439505 0.259427 -24.136717
v -5.464360 0.283572 23.907057
v -5.488928 0.384825 22.884321
v -5.523489 0.529553 21.842178
v -5.572678 0.739328 20.770241
v -5.643434 1.047300 19.651909
v -5.745771 1.502515 18.461716
v -5.891521 2.164101 17.167221
v -6.081120 3.035567 15.760653
v -6.265219 3.868277 14.360674
v -6.366726 4.242801 13.193564
v -6.402817 4.209052 12.258346
v -6.429098 4.068695 11.398192
v -6.465138 3.936480 10.561307
v -6.502747 3.785050 9.760297
v -6.536041 3.611879 8.967306
v -6.563071 3.433277 8.149572
v -6.579655 3.249570 7.303723
v -6.587005 3.069257 6.435782
v -6.601376 2.929272 5.544847
v -6.640070 2.865132 4.627699
v -6.693493 2.858520 3.691212
v -6.720586 2.828680 2.755578
v -6.687454 2.703425 1.839828
v -6.608136 2.499022 0.943592
v -6.527639 2.292971 0.052051
v -6.479200 2.144644 -0.847154
v -6.467349 2.064767 -1.760686
v -6.469921 2.023647 -2.698981
v -6.454090 1.978037 -3.679539
v -6.415358 1.919396 -4.706335
v -6.381907 1.875967 -5.759368
v -6.365963 1.851184 -6.815545
v -6.347311 1.804916 -7.859696
v -6.304941 1.704054 -8.885045
v -6.241238 1.562521 -9.890732
v -6.165748 1.412741 -10.873533
v -6.080713 1.272715 -11.829916
v -5.990396 1.151857 -12.767982
v -5.904385 1.058048 -13.704659
v -5.829196 0.991677 -14.651568
v -5.765611 0.943530 -15.609490
v -5.711644 0.898737 -16.571804
v -5.664602 0.842322 -17.530012
v -5.622105 0.765582 -18.478701
v -5.583028 0.670118 -19.417988
v -5.547620 0.565561 -20.352249
v -5.516668 0.463240 -21.286888
v -5.490661 0.371319 -22.225893
v -5.469523 0.293563 -23.171141
v -5.452755 0.230375 -24.122910
v -4.488335 0.298553 23.902767
v -4.515204 0.407713 22.877796
v -4.553432 0.565012 21.832197
v -4.608539 0.794922 20.754910
v -4.688874 1.134958 19.628643
v -4.806380 1.639308 18.428007
v -4.974345 2.368118 17.124172
v -5.191460 3.312633 15.719455
v -5.403531 4.215137 14.331976
v -5.520840 4.639364 13.169763
v -5.539785 4.544151 12.263681
v -5.530539 4.255282 11.467708
v -5.539893 4.002971 10.676346
v -5.567290 3.808773 9.870203
v -5.594124 3.617542 9.054135
v -5.608001 3.401531 8.225827
v -5.601580 3.162812 7.381166
v -5.574908 2.919295 6.517514
v -5.545891 2.710193 5.630933
v -5.535348 2.570095 4.719326
v -5.541257 2.488203 3.789256
v -5.536353 2.406971 2.856006
v -5.494671 2.271863 1.933179
v -5.420765 2.086131 1.021193
v -5.343073 1.898546 0.110346
v -5.285750 1.751384 -0.808452
v -5.254830 1.656360 -1.740827
v -5.240292 1.600091 -2.692755
v -5.226501 1.560916 -3.671499
v -5.207433 1.528390 -4.678555
v -5.189398 1.504702 -5.704694
v -5.174816 1.483232 -6.735366
v -5.153594 1.440134 -7.757486
v -5.114976 1.357144 -8.763578
v -5.059813 1.242593 -9.752817
v -4.995830 1.119850 -10.727224
v -4.928998 1.006959 -11.689345
v -4.863332 0.912606 -12.644012
v -4.802622 0.839576 -13.598053
v -4.749298 0.785664 -14.556425
v -4.703552 0.743940 -15.519620
v -4.664052 0.704695 -16.484442
v -4.629053 0.658722 -17.446524
v -4.597141 0.600773 -18.402975
v -4.567696 0.531391 -19.353729
v -4.540836 0.455757 -20.301069
v -4.517024 0.380568 -21.248167
v -4.496599 0.311266 -22.197632
v -4.479600 0.250930 -23.150974
v -4.465787 0.200489 -24.108721
v -3.510994 0.307537 23.901192
v -3.539475 0.421313 22.875549
v -3.580246 0.585757 21.829058
v -3.639403 0.826704 20.750742
v -3.726144 1.183447 19.623798
v -3.853436 1.711514 18.424261
v -4.034957 2.469127 17.126883
v -4.267899 3.441442 15.737676
v -4.496668 4.379403 14.364179
v -4.626435 4.850935 13.196820
v -4.637009 4.743632 12.292501
v -4.599972 4.364933 11.524146
v -4.579568 4.009633 10.762858
v -4.585628 3.748598 9.966074
v -4.593939 3.513130 9.145087
v -4.583218 3.245584 8.313595
v -4.546345 2.947774 7.470666
v -4.488665 2.650130 6.609919
v -4.428615 2.391490 5.726340
v -4.383444 2.196919 4.819276
v -4.353739 2.058275 3.894384
v -4.324623 1.940203 2.961808
v -4.280924 1.808822 2.030242
v -4.222075 1.659005 1.101458
v -4.160927 1.511574 0.171247
v -4.110807 1.389275 -0.765661
v -4.076861 1.301377 -1.713213
v -4.055996 1.243842 -2.674592
v -4.041694 1.206875 -3.652316
v -4.029551 1.182341 -4.646195
v -4.018440 1.164484 -5.651564
v -4.006230 1.144150 -6.660405
v -3.987337 1.107515 -7.664436
v -3.956914 1.045636 -8.658381
v -3.915649 0.963161 -9.641400
v -3.868377 0.873901 -10.615506
v -3.819889 0.790520 -11.583423
v -3.773340 0.719905 -12.548075
v -3.730674 0.663815 -13.512387
v -3.692841 0.620279 -14.478325
v -3.659773 0.584637 -15.445997
v -3.630686 0.550899 -16.413849
v -3.604566 0.513594 -17.379761
v -3.580605 0.469563 -18.342283
v -3.558434 0.418849 -19.301367
v -3.538101 0.364146 -20.258232
v -3.519860 0.309273 -21.214672
v -3.503938 0.257677 -22.172338
v -3.490405 0.211621 -23.132349
v -3.479155 0.172098 -24.095182
v -2.532122 0.309933 23.902395
v -2.561374 0.424637 22.877644
v -2.603287 0.590080 21.832850
v -2.664078 0.831625 20.757803
v -2.753016 1.187247 19.637197
v -2.882847 1.709259 18.449825
v -3.066206 2.449448 17.174513
v -3.298149 3.385749 15.819777
v -3.522315 4.277365 14.484071
v -3.646787 4.724431 13.334450
v -3.650195 4.617833 12.422319
v -3.597560 4.224279 11.642898
v -3.551748 3.819651 10.880478
v -3.528594 3.495887 10.086742
v -3.509335 3.209081 9.265321
v -3.473089 2.905121 8.429811
v -3.415162 2.583882 7.581568
v -3.344621 2.276685 6.715056
v -3.275998 2.013551 5.826653
v -3.219755 1.807722 4.917143
v -3.176531 1.651934 3.991191
v -3.138983 1.525289 3.055406
v -3.099031 1.407428 2.115414
v -3.054607 1.290735 1.173477
v -3.010160 1.180809 0.228581
v -2.971786 1.087250 -0.721647
v -2.942795 1.015481 -1.679421
v -2.922726 0.964833 -2.646363
v -2.908933 0.930840 -3.623278
v -2.898631 0.907971 -4.609495
v -2.889523 0.890299 -5.602305
v -2.878960 0.870515 -6.597354
v -2.863670 0.840714 -7.590022
v -2.841381 0.796446 -8.577168
v -2.812513 0.739997 -9.558057
v -2.779694 0.678634 -10.533759
v -2.745913 0.619906 -11.506014
v -2.713355 0.568559 -12.476527
v -2.683273 0.526057 -13.446690
v -2.656179 0.491293 -14.417299
v -2.632009 0.461454 -15.388303
v -2.610332 0.433007 -16.358917
v -2.590600 0.402770 -17.328125
v -2.572376 0.368871 -18.295219
v -2.555455 0.331190 -19.260229
v -2.539858 0.291113 -20.223803
v -2.525733 0.250796 -21.186979
v -2.513225 0.212352 -22.150780
v -2.502401 0.177342 -23.115967
v -2.493224 0.146613 -24.082949
v -1.551672 0.305857 23.906158
v -1.580842 0.417974 22.883669
v -1.622469 0.578607 21.842760
v -1.682423 0.810884 20.774612
v -1.769166 1.148245 19.666349
v -1.893693 1.634308 18.501123
v -2.065566 2.306991 17.264021
v -2.276975 3.133817 15.967172
v -2.475562 3.899013 14.695014
v -2.582194 4.272758 13.578897
v -2.579238 4.173266 12.654724
v -2.520707 3.814811 11.841877
v -2.459163 3.418088 11.052080
v -2.411305 3.069769 10.243872
v -2.367985 2.757750 9.412721
v -2.316403 2.452105 8.564923
v -2.254107 2.151599 7.702007
v -2.187776 1.875661 6.821384
v -2.125935 1.641586 5.921613
v -2.073806 1.454772 5.004135
v -2.031612 1.309237 4.072532
v -1.995801 1.192416 3.131205
v -1.962184 1.091868 2.183915
v -1.928891 1.000733 1.232750
v -1.897017 0.918664 0.278012
v -1.868980 0.848560 -0.681037
v -1.846496 0.792706 -1.645370
v -1.829715 0.750989 -2.615703
v -1.817533 0.721141 -3.592201
v -1.808294 0.699625 -4.574208
v -1.800167 0.682131 -5.560082
v -1.791167 0.663804 -6.547425
v -1.779358 0.640134 -7.533729
v -1.763552 0.608738 -8.517228
v -1.743917 0.570577 -9.497344
v -1.721759 0.529218 -10.474514
v -1.698735 0.488754 -11.449646
v -1.676193 0.452076 -12.423671
v -1.654955 0.420285 -13.397282
v -1.635375 0.392891 -14.370821
v -1.617460 0.368341 -15.344209
v -1.601012 0.344649 -16.317059
v -1.585776 0.320029 -17.288881
v -1.571552 0.293419 -18.259357
v -1.558263 0.264713 -19.228531
v -1.545946 0.234654 -20.196779
v -1.534704 0.204473 -21.164719
v -1.524639 0.175460 -22.132984
v -1.515808 0.148650 -23.102057
v -1.508203 0.124691 -24.072275
v -0.569750 0.296058 23.912014
v -0.598110 0.402772 22.892773
v -0.638285 0.554170 21.857277
v -0.695474 0.770018 20.798334
v -0.776686 1.077092 19.706104
v -0.889985 1.506418 18.569050
v -1.040182 2.076610 17.379911
v -1.216374 2.744575 16.154245
v -1.375817 3.340079 14.955922
v -1.460867 3.631465 13.873393
v -1.457707 3.559503 12.931128
v -1.404248 3.271057 12.075763
v -1.339799 2.925314 11.246331
v -1.280049 2.595566 10.410887
v -1.224105 2.292491 9.560451
v -1.167370 2.009306 8.694748
v -1.109116 1.747000 7.813827
v -1.052572 1.514395 6.916910
v -1.001572 1.318720 6.004048
v -0.958219 1.160821 5.076868
v -0.922306 1.035750 4.138076
v -0.891951 0.935476 3.190701
v -0.864910 0.852065 2.237350
v -0.839848 0.780179 1.279724
v -0.816758 0.717737 0.318540
v -0.796437 0.664786 -0.646183
v -0.779621 0.621764 -1.614707
v -0.766446 0.588337 -2.587234
v -0.756398 0.563124 -3.563676
v -0.748517 0.543884 -4.543509
v -0.741606 0.527822 -5.525727
v -0.734386 0.511930 -6.508985
v -0.725709 0.493606 -7.491906
v -0.714887 0.471455 -8.473495
v -0.701909 0.445759 -9.453326
v -0.687349 0.418134 -10.431525
v -0.672021 0.390612 -11.408490
v -0.656649 0.364758 -12.384684
v -0.641714 0.341245 -13.360436
v -0.627451 0.319878 -14.335893
v -0.613914 0.299848 -15.311000
v -0.601064 0.280112 -16.285564
v -0.588842 0.259741 -17.259357
v -0.577229 0.238216 -18.232264
v -0.566264 0.215532 -19.204344
v -0.556034 0.192154 -20.175846
v -0.546645 0.168829 -21.147125
v -0.538184 0.146358 -22.118568
v -0.530699 0.125419 -23.090517
v -0.524190 0.106473 -24.063194
v 0.413432 0.281672 23.919390
v 0.386407 0.381150 22.903942
v 0.348404 0.520866 21.874517
v 0.294940 0.717199 20.825483
v 0.220485 0.990458 19.749769
v 0.119896 1.359785 18.640533
v -0.007082 1.826503 17.496811
v -0.147270 2.341207 16.335501
v -0.268527 2.780608 15.200747
v -0.334928 3.004358 14.144308
v -0.337465 2.974902 13.181350
v -0.296869 2.771184 12.284013
v -0.237519 2.490011 11.416272
v -0.173570 2.191656 10.554218
v -0.111146 1.905749 9.685199
v -0.052414 1.645131 8.803518
v 0.001625 1.415394 7.907285
v 0.049948 1.219360 6.996428
v 0.091735 1.057335 6.071985
v 0.126874 0.926719 5.135796
v 0.156080 0.822642 4.190108
v 0.180649 0.739220 3.237160
v 0.201950 0.670950 2.278861
v 0.220926 0.613757 1.316562
v 0.237882 0.565335 0.351033
v 0.252672 0.524708 -0.617405
v 0.265061 0.491442 -1.588669
v 0.275016 0.464979 -2.562700
v 0.282820 0.444330 -3.539318
v 0.289022 0.428057 -4.518125
v 0.294340 0.414412 -5.498496
v 0.299542 0.401582 -6.479656
v 0.305307 0.388033 -7.460846
v 0.312077 0.372879 -8.441480
v 0.319977 0.356051 -9.421272
v 0.328862 0.338132 -10.400194
v 0.338460 0.319949 -11.378380
v 0.348511 0.302162 -12.355994
v 0.358829 0.285043 -13.333171
v 0.369301 0.268464 -14.309946
v 0.379858 0.252021 -15.286284
v 0.390430 0.235235 -16.262098
v 0.400908 0.217744 -17.237312
v 0.411138 0.199432 -18.211922
v 0.420940 0.180468 -19.186001
v 0.430135 0.161250 -20.159723
v 0.438582 0.142298 -21.133318
v 0.446190 0.124136 -22.107025
v 0.452920 0.107204 -23.081068
v 0.458780 0.091805 -24.055592
v 1.397638 0.263899 23.927700
v 1.372276 0.355204 22.916204
v 1.336761 0.482538 21.892809
v 1.287092 0.659860 20.853045
v 1.218604 0.903446 19.791658
v 1.127756 1.225749 18.704552
v 1.016824 1.619006 17.593840
v 0.900373 2.031686 16.475857
v 0.804138 2.370240 15.381779
v 0.749572 2.553217 14.340539
v 0.741146 2.560831 13.360641
v 0.770989 2.422277 12.432323
v 0.827725 2.182778 11.539000
v 0.897453 1.896538 10.661257
v 0.966751 1.614583 9.781335
v 1.028148 1.365736 8.889143
v 1.079874 1.157678 7.981890
v 1.122663 0.988152 7.060405
v 1.157792 0.852035 6.126693
v 1.186536 0.743733 5.182971
v 1.210126 0.657780 4.231332
v 1.229743 0.589135 3.273618
v 1.246409 0.533527 2.311314
v 1.260842 0.487738 1.345513
v 1.273408 0.449664 0.376922
v 1.284195 0.418078 -0.594052
v 1.293187 0.392229 -1.567183
v 1.300414 0.371483 -2.542304
v 1.306043 0.355080 -3.519209
v 1.310371 0.342086 -4.497602
v 1.313794 0.331432 -5.477093
v 1.316735 0.322044 -6.457229
v 1.319583 0.313015 -7.437582
v 1.322640 0.303745 -8.417824
v 1.326118 0.293970 -9.397752
v 1.330185 0.283658 -10.377286
v 1.334997 0.272843 -11.356406
v 1.340707 0.261496 -12.335091
v 1.347423 0.249495 -13.313317
v 1.355171 0.236648 -14.291047
v 1.363891 0.222754 -15.268251
v 1.373407 0.207701 -16.244919
v 1.383422 0.191563 -17.221073
v 1.393550 0.174628 -18.196775
v 1.403391 0.157332 -19.172152
v 1.412621 0.140160 -20.147356
v 1.421029 0.123564 -21.122538
v 1.428513 0.107913 -22.097834
v 1.435055 0.093472 -23.073387
v 1.440696 0.080406 -24.049294
v 2.382668 0.243737 23.936478
v 2.359203 0.326441 22.928841
v 2.326341 0.441466 21.911070
v 2.280280 0.601520 20.879381
v 2.216453 0.821735 19.829355
v 2.131202 1.114082 18.757477
v 2.026800 1.470800 17.665976
v 1.919072 1.838861 16.570263
v 1.834959 2.127035 15.497575
v 1.790563 2.277717 14.466776
v 1.783335 2.294682 13.479352
v 1.810466 2.185354 12.534390
v 1.869951 1.958583 11.628607
v 1.946939 1.668742 10.743983
v 2.021903 1.385684 9.857798
v 2.084733 1.146174 8.957841
v 2.134262 0.955634 8.041885
v 2.172769 0.806978 7.111912
v 2.202887 0.691272 6.170712
v 2.226731 0.600911 5.220789
v 2.245882 0.529906 4.264184
v 2.261531 0.473581 3.302494
v 2.274553 0.428345 2.336947
v 2.285547 0.391556 1.368441
v 2.294862 0.361392 0.397592
v 2.302655 0.336672 -0.575197
v 2.308978 0.316613 -1.549662
v 2.313876 0.300613 -2.525605
v 2.317421 0.288108 -3.502832
v 2.319743 0.278504 -4.481126
v 2.320997 0.271188 -5.460238
v 2.321358 0.265582 -6.439908
v 2.320989 0.261201 -7.419912
v 2.320079 0.257654 -8.400087
v 2.318918 0.254561 -9.380340
v 2.317984 0.251414 -10.360564
v 2.317939 0.247511 -11.340628
v 2.319457 0.242096 -12.320324
v 2.323004 0.234581 -13.299462
v 2.328772 0.224627 -14.277942
v 2.336715 0.212126 -15.255723
v 2.346541 0.197245 -16.232851
v 2.357669 0.180523 -17.209442
v 2.369310 0.162794 -18.185688
v 2.380686 0.144963 -19.161789
v 2.391224 0.127766 -20.137884
v 2.400611 0.111683 -21.114103
v 2.408757 0.096969 -22.090500
v 2.415699 0.083725 -23.067141
v 2.421555 0.071958 -24.044069
v 3.368376 0.221911 23.945385
v 3.347052 0.295659 22.941450
v 3.317148 0.398158 21.928898
v 3.275003 0.541261 20.904434
v 3.215913 0.740022 19.863947
v 3.135429 1.008522 18.803644
v 3.034357 1.343849 17.724386
v 2.928914 1.693641 16.640396
v 2.851708 1.952648 15.580503
v 2.821183 2.059472 14.562608
v 2.826582 2.044103 13.581141
v 2.859950 1.927505 12.633052
v 2.921072 1.709636 11.719059
v 2.997061 1.436623 10.824283
v 3.069237 1.174624 9.927473
v 3.128157 0.957755 9.017325
v 3.173208 0.789457 8.092209
v 3.207104 0.661307 7.154344
v 3.232805 0.563576 6.206603
v 3.252624 0.488365 5.251410
v 3.268200 0.429835 4.290621
v 3.280673 0.383744 3.325617
v 3.290818 0.347018 2.357424
v 3.299149 0.317461 1.386778
v 3.305960 0.293546 0.414203
v 3.311406 0.274246 -0.559938
v 3.315539 0.258875 -1.535396
v 3.318364 0.246941 -2.511975
v 3.319864 0.238067 -3.489510
v 3.320016 0.231931 -4.467842
v 3.318779 0.228271 -5.446812
v 3.316078 0.226912 -6.426282
v 3.311834 0.227750 -7.406183
v 3.306055 0.230666 -8.386497
v 3.299050 0.235270 -9.367263
v 3.291707 0.240549 -10.348451
v 3.285502 0.244774 -11.329774
v 3.282015 0.246039 -12.310738
v 3.282250 0.243078 -13.290897
v 3.286540 0.235400 -14.270032
v 3.294862 0.222929 -15.248116
v 3.306812 0.206045 -16.225250
v 3.321341 0.185919 -17.201702
v 3.336887 0.164368 -18.177879
v 3.351927 0.143184 -19.154112
v 3.365468 0.123574 -20.130615
v 3.377101 0.106079 -21.107445
v 3.386823 0.090783 -22.084604
v 3.394823 0.077546 -23.062029
v 3.401355 0.066157 -24.039722
v 4.354629 0.198994 23.954193
v 4.335726 0.263346 22.953789
v 4.309290 0.352458 21.946251
v 4.272055 0.476699 20.928787
v 4.219732 0.649553 19.897854
v 4.148079 0.884267 18.850023
v 4.057423 1.179617 17.785631
v 3.962758 1.488158 16.717094
v 3.896717 1.706631 15.671580
v 3.879435 1.769932 14.667054
v 3.897854 1.715641 13.695786
v 3.936919 1.587202 12.748733
v 3.992224 1.397356 11.823340
v 4.055582 1.175248 10.910288
v 4.115214 0.963010 9.995844
v 4.164351 0.785420 9.071676
v 4.202163 0.646533 8.135982
v 4.230556 0.540632 7.190161
v 4.251895 0.460099 6.236360
v 4.268138 0.398392 5.276517
v 4.280703 0.350585 4.312140
v 4.290570 0.313122 3.344348
v 4.298394 0.283470 2.373970
v 4.304590 0.259846 1.401601
v 4.309389 0.241021 0.427674
v 4.312895 0.226171 -0.547506
v 4.315117 0.214761 -1.523716
v 4.315987 0.206461 -2.500787
v 4.315379 0.201088 -3.478585
v 4.313120 0.198576 -4.456989
v 4.308939 0.198993 -5.435901
v 4.302483 0.202562 -6.415263
v 4.293308 0.209664 -7.395104
v 4.281036 0.220680 -8.375598
v 4.265791 0.235496 -9.357036
v 4.248931 0.252587 -10.339615
v 4.233476 0.268413 -11.322934
v 4.222916 0.278715 -12.305857
v 4.219088 0.281145 -13.287389
v 4.222169 0.275394 -14.267240
v 4.232213 0.261329 -15.245378
v 4.248946 0.239229 -16.221933
v 4.270548 0.211249 -17.197443
v 4.293810 0.181202 -18.172731
v 4.315732 0.152657 -19.148474
v 4.334651 0.127586 -20.124931
v 4.350174 0.106470 -21.102072
v 4.362581 0.088995 -22.079731
v 4.372384 0.074602 -23.057764
v 4.380095 0.062733 -24.036072
v 5.341250 0.175601 23.962708
v 5.325009 0.230206 22.965691
v 5.302549 0.304992 21.962997
v 5.271331 0.407914 20.952557
v 5.228219 0.548747 19.931850
v 5.170547 0.735723 18.898777
v 5.099772 0.964173 17.854563
v 5.028250 1.195359 16.809168
v 4.979847 1.354218 15.782080
v 4.969683 1.392177 14.786524
v 4.989082 1.334009 13.817538
v 5.023804 1.221865 12.865664
v 5.066927 1.076713 11.925981
v 5.113354 0.916242 10.993032
v 5.157128 0.762058 10.059653
v 5.194205 0.629273 9.120651
v 5.223548 0.522384 8.174195
v 5.246021 0.439140 7.220671
v 5.263063 0.375009 6.261283
v 5.276032 0.325530 5.297311
v 5.285981 0.287097 4.329828
v 5.293652 0.257010 3.359675
v 5.299546 0.233323 2.387481
v 5.303970 0.214665 1.413713
v 5.307070 0.200105 0.438711
v 5.308877 0.189044 -0.537271
v 5.309319 0.181138 -1.514050
v 5.308222 0.176251 -2.491487
v 5.305332 0.174417 -3.469477
v 5.300271 0.175845 -4.447930
v 5.292525 0.180946 -5.426775
v 5.281374 0.190396 -6.405980
v 5.265857 0.205210 -7.385617
v 5.244860 0.226660 -8.366012
v 5.217761 0.255582 -9.347898
v 5.186134 0.290382 -10.332209
v 5.155698 0.324476 -11.318746
v 5.134289 0.348322 -12.304973
v 5.125051 0.357751 -13.288554
v 5.126736 0.354142 -14.269415
v 5.139835 0.336899 -15.247533
v 5.165237 0.304932 -16.222807
v 5.199865 0.261958 -17.196220
v 5.236935 0.216113 -18.169552
v 5.270478 0.174499 -19.144098
v 5.297980 0.140064 -20.120171
v 5.319455 0.112743 -21.097456
v 5.335876 0.091356 -22.075525
v 5.348341 0.074617 -23.054085
v 5.357793 0.061435 -24.032902
v 6.327989 0.152476 23.970747
v 6.314511 0.197388 22.976898
v 6.296242 0.257697 21.978779
v 6.271516 0.338607 20.975056
v 6.238547 0.445620 19.964355
v 6.196437 0.581445 18.946018
v 6.147553 0.738627 17.921936
v 6.100590 0.889909 16.899147
v 6.069268 0.992208 15.888788
v 6.062025 1.018346 14.898291
v 6.074977 0.979097 13.925701
v 6.099332 0.900609 12.965091
v 6.129097 0.801170 12.012052
v 6.160563 0.693165 11.063013
v 6.190545 0.588083 10.114212
v 6.216725 0.494635 9.162631
v 6.238184 0.416676 8.206768
v 6.255097 0.354073 7.246445
v 6.268174 0.304729 6.282152
v 6.278202 0.266074 5.314600
v 6.285861 0.235791 4.344464
v 6.291653 0.212029 3.372320
v 6.295905 0.193415 2.398620
v 6.298807 0.178980 1.423713
v 6.300406 0.168085 0.447864
v 6.300633 0.160370 -0.528727
v 6.299304 0.155712 -1.505915
v 6.296108 0.154203 -2.483591
v 6.290593 0.156146 -3.461680
v 6.282152 0.162069 -4.440123
v 6.269962 0.172760 -5.418852
v 6.252898 0.189373 -6.397786
v 6.229389 0.213607 -7.376894
v 6.197291 0.247904 -8.356437
v 6.154485 0.294911 -9.337517
v 6.101638 0.354417 -10.322569
v 6.047845 0.416449 -11.313285
v 6.009765 0.460873 -12.304888
v 5.993009 0.479875 -13.291546
v 5.991702 0.480406 -14.274378
v 6.008308 0.459564 -15.253114
v 6.047461 0.411764 -16.226608
v 6.103984 0.343307 -17.196627
v 6.163537 0.271422 -18.166903
v 6.214826 0.209548 -19.139832
v 6.254761 0.161229 -20.115499
v 6.284614 0.124835 -21.093042
v 6.306590 0.097665 -22.071644
v 6.322688 0.077339 -23.050749
v 6.334487 0.062018 -24.030100
v 7.314578 0.130420 23.978167
v 7.303751 0.166260 22.987133
v 7.289479 0.213116 21.993080
v 7.270826 0.273865 20.995274
v 7.247053 0.350779 19.993174
v 7.218303 0.443318 18.986938
v 7.186835 0.544354 17.978409
v 7.157979 0.637187 16.971899
v 7.138688 0.699895 15.973119
v 7.133129 0.718994 14.985770
v 7.139939 0.698024 14.009401
v 7.154738 0.649971 13.041079
v 7.173632 0.586736 12.077926
v 7.193947 0.517006 11.117564
v 7.213702 0.447748 10.157803
v 7.231473 0.384223 9.196859
v 7.246537 0.329334 8.233661
v 7.258778 0.283795 7.267832
v 7.268446 0.246927 6.299488
v 7.275943 0.217476 5.328949
v 7.281632 0.194128 4.356601
v 7.285809 0.175744 3.382806
v 7.288643 0.161451 2.407872
v 7.290198 0.150642 1.432056
v 7.290413 0.142963 0.455556
v 7.289097 0.138304 -0.521468
v 7.285910 0.136792 -1.498901
v 7.280342 0.138809 -2.476666
v 7.271681 0.145007 -3.454729
v 7.258986 0.156328 -4.433073
v 7.241058 0.174014 -5.411650
v 7.216383 0.199653 -6.390276
v 7.182949 0.235376 -7.368578
v 7.137860 0.284347 -8.346224
v 7.077439 0.350904 -9.323941
v 7.000349 0.437464 -10.305534
v 6.917200 0.533499 -11.297585
v 6.855770 0.606220 -12.295338
v 6.826793 0.640386 -13.286297
v 6.817566 0.651177 -14.273457
v 6.836398 0.628701 -15.255136
v 6.894268 0.559591 -16.227839
v 6.982390 0.454508 -17.194378
v 7.073231 0.346517 -18.161774
v 7.148117 0.257799 -19.133802
v 7.204411 0.191227 -20.109865
v 7.245326 0.142732 -21.088253
v 7.274640 0.107731 -22.067713
v 7.295484 0.082496 -23.047565
v 7.310285 0.064208 -24.027508
v 8.300759 0.110133 23.984806
v 8.292301 0.138007 22.996180
v 8.281500 0.173343 22.005524
v 8.267921 0.217454 21.012508
v 8.251393 0.270823 20.017035
v 8.232430 0.331827 19.019524
v 8.212691 0.395173 18.021400
v 8.195179 0.451430 17.025063
v 8.183296 0.489816 16.033388
v 8.179067 0.503730 15.048201
v 8.182112 0.494002 14.069517
v 8.190423 0.466526 13.096041
v 8.201809 0.428022 12.126140
v 8.214510 0.384113 11.158322
v 8.227218 0.339282 10.191243
v 8.238989 0.296899 9.223801
v 8.249274 0.259076 8.255255
v 8.257864 0.226705 7.285255
v 8.264787 0.199788 6.313731
v 8.270184 0.177849 5.340800
v 8.274221 0.160243 4.366663
v 8.277016 0.146362 3.391530
v 8.278620 0.135731 2.415608
v 8.278957 0.128053 1.439085
v 8.277856 0.123244 0.462118
v 8.274969 0.121453 -0.515158
v 8.269747 0.123109 -1.492646
v 8.261411 0.128969 -2.470292
v 8.248846 0.140179 -3.448118
v 8.230615 0.158288 -4.426212
v 8.204982 0.185189 -5.404643
v 8.170034 0.222905 -6.383201
v 8.123792 0.273408 -7.360956
v 8.063786 0.339074 -8.336267
v 7.986417 0.423796 -9.308367
v 7.889434 0.531033 -10.280951
v 7.782485 0.652374 -11.264795
v 7.696240 0.753132 -12.260960
v 7.646949 0.811177 -13.254369
v 7.623866 0.839386 -14.247725
v 7.643711 0.817648 -15.236672
v 7.721287 0.727235 -16.213543
v 7.842789 0.584523 -17.181095
v 7.967110 0.438816 -18.149599
v 8.069146 0.319877 -19.123800
v 8.145876 0.230799 -20.102228
v 8.201203 0.166592 -21.082596
v 8.240048 0.121319 -22.063517
v 8.266908 0.089721 -23.044395
v 8.285387 0.067651 -24.025063
v 9.286372 0.092082 23.990614
v 9.279895 0.113343 23.003956
v 9.271896 0.139448 22.015987
v 9.262212 0.170841 21.026587
v 9.250928 0.207252 20.035856
v 9.238537 0.247078 19.044233
v 9.226134 0.286845 18.052607
v 9.215351 0.321389 17.062361
v 9.207875 0.345340 16.074911
v 9.204711 0.355376 15.091209
v 9.205803 0.351491 14.111368
v 9.210254 0.336298 13.134832
v 9.216899 0.313366 12.160734
v 9.224670 0.286098 11.188187
v 9.232699 0.257361 10.216352
v 9.240364 0.229372 9.244550
v 9.247238 0.203641 8.272272
v 9.253114 0.180990 7.299229
v 9.257903 0.161692 6.325309
v 9.261628 0.145672 5.350530
v 9.264307 0.132700 4.374985
v 9.265939 0.122523 3.398797
v 9.266463 0.114966 2.422110
v 9.265694 0.109995 1.445066
v 9.263316 0.107772 0.467810
v 9.258799 0.108729 -0.509524
v 9.251328 0.113658 -1.486820
v 9.239702 0.123820 -2.464030
v 9.222230 0.141072 -3.441225
v 9.196670 0.167923 -4.418682
v 9.160404 0.207352 -5.396846
v 9.110940 0.262122 -6.375889
v 9.046812 0.333474 -7.354456
v 8.967875 0.420594 -8.328576
v 8.873272 0.523553 -9.294389
v 8.761463 0.644900 -10.255067
v 8.640722 0.778002 -11.222163
v 8.536674 0.895068 -12.201465
v 8.467348 0.973899 -13.186009
v 8.433830 1.014363 -14.180499
v 8.455510 0.993318 -15.180672
v 8.543920 0.893853 -16.170855
v 8.685190 0.731382 -17.149477
v 8.838572 0.554857 -18.127003
v 8.972843 0.401050 -19.108387
v 9.077091 0.282021 -20.092049
v 9.151948 0.196563 -21.075903
v 9.203170 0.137890 -22.058998
v 9.237407 0.098391 -23.041233
v 9.260168 0.071837 -24.022749
v 10.271312 0.076463 23.995573
v 10.266424 0.092471 23.010466
v 10.260569 0.111532 22.024519
v 10.253727 0.133676 21.037762
v 10.246046 0.158432 20.050297
v 10.237908 0.184556 19.062485
v 10.229992 0.209890 18.074884
v 10.223181 0.231608 17.088255
v 10.218336 0.246948 16.103346
v 10.215983 0.254170 15.120649
v 10.216152 0.253082 14.140290
v 10.218436 0.244847 13.162024
v 10.222223 0.231324 12.185406
v 10.226891 0.214501 11.209911
v 10.231893 0.196170 10.235039
v 10.236805 0.177790 9.260356
v 10.241313 0.160427 8.285522
v 10.245218 0.144757 7.310319
v 10.248417 0.131127 6.334644
v 10.250836 0.119652 5.358474
v 10.252430 0.110334 4.381850
v 10.253098 0.103154 3.404854
v 10.252684 0.098152 2.427593
v 10.250904 0.095507 1.450197
v 10.247286 0.095621 0.472824
v 10.241080 0.099229 -0.504348
v 10.231114 0.107562 -1.481140
v 10.215623 0.122550 -2.457418
v 10.192046 0.147062 -3.433235
v 10.156929 0.185053 -4.409076
v 10.106195 0.241270 -5.386087
v 10.036360 0.319824 -6.365723
v 9.946928 0.420979 -7.347372
v 9.842224 0.538064 -8.323801
v 9.727074 0.663013 -9.283853
v 9.599604 0.798761 -10.230465
v 9.465998 0.942053 -11.179170
v 9.351030 1.066090 -12.135756
v 9.275253 1.147490 -13.100296
v 9.240607 1.187059 -14.085557
v 9.256748 1.174567 -15.094904
v 9.333211 1.093292 -16.103878
v 9.477662 0.931785 -17.101309
v 9.666545 0.718664 -18.094593
v 9.850866 0.510782 -19.087982
v 9.996814 0.346286 -20.079742
v 10.098614 0.231418 -21.068481
v 10.165277 0.155954 -22.054382
v 10.207942 0.107377 -23.038185
v 10.235233 0.076019 -24.020605
v 11.255579 0.063242 23.999750
v 11.251911 0.075211 23.015823
v 11.247644 0.089064 22.031384
v 11.242814 0.104676 21.046476
v 11.237554 0.121597 20.061234
v 11.232138 0.138955 19.075853
v 11.226963 0.155434 18.090746
v 11.222534 0.169460 17.106306
v 11.219298 0.179562 16.122948
v 11.217542 0.184789 15.140939
v 11.217299 0.184955 14.160379
v 11.218395 0.180584 13.181150
v 11.220503 0.172651 12.203033
v 11.223261 0.162298 11.225723
v 11.226332 0.150630 10.248916
v 11.229420 0.138600 9.272341
v 11.232305 0.126953 8.295774
v 11.234818 0.116216 7.319066
v 11.236840 0.106723 6.342126
v 11.238271 0.098671 5.364929
v 11.239001 0.092183 4.387500
v 11.238882 0.087387 3.409895
v 11.237674 0.084477 2.432221
v 11.234983 0.083810 1.454618
v 11.230192 0.086011 0.477289
v 11.222279 0.092145 -0.499500
v 11.209634 0.103959 -1.475406
v 11.189753 0.124236 -2.450058
v 11.158863 0.157212 -3.423247
v 11.111744 0.208845 -4.395414
v 11.042274 0.286279 -5.368422
v 10.946050 0.394948 -6.345862
v 10.825757 0.532044 -7.330121
v 10.692818 0.682696 -8.313058
v 10.556132 0.831836 -9.272791
v 10.409901 0.985915 -10.207872
v 10.259700 1.145029 -11.144789
v 10.138847 1.271894 -12.085851
v 10.070625 1.339702 -13.029963
v 10.035363 1.375597 -13.997113
v 10.018545 1.400157 -15.004282
v 10.047466 1.376626 -16.027983
v 10.185399 1.227129 -17.044262
v 10.437018 0.946981 -18.056042
v 10.705025 0.647481 -19.064922
v 10.910986 0.417090 -20.066854
v 11.045940 0.265885 -21.061255
v 11.129241 0.172277 -22.050108
v 11.180079 0.114870 -23.035477
v 11.211435 0.079203 -24.018751
v 12.239212 0.052228 24.003199
v 12.236468 0.061159 23.020170
v 12.233357 0.071238 22.036818
v 12.229924 0.082301 21.053213
v 12.226279 0.093992 20.069441
v 12.222602 0.105720 19.085672
v 12.219139 0.116687 18.102125
v 12.216171 0.125997 17.119043
v 12.213942 0.132834 16.136644
v 12.212614 0.136661 15.155113
v 12.212218 0.137335 14.174486
v 12.212667 0.135100 13.194724
v 12.213798 0.130472 12.215710
v 12.215384 0.124110 11.237279
v 12.217225 0.116695 10.259242
v 12.219117 0.108844 9.281430
v 12.220901 0.101076 8.303700
v 12.222440 0.093791 7.325943
v 12.223616 0.087281 6.348103
v 12.224302 0.081768 5.370158
v 12.224375 0.077438 4.392129
v 12.223629 0.074504 3.414081
v 12.221758 0.073276 2.436120
v 12.218289 0.074249 1.458421
v 12.212435 0.078260 0.481255
v 12.202889 0.086704 -0.494960
v 12.187548 0.101913 -1.469607
v 12.162966 0.127695 -2.441828
v 12.123805 0.170022 -3.410684
v 12.062463 0.237450 -4.375845
v 11.970187 0.339966 -5.339226
v 11.842312 0.483221 -6.306491
v 11.690929 0.654142 -7.283940
v 11.546223 0.817875 -8.267518
v 11.406307 0.972740 -9.238387
v 11.240886 1.150776 -10.185293
v 11.066864 1.338012 -11.128882
v 10.941975 1.468416 -12.067181
v 10.885786 1.517607 -12.991681
v 10.842179 1.556145 -13.930638
v 10.768698 1.641508 -14.922260
v 10.726708 1.701106 -15.955557
v 10.856544 1.564687 -16.987797
v 11.197730 1.186926 -18.018190
v 11.571129 0.771391 -19.044046
v 11.839655 0.472183 -20.056177
v 12.003504 0.289314 -21.055582
v 12.099403 0.182002 -22.046835
v 12.155802 0.118632 -23.033396
v 12.189693 0.080322 -24.017313
v 13.222280 0.043154 24.006046
v 13.220224 0.049829 23.023678
v 13.217941 0.057197 22.041117
v 13.215477 0.065106 21.058414
v 13.212912 0.073294 20.075645
v 13.210364 0.081369 19.092913
v 13.207985 0.088840 18.110357
v 13.205939 0.095185 17.128138
v 13.204360 0.099935 16.146366
v 13.203341 0.102778 15.165152
v 13.202907 0.103613 14.184523
v 13.203014 0.102556 13.204473
v 13.203568 0.099888 12.224927
v 13.204442 0.095994 11.245799
v 13.205503 0.091294 10.266971
v 13.206618 0.086192 9.288346
v 13.207659 0.081049 8.309824
v 13.208522 0.076164 7.331346
v 13.209085 0.071788 6.352868
v 13.209238 0.068136 5.374379
v 13.208815 0.065424 4.395916
v 13.207584 0.063916 3.417538
v 13.205210 0.063996 2.439375
v 13.201121 0.066271 1.461645
v 13.194382 0.071752 0.484702
v 13.183440 0.082149 -0.490850
v 13.165646 0.100376 -1.464015
v 13.136548 0.131363 -2.433181
v 13.088894 0.183152 -3.396028
v 13.012038 0.267553 -4.350211
v 12.894107 0.397764 -5.296383
v 12.730834 0.578477 -6.243070
v 12.544694 0.784852 -7.203056
v 12.398566 0.947524 -8.179887
v 12.294887 1.063948 -9.167086
v 12.136847 1.241361 -10.153165
v 11.932005 1.469148 -11.125641
v 11.790141 1.619826 -12.071343
v 11.748709 1.648049 -12.980168
v 11.714523 1.668357 -13.888802
v 11.611360 1.780876 -14.853161
v 11.531289 1.885504 -15.893558
v 11.675876 1.736655 -16.944164
v 12.089515 1.280863 -17.993568
v 12.519682 0.803879 -19.032965
v 12.810751 0.480454 -20.051079
v 12.981728 0.290088 -21.052832
v 13.079739 0.180682 -22.045099
v 13.136703 0.116864 -23.032173
v 13.170686 0.078592 -24.016373
v 14.204869 0.035729 24.008368
v 14.203317 0.040740 23.026489
v 14.201627 0.046167 22.044500
v 14.199839 0.051885 21.062426
v 14.198008 0.057706 20.080336
v 14.196203 0.063373 19.098303
v 14.194529 0.068581 18.116404
v 14.193071 0.073013 17.134731
v 14.191920 0.076396 16.153372
v 14.191127 0.078541 15.172376
v 14.190707 0.079382 14.191773
v 14.190635 0.078973 13.211556
v 14.190856 0.077474 12.231697
v 14.191300 0.075112 11.252129
v 14.191868 0.072153 10.272795
v 14.192470 0.068863 9.293629
v 14.193019 0.065494 8.314576
v 14.193416 0.062274 7.335597
v 14.193552 0.059410 6.356665
v 14.193322 0.057106 5.377783
v 14.192545 0.055583 4.398993
v 14.190979 0.055134 3.420365
v 14.188243 0.056184 2.442051
v 14.183723 0.059415 1.464300
v 14.176386 0.065960 0.487552
v 14.164452 0.077767 -0.487414
v 14.144852 0.098227 -1.459205
v 14.112196 0.133287 -2.425340
v 14.057277 0.193106 -3.381623
v 13.965860 0.293374 -4.322176
v 13.822256 0.451293 -5.243742
v 13.627183 0.665770 -6.159415
v 13.419325 0.894020 -7.100385
v 13.271624 1.057197 -8.079225
v 13.203475 1.136170 -9.089548
v 13.083545 1.275406 -10.111977
v 12.866410 1.521175 -11.114226
v 12.702696 1.697739 -12.071052
v 12.689204 1.694191 -12.983327
v 12.722722 1.637135 -13.892909
v 12.688380 1.667131 -14.841383
v 12.662100 1.706777 -15.867108
v 12.840480 1.523383 -16.934706
v 13.223126 1.106184 -17.997828
v 13.587731 0.704051 -19.037563
v 13.834645 0.430435 -20.053255
v 13.983578 0.264899 -21.053495
v 14.071160 0.167284 -22.045071
v 14.123085 0.109208 -23.031855
v 14.154522 0.073872 -24.015957
v 15.187060 0.029675 24.010267
v 15.185883 0.033461 23.028751
v 15.184615 0.037494 22.047161
v 15.183297 0.041679 21.065538
v 15.181963 0.045884 20.083916
v 15.180658 0.049937 19.102345
v 15.179452 0.053645 18.120888
v 15.178392 0.056815 17.139591
v 15.177532 0.059282 16.158501
v 15.176900 0.060928 15.177659
v 15.176516 0.061709 14.197090
v 15.176348 0.061653 13.216784
v 15.176384 0.060854 12.236727
v 15.176560 0.059450 11.256886
v 15.176818 0.057611 10.277222
v 15.177092 0.055517 9.297697
v 15.177310 0.053347 8.318275
v 15.177392 0.051277 7.338948
v 15.177251 0.049478 6.359689
v 15.176750 0.048134 5.380520
v 15.175735 0.047464 4.401476
v 15.173966 0.047765 3.422652
v 15.171032 0.049479 2.444196
v 15.166303 0.053317 1.466387
v 15.158701 0.060464 0.489715
v 15.146362 0.072970 -0.484929
v 15.125985 0.094467 -1.455889
v 15.091669 0.131463 -2.420048
v 15.032911 0.195514 -3.371644
v 14.932429 0.305638 -4.301040
v 14.769298 0.484802 -5.197804
v 14.547460 0.728509 -6.072789
v 14.340121 0.956275 -6.983948
v 14.220401 1.089141 -7.964406
v 14.176454 1.141848 -8.999156
v 14.100093 1.233039 -10.059927
v 13.919811 1.438534 -11.094697
v 13.773580 1.597383 -12.074000
v 13.807778 1.544835 -13.014866
v 13.926205 1.398885 -13.960814
v 14.011485 1.298391 -14.935660
v 14.086622 1.219203 -15.948862
v 14.247792 1.049356 -16.991503
v 14.490278 0.786483 -18.031815
v 14.721031 0.532874 -19.054338
v 14.890537 0.345367 -20.060850
v 15.001332 0.222346 -21.056810
v 15.070662 0.145121 -22.046419
v 15.113693 0.097017 -23.032305
v 15.140651 0.066745 -24.015985
v 16.168919 0.024744 24.011812
v 16.168011 0.027626 23.030560
v 16.167049 0.030654 22.049276
v 16.166071 0.033757 21.067966
v 16.165085 0.036842 20.086676
v 16.164133 0.039794 19.105427
v 16.163233 0.042490 18.124264
v 16.162441 0.044808 17.143209
v 16.161785 0.046644 16.162315
v 16.161274 0.047927 15.181581
v 16.160923 0.048627 14.201043
v 16.160728 0.048759 13.220682
v 16.160643 0.048379 12.240509
v 16.160666 0.047577 11.260491
v 16.160732 0.046462 10.280611
v 16.160793 0.045159 9.300842
v 16.160795 0.043800 8.321177
v 16.160677 0.042519 7.341596
v 16.160341 0.041460 6.362100
v 16.159685 0.040787 5.382707
v 16.158529 0.040705 4.403467
v 16.156664 0.041502 3.424468
v 16.153685 0.043611 2.445861
v 16.148968 0.047723 1.467924
v 16.141479 0.054995 0.491148
v 16.129387 0.067421 -0.483569
v 16.109489 0.088535 -1.454557
v 16.076017 0.124686 -2.418646
v 16.018583 0.187254 -3.369849
v 15.919719 0.295472 -4.297560
v 15.756235 0.474812 -5.187440
v 15.525454 0.728292 -6.039937
v 15.304082 0.972030 -6.908514
v 15.185569 1.104589 -7.847741
v 15.178637 1.116334 -8.886918
v 15.194197 1.104398 -9.997172
v 15.134398 1.175366 -11.078155
v 15.077573 1.237904 -12.100170
v 15.133340 1.169235 -13.086591
v 15.252879 1.029223 -14.067305
v 15.364696 0.900851 -15.053715
v 15.464233 0.790085 -16.051643
v 15.579423 0.664490 -17.060101
v 15.714564 0.516677 -18.069691
v 15.844527 0.373548 -19.073446
v 15.948634 0.258312 -20.070169
v 16.023109 0.175583 -21.061293
v 16.073357 0.119596 -22.048527
v 16.106438 0.082606 -23.033234
v 16.128113 0.058248 -24.016342
v 17.150511 0.020723 24.013081
v 17.149811 0.022937 23.032030
v 17.149075 0.025235 22.050959
v 17.148329 0.027565 21.069870
v 17.147577 0.029863 20.088810
v 17.146858 0.032051 19.107786
v 17.146198 0.034048 18.126823
v 17.145582 0.035778 17.145941
v 17.145075 0.037172 16.165180
v 17.144651 0.038188 15.184538
v 17.144342 0.038804 14.204017
v 17.144131 0.039030 13.223639
v 17.143997 0.038901 12.243383
v 17.143921 0.038477 11.263250
v 17.143864 0.037831 10.283229
v 17.143793 0.037053 9.303298
v 17.143661 0.036239 8.323455
v 17.143415 0.035495 7.343693
v 17.142967 0.034943 6.364019
v 17.142227 0.034723 5.384458
v 17.141035 0.035025 4.405052
v 17.139156 0.036114 3.425884
v 17.136269 0.038387 2.447103
v 17.131781 0.042483 1.468959
v 17.124725 0.049453 0.491896
v 17.113495 0.061089 -0.483293
v 17.095228 0.080522 -1.455169
v 17.064867 0.113290 -2.421095
v 17.013498 0.169163 -3.376287
v 16.926102 0.264565 -4.312552
v 16.781456 0.422746 -5.218306
v 16.565935 0.658685 -6.086357
v 16.319807 0.928876 -6.935511
v 16.163624 1.102806 -7.822613
v 16.200535 1.066478 -8.850995
v 16.321129 0.938374 -9.987372
v 16.377388 0.881617 -11.096450
v 16.392134 0.869849 -12.154939
v 16.430798 0.828443 -13.177016
v 16.511684 0.734558 -14.166903
v 16.608538 0.620118 -15.139851
v 16.696051 0.518403 -16.117847
v 16.776756 0.427150 -17.105221
v 16.856205 0.338672 -18.097086
v 16.930384 0.256344 -19.088884
v 16.992720 0.187080 -20.078526
v 17.040577 0.133807 -21.065708
v 17.075155 0.095214 -22.050808
v 17.099319 0.068162 -23.034372
v 17.115946 0.049456 -24.016855
v 18.131876 0.017439 24.014107
v 18.131342 0.019154 23.033213
v 18.130766 0.020916 22.052298
v 18.130192 0.022689 21.071381
v 18.129620 0.024426 20.090487
v 18.129070 0.026075 19.109619
v 18.128553 0.027581 18.128803
v 18.128075 0.028895 17.148043
v 18.127674 0.029975 16.167370
v 18.127329 0.030789 15.186778
v 18.127047 0.031327 14.206289
v 18.126839 0.031594 13.225894
v 18.126678 0.031614 12.245598
v 18.126537 0.031426 11.265388
v 18.126419 0.031084 10.285265
v 18.126270 0.030651 9.305223
v 18.126057 0.030202 8.325253
v 18.125738 0.029819 7.345357
v 18.125233 0.029604 6.365551
v 18.124468 0.029679 5.385850
v 18.123281 0.030210 4.406298
v 18.121502 0.031429 3.426970
v 18.118799 0.033688 2.447994
v 18.114681 0.037540 1.469579
v 18.108341 0.043881 0.492090
v 18.098419 0.054208 -0.483851
v 18.082575 0.071069 -1.457172
v 18.056772 0.098863 -2.426034
v 18.014071 0.145177 -3.387375
v 17.942686 0.222804 -4.336403
v 17.824160 0.351786 -5.266482
v 17.636358 0.556095 -6.170436
v 17.388922 0.825644 -7.049060
v 17.227093 1.003865 -7.951088
v 17.309601 0.917733 -8.972716
v 17.473381 0.743412 -10.068050
v 17.569609 0.643877 -11.148928
v 17.605589 0.611438 -12.203326
v 17.630795 0.588474 -13.230357
v 17.687996 0.521754 -14.217331
v 17.764467 0.429062 -15.182339
v 17.831957 0.348367 -16.151869
v 17.888090 0.283145 -17.130381
v 17.937735 0.226794 -18.114109
v 17.982161 0.176931 -19.099592
v 18.020126 0.134483 -20.084925
v 18.050636 0.100388 -21.069405
v 18.073908 0.074340 -22.052876
v 18.091034 0.055107 -23.035488
v 18.103388 0.041174 -24.017433
v 19.113079 0.014747 24.014965
v 19.112648 0.016087 23.034166
v 19.112202 0.017454 22.053379
v 19.111757 0.018819 21.072582
v 19.111313 0.020151 20.091806
v 19.110882 0.021413 19.111050
v 19.110477 0.022568 18.130342
v 19.110107 0.023584 17.149675
v 19.109764 0.024432 16.169065
v 19.109484 0.025094 15.188522
v 19.109236 0.025562 14.208048
v 19.109026 0.025840 13.227646
v 19.108852 0.025945 12.247319
v 19.108698 0.025904 11.267060
v 19.108532 0.025757 10.286870
v 19.108341 0.025551 9.306742
v 19.108086 0.025341 8.326680
v 19.107731 0.025196 7.346686
v 19.107224 0.025198 6.366772
v 19.106447 0.025451 5.386955
v 19.105341 0.026095 4.407273
v 19.103699 0.027328 3.427791
v 19.101265 0.029446 2.448607
v 19.097631 0.032901 1.469890
v 19.092167 0.038413 0.491909
v 19.083775 0.047149 -0.484896
v 19.070705 0.061033 -1.459817
v 19.050007 0.083276 -2.431755
v 19.016710 0.119259 -3.399077
v 18.962553 0.177920 -4.359593
v 18.874350 0.273458 -5.310736
v 18.735783 0.423410 -6.250170
v 18.554743 0.619403 -7.179874
v 18.441813 0.742734 -8.125641
v 18.508583 0.673051 -9.127372
v 18.635660 0.538806 -10.162631
v 18.719183 0.452372 -11.197552
v 18.758879 0.413948 -12.223096
v 18.784605 0.388711 -13.233006
v 18.822298 0.345312 -14.219955
v 18.869835 0.287975 -15.192704
v 18.913795 0.235163 -16.165562
v 18.950718 0.191737 -17.142986
v 18.982367 0.155317 -18.123898
v 19.010027 0.123941 -19.106449
v 19.033787 0.097175 -20.089436
v 19.053417 0.075101 -21.072218
v 19.069012 0.057566 -22.054571
v 19.081011 0.044054 -23.036463
v 19.090023 0.033854 -24.017975
v 20.094131 0.012532 24.015665
v 20.093790 0.013590 23.034954
v 20.093445 0.014660 22.054243
v 20.093081 0.015724 21.073549
v 20.092733 0.016759 20.092854
v 20.092400 0.017738 19.112186
v 20.092070 0.018638 18.131542
v 20.091764 0.019435 17.150942
v 20.091496 0.020113 16.170387
v 20.091249 0.020657 15.189877
v 20.091040 0.021063 14.209418
v 20.090843 0.021336 13.229015
v 20.090672 0.021486 12.248669
v 20.090498 0.021535 11.268377
v 20.090326 0.021511 10.288136
v 20.090105 0.021449 9.307950
v 20.089836 0.021395 8.327822
v 20.089474 0.021401 7.347750
v 20.088970 0.021535 6.367748
v 20.088249 0.021883 5.387834
v 20.087231 0.022560 4.408035
v 20.085766 0.023728 3.428406
v 20.083651 0.025624 2.449018
v 20.080553 0.028602 1.469997
v 20.075983 0.033207 0.491527
v 20.069174 0.040292 -0.486106
v 20.058874 0.051206 -1.462485
v 20.043100 0.068095 -2.437029
v 20.018724 0.094356 -3.409004
v 19.980881 0.135206 -4.377652
v 19.922955 0.197752 -5.342505
v 19.840025 0.287239 -6.304011
v 19.745024 0.389834 -7.265244
v 19.690472 0.449355 -8.235119
v 19.716352 0.422933 -9.222836
v 19.779423 0.356921 -10.224075
v 19.830658 0.303937 -11.229196
v 19.861948 0.272336 -12.232023
v 19.884233 0.249244 -13.227806
v 19.908207 0.222087 -14.213736
v 19.935251 0.190050 -15.192697
v 19.961397 0.158893 -16.170139
v 19.984512 0.131680 -17.148912
v 20.004623 0.108361 -18.129284
v 20.022221 0.088237 -19.110662
v 20.037443 0.070957 -20.092442
v 20.050295 0.056428 -21.074244
v 20.060810 0.044542 -22.055864
v 20.069176 0.035063 -23.037266
v 20.075705 0.027650 -24.018438
v 21.075073 0.010702 24.016239
v 21.074799 0.011544 23.035595
v 21.074520 0.012391 22.054956
v 21.074234 0.013230 21.074329
v 21.073956 0.014044 20.093697
v 21.073685 0.014814 19.113089
v 21.073416 0.015524 18.132502
v 21.073174 0.016159 17.151955
v 21.072948 0.016707 16.171432
v 21.072737 0.017159 15.190947
v 21.072546 0.017512 14.210501
v 21.072371 0.017770 13.230099
v 21.072197 0.017942 12.249740
v 21.072037 0.018042 11.269424
v 21.071840 0.018094 10.289143
v 21.071625 0.018123 9.308916
v 21.071356 0.018165 8.328731
v 21.071005 0.018263 7.348601
v 21.070532 0.018470 6.368529
v 21.069876 0.018856 5.388531
v 21.068972 0.019513 4.408630
v 21.067690 0.020569 3.428865
v 21.065895 0.022206 2.449291
v 21.063324 0.024687 1.469989
v 21.059645 0.028405 0.491083
v 21.054304 0.033945 -0.487260
v 21.046494 0.042185 -1.464813
v 21.035017 0.054427 -2.441302
v 21.018147 0.072542 -3.416452
v 20.993587 0.098985 -4.390111
v 20.959137 0.136105 -5.362449
v 20.915365 0.183289 -6.334264
v 20.871475 0.230700 -7.307340
v 20.846966 0.257510 -8.284424
v 20.853434 0.251333 -9.267634
v 20.878548 0.225333 -10.256247
v 20.904276 0.198733 -11.247512
v 20.923952 0.178437 -12.238487
v 20.939581 0.161851 -13.226692
v 20.954723 0.144884 -14.210938
v 20.970451 0.126567 -15.192024
v 20.985884 0.108382 -16.171848
v 21.000114 0.091676 -17.151770
v 21.012892 0.076842 -18.132257
v 21.024229 0.063804 -19.113207
v 21.034161 0.052454 -20.094400
v 21.042702 0.042737 -21.075636
v 21.049866 0.034595 -22.056818
v 21.055725 0.027915 -23.037884
v 21.060434 0.022532 -24.018816
v 22.055929 0.009183 24.016724
v 22.055704 0.009859 23.036127
v 22.055479 0.010536 22.055538
v 22.055243 0.011204 21.074959
v 22.055016 0.011851 20.094387
v 22.054796 0.012465 19.113819
v 22.054590 0.013033 18.133276
v 22.054377 0.013545 17.152765
v 22.054188 0.013993 16.172258
v 22.054010 0.014372 15.191796
v 22.053837 0.014679 14.211362
v 22.053684 0.014918 13.230961
v 22.053518 0.015096 12.250590
v 22.053354 0.015224 11.270258
v 22.053169 0.015320 10.289958
v 22.052961 0.015403 9.309692
v 22.052702 0.015502 8.329473
v 22.052370 0.015650 7.349289
v 22.051937 0.015890 6.369158
v 22.051355 0.016277 5.389090
v 22.050562 0.016882 4.409098
v 22.049482 0.017803 3.429215
v 22.047989 0.019175 2.449475
v 22.045910 0.021186 1.469932
v 22.043007 0.024104 0.490661
v 22.038950 0.028306 -0.488244
v 22.033218 0.034324 -1.466671
v 22.025169 0.042875 -2.444504
v 22.013964 0.054854 -3.421670
v 21.998768 0.071172 -4.398201
v 21.979252 0.092164 -5.374336
v 21.956886 0.116260 -6.350605
v 21.936365 0.138440 -7.327841
v 21.924568 0.151361 -8.306993
v 21.925020 0.151261 -9.288661
v 21.934258 0.141814 -10.272642
v 21.946131 0.129522 -11.258000
v 21.957138 0.118011 -12.243464
v 21.966930 0.107483 -13.227898
v 21.976341 0.096964 -14.210747
v 21.985800 0.086068 -15.192187
v 21.995117 0.075182 -16.172861
v 22.003973 0.064847 -17.153362
v 22.012142 0.055366 -18.133972
v 22.019522 0.046837 -19.114763
v 22.026098 0.039277 -20.095657
v 22.031862 0.032684 -21.076593
v 22.036791 0.027041 -22.057499
v 22.040922 0.022299 -23.038349
v 22.044331 0.018378 -24.019108
v 23.036709 0.007916 24.017124
v 23.036512 0.008463 23.036573
v 23.036335 0.009010 22.056015
v 23.036150 0.009547 21.075480
v 23.035957 0.010067 20.094934
v 23.035770 0.010562 19.114412
v 23.035603 0.011021 18.133902
v 23.035431 0.011439 17.153404
v 23.035267 0.011809 16.172930
v 23.035110 0.012129 15.192480
v 23.034956 0.012397 14.212052
v 23.034807 0.012615 13.231654
v 23.034662 0.012790 12.251278
v 23.034510 0.012930 11.270932
v 23.034346 0.013048 10.290614
v 23.034145 0.013161 9.310325
v 23.033907 0.013290 8.330069
v 23.033604 0.013462 7.349846
v 23.033211 0.013709 6.369667
v 23.032705 0.014074 5.389537
v 23.032024 0.014611 4.409473
v 23.031124 0.015392 3.429486
v 23.029905 0.016515 2.449605
v 23.028259 0.018108 1.469864
v 23.026041 0.020345 0.490306
v 23.023003 0.023460 -0.489022
v 23.018890 0.027748 -1.468066
v 23.013382 0.033571 -2.446789
v 23.006119 0.041297 -3.425187
v 22.996899 0.051161 -4.403326
v 22.985924 0.062939 -5.381385
v 22.974260 0.075483 -6.359653
v 22.964075 0.086485 -7.338519
v 22.957884 0.093247 -8.318350
v 22.956909 0.094466 -9.299350
v 22.960148 0.091185 -10.281428
v 22.965494 0.085614 -11.264195
v 22.971357 0.079395 -12.247100
v 22.977180 0.073072 -13.229650
v 22.982960 0.066596 -14.211555
v 22.988785 0.059922 -15.192834
v 22.994572 0.053207 -16.173693
v 23.000172 0.046686 -17.154381
v 23.005440 0.040549 -18.135046
v 23.010321 0.034900 -19.115744
v 23.014734 0.029796 -20.096487
v 23.018665 0.025262 -21.077250
v 23.022102 0.021305 -22.057976
v 23.025053 0.017907 -23.038675
v 23.027534 0.015034 -24.019335
v 24.017422 0.006855 24.017454
v 24.017262 0.007301 23.036940
v 24.017109 0.007745 22.056416
v 24.016958 0.008182 21.075903
v 24.016796 0.008605 20.095392
v 24.016649 0.009007 19.114893
v 24.016497 0.009382 18.134405
v 24.016356 0.009726 17.153931
v 24.016214 0.010036 16.173481
v 24.016085 0.010307 15.193036
v 24.015951 0.010540 14.212621
v 24.015821 0.010738 13.232218
v 24.015680 0.010905 12.251839
v 24.015543 0.011047 11.271482
v 24.015381 0.011174 10.291144
v 24.015194 0.011301 9.310838
v 24.014988 0.011442 8.330553
v 24.014715 0.011619 7.350300
v 24.014370 0.011857 6.370081
v 24.013937 0.012188 5.389902
v 24.013367 0.012652 4.409769
v 24.012621 0.013302 3.429700
v 24.011648 0.014203 2.449707
v 24.010365 0.015443 1.469809
v 24.008667 0.017130 0.490031
v 24.006445 0.019398 -0.489603
v 24.003542 0.022406 -1.469073
v 23.999817 0.026315 -2.448372
v 23.995157 0.031251 -3.427514
v 23.989550 0.037210 -4.406559
v 23.983280 0.043923 -5.385617
v 23.976934 0.050715 -6.364841
v 23.971512 0.056535 -7.344422
v 23.968033 0.060316 -8.324516
v 23.966957 0.061534 -9.305187
v 23.967987 0.060479 -10.286401
v 23.970398 0.057927 -11.267975
v 23.973495 0.054590 -12.249665
v 23.976881 0.050856 -13.231240
v 23.980429 0.046866 -14.212559
v 23.984064 0.042692 -15.193593
v 23.987734 0.038438 -16.174412
v 23.991343 0.034232 -17.155107
v 23.994812 0.030189 -18.135759
v 23.998074 0.026394 -19.116392
v 24.001080 0.022900 -20.097046
v 24.003809 0.019741 -21.077690
v 24.006226 0.016932 -22.058319
v 24.008339 0.014474 -23.038923
v 24.010157 0.012353 -24.019499
vn 0.0020 1.0000 -0.0016
vn -0.0057 1.0000 -0.0045
vn -0.0068 1.0000 -0.0055
vn -0.0081 0.9999 -0.0069
vn -0.0097 0.9999 -0.0086
vn -0.0115 0.9999 -0.0108
vn -0.0137 0.9998 -0.0136
vn -0.0161 0.9997 -0.0171
vn -0.0188 0.9996 -0.0216
vn -0.0215 0.9994 -0.0272
vn -0.0240 0.9991 -0.0340
vn -0.0258 0.9988 -0.0421
vn -0.0262 0.9983 -0.0513
vn -0.0244 0.9978 -0.0609
vn -0.0200 0.9974 -0.0698
vn -0.0127 0.9970 -0.0766
vn -0.0034 0.9968 -0.0799
vn 0.0065 0.9968 -0.0791
vn 0.0154 0.9971 -0.0742
vn 0.0218 0.9976 -0.0663
vn 0.0254 0.9981 -0.0568
vn 0.0263 0.9985 -0.0470
vn 0.0251 0.9990 -0.0381
vn 0.0228 0.9993 -0.0304
vn 0.0198 0.9995 -0.0241
vn 0.0166 0.9997 -0.0192
vn 0.0135 0.9998 -0.0155
vn 0.0106 0.9999 -0.0129
vn 0.0080 0.9999 -0.0112
vn 0.0057 0.9999 -0.0103
vn 0.0036 0.9999 -0.0100
vn 0.0017 0.9999 -0.0104
vn -0.0000 0.9999 -0.0113
vn -0.0013 0.9999 -0.0128
vn -0.0024 0.9999 -0.0148
vn -0.0030 0.9998 -0.0172
vn -0.0030 0.9998 -0.0197
vn -0.0021 0.9998 -0.0221
vn -0.0005 0.9997 -0.0237
vn 0.0017 0.9997 -0.0242
vn 0.0040 0.9997 -0.0232
vn 0.0059 0.9998 -0.0210
vn 0.0070 0.9998 -0.0180
vn 0.0073 0.9999 -0.0147
vn 0.0069 0.9999 -0.0116
vn 0.0062 0.9999 -0.0089
vn 0.0053 1.0000 -0.0068
vn 0.0045 1.0000 -0.0051
vn 0.0037 1.0000 -0.0038
vn 0.0030 1.0000 -0.0029
vn 0.0024 1.0000 -0.0021
vn -0.0026 1.0000 0.0021
vn -0.0030 1.0000 0.0023
vn -0.0034 1.0000 0.0026
vn -0.0039 1.0000 0.0028
vn -0.0045 1.0000 0.0031
vn -0.0052 1.0000 0.0033
vn -0.0059 1.0000 0.0036
vn -0.0067 1.0000 0.0038
vn -0.0075 1.0000 0.0041
vn -0.0084 1.0000 0.0043
vn -0.0094 0.9999 0.0046
vn -0.0105 0.9999 0.0048
vn -0.0116 0.9999 0.0050
vn -0.0128 0.9999 0.0052
vn -0.0140 0.9999 0.0054
vn -0.0153 0.9999 0.0056
vn -0.0167 0.9998 0.0058
vn -0.0181 0.9998 0.0059
vn -0.0196 0.9998 0.0061
vn -0.0212 0.9998 0.0062
vn -0.0229 0.9997 0.0063
vn -0.0246 0.9997 0.0063
vn -0.0264 0.9996 0.0063
vn -0.0281 0.9996 0.0061
vn -0.0299 0.9995 0.0058
vn -0.0316 0.9995 0.0054
vn -0.0332 0.9994 0.0049
vn -0.0346 0.9994 0.0041
vn -0.0359 0.9994 0.0032
vn -0.0369 0.9993 0.0021
vn -0.0375 0.9993 0.0008
vn -0.0377 0.9993 -0.0006
vn -0.0375 0.9993 -0.0021
vn -0.0368 0.9993 -0.0036
vn -0.0356 0.9994 -0.0050
vn -0.0339 0.9994 -0.0062
vn -0.0319 0.9995 -0.0072
vn -0.0297 0.9995 -0.0079
vn -0.0272 0.9996 -0.0084
vn -0.0247 0.9997 -0.0086
vn -0.0223 0.9997 -0.0086
vn -0.0199 0.9998 -0.0084
vn -0.0177 0.9998 -0.0081
vn -0.0156 0.9998 -0.0077
vn -0.0138 0.9999 -0.0072
vn -0.0121 0.9999 -0.0068
vn -0.0105 0.9999 -0.0063
vn -0.0091 0.9999 -0.0058
vn -0.0078 1.0000 -0.0054
vn -0.0067 1.0000 -0.0049
vn -0.0030 1.0000 0.0025
vn -0.0035 1.0000 0.0028
vn -0.0040 1.0000 0.0031
vn -0.0047 1.0000 0.0034
vn -0.0054 1.0000 0.0037
vn -0.0062 1.0000 0.0041
vn -0.0071 1.0000 0.0044
vn -0.0081 1.0000 0.0048
vn -0.0092 0.9999 0.0051
vn -0.0104 0.9999 0.0054
vn -0.0117 0.9999 0.0057
vn -0.0130 0.9999 0.0060
vn -0.0145 0.9999 0.0063
vn -0.0160 0.9999 0.0066
vn -0.0176 0.9998 0.0069
vn -0.0193 0.9998 0.0071
vn -0.0211 0.9997 0.0074
vn -0.0230 0.9997 0.0077
vn -0.0250 0.9997 0.0079
vn -0.0272 0.9996 0.0081
vn -0.0294 0.9995 0.0083
vn -0.0317 0.9995 0.0084
vn -0.0341 0.9994 0.0083
vn -0.0366 0.9993 0.0082
vn -0.0390 0.9992 0.0079
vn -0.0413 0.9991 0.0074
vn -0.0435 0.9990 0.0067
vn -0.0456 0.9989 0.0057
vn -0.0473 0.9989 0.0046
vn -0.0488 0.9988 0.0031
vn -0.0497 0.9988 0.0014
vn -0.0501 0.9987 -0.0006
vn -0.0498 0.9988 -0.0027
vn -0.0489 0.9988 -0.0048
vn -0.0472 0.9989 -0.0067
vn -0.0450 0.9990 -0.0084
vn -0.0422 0.9991 -0.0098
vn -0.0390 0.9992 -0.0108
vn -0.0355 0.9993 -0.0114
vn -0.0321 0.9994 -0.0116
vn -0.0286 0.9995 -0.0115
vn -0.0254 0.9996 -0.0111
vn -0.0224 0.9997 -0.0106
vn -0.0197 0.9998 -0.0099
vn -0.0172 0.9998 -0.0093
vn -0.0150 0.9999 -0.0086
vn -0.0130 0.9999 -0.0080
vn -0.0111 0.9999 -0.0074
vn -0.0095 0.9999 -0.0067
vn -0.0081 0.9999 -0.0061
vn -0.0035 1.0000 0.0031
vn -0.0041 1.0000 0.0034
vn -0.0048 1.0000 0.0038
vn -0.0056 1.0000 0.0042
vn -0.0065 1.0000 0.0046
vn -0.0075 1.0000 0.0050
vn -0.0087 0.9999 0.0055
vn -0.0099 0.9999 0.0059
vn -0.0113 0.9999 0.0064
vn -0.0129 0.9999 0.0068
vn -0.0145 0.9999 0.0073
vn -0.0163 0.9998 0.0077
vn -0.0182 0.9998 0.0081
vn -0.0203 0.9998 0.0084
vn -0.0224 0.9997 0.0088
vn -0.0246 0.9997 0.0092
vn -0.0270 0.9996 0.0095
vn -0.0295 0.9995 0.0099
vn -0.0322 0.9994 0.0103
vn -0.0350 0.9993 0.0107
vn -0.0380 0.9992 0.0110
vn -0.0412 0.9991 0.0112
vn -0.0445 0.9989 0.0112
vn -0.0479 0.9988 0.0111
vn -0.0513 0.9986 0.0107
vn -0.0545 0.9985 0.0101
vn -0.0576 0.9983 0.0092
vn -0.0604 0.9981 0.0080
vn -0.0629 0.9980 0.0065
vn -0.0649 0.9979 0.0045
vn -0.0663 0.9978 0.0022
vn -0.0669 0.9978 -0.0005
vn -0.0667 0.9978 -0.0034
vn -0.0654 0.9978 -0.0064
vn -0.0632 0.9980 -0.0091
vn -0.0600 0.9981 -0.0115
vn -0.0561 0.9983 -0.0135
vn -0.0516 0.9986 -0.0149
vn -0.0468 0.9988 -0.0157
vn -0.0418 0.9990 -0.0158
vn -0.0370 0.9992 -0.0155
vn -0.0325 0.9994 -0.0148
vn -0.0285 0.9995 -0.0139
vn -0.0248 0.9996 -0.0130
vn -0.0216 0.9997 -0.0120
vn -0.0187 0.9998 -0.0111
vn -0.0160 0.9998 -0.0102
vn -0.0137 0.9999 -0.0093
vn -0.0116 0.9999 -0.0085
vn -0.0097 0.9999 -0.0077
vn -0.0041 1.0000 0.0037
vn -0.0048 1.0000 0.0041
vn -0.0057 1.0000 0.0046
vn -0.0067 1.0000 0.0051
vn -0.0078 1.0000 0.0057
vn -0.0091 0.9999 0.0063
vn -0.0106 0.9999 0.0069
vn -0.0122 0.9999 0.0075
vn -0.0141 0.9999 0.0081
vn -0.0161 0.9998 0.0087
vn -0.0183 0.9998 0.0093
vn -0.0206 0.9997 0.0098
vn -0.0232 0.9997 0.0103
vn -0.0258 0.9996 0.0108
vn -0.0286 0.9995 0.0113
vn -0.0316 0.9994 0.0118
vn -0.0347 0.9993 0.0123
vn -0.0381 0.9992 0.0129
vn -0.0416 0.9990 0.0135
vn -0.0455 0.9989 0.0141
vn -0.0496 0.9987 0.0146
vn -0.0540 0.9984 0.0150
vn -0.0587 0.9982 0.0152
vn -0.0634 0.9979 0.0151
vn -0.0681 0.9976 0.0147
vn -0.0726 0.9973 0.0138
vn -0.0768 0.9970 0.0126
vn -0.0806 0.9967 0.0111
vn -0.0839 0.9964 0.0091
vn -0.0867 0.9962 0.0066
vn -0.0888 0.9960 0.0035
vn -0.0898 0.9960 -0.0003
vn -0.0896 0.9960 -0.0044
vn -0.0880 0.9961 -0.0085
vn -0.0850 0.9963 -0.0124
vn -0.0807 0.9966 -0.0159
vn -0.0753 0.9970 -0.0187
vn -0.0689 0.9974 -0.0207
vn -0.0620 0.9978 -0.0218
vn -0.0549 0.9983 -0.0219
vn -0.0481 0.9986 -0.0211
vn -0.0418 0.9989 -0.0199
vn -0.0363 0.9992 -0.0184
vn -0.0314 0.9994 -0.0170
vn -0.0271 0.9995 -0.0156
vn -0.0233 0.9996 -0.0143
vn -0.0199 0.9997 -0.0131
vn -0.0169 0.9998 -0.0119
vn -0.0141 0.9998 -0.0108
vn -0.0118 0.9999 -0.0097
vn -0.0047 1.0000 0.0045
vn -0.0057 1.0000 0.0050
vn -0.0067 1.0000 0.0057
vn -0.0080 0.9999 0.0064
vn -0.0095 0.9999 0.0071
vn -0.0111 0.9999 0.0079
vn -0.0130 0.9999 0.0087
vn -0.0152 0.9998 0.0095
vn -0.0176 0.9998 0.0103
vn -0.0202 0.9997 0.0111
vn -0.0231 0.9997 0.0119
vn -0.0263 0.9996 0.0127
vn -0.0297 0.9995 0.0134
vn -0.0333 0.9993 0.0140
vn -0.0370 0.9992 0.0147
vn -0.0410 0.9990 0.0153
vn -0.0451 0.9989 0.0161
vn -0.0495 0.9986 0.0169
vn -0.0543 0.9984 0.0178
vn -0.0596 0.9980 0.0188
vn -0.0653 0.9977 0.0197
vn -0.0714 0.9972 0.0204
vn -0.0779 0.9967 0.0208
vn -0.0846 0.9962 0.0207
vn -0.0912 0.9956 0.0202
vn -0.0975 0.9951 0.0190
vn -0.1032 0.9945 0.0172
vn -0.1082 0.9940 0.0151
vn -0.1125 0.9936 0.0126
vn -0.1162 0.9932 0.0095
vn -0.1191 0.9929 0.0053
vn -0.1206 0.9927 0.0002
vn -0.1205 0.9927 -0.0056
vn -0.1184 0.9929 -0.0114
vn -0.1145 0.9933 -0.0168
vn -0.1089 0.9938 -0.0218
vn -0.1015 0.9945 -0.0259
vn -0.0926 0.9953 -0.0290
vn -0.0826 0.9961 -0.0306
vn -0.0723 0.9969 -0.0305
vn -0.0626 0.9976 -0.0291
vn -0.0539 0.9982 -0.0269
vn -0.0463 0.9986 -0.0245
vn -0.0399 0.9990 -0.0222
vn -0.0342 0.9992 -0.0202
vn -0.0293 0.9994 -0.0184
vn -0.0248 0.9996 -0.0168
vn -0.0208 0.9997 -0.0152
vn -0.0173 0.9998 -0.0137
vn -0.0142 0.9998 -0.0122
vn -0.0055 1.0000 0.0054
vn -0.0067 1.0000 0.0062
vn -0.0080 0.9999 0.0070
vn -0.0096 0.9999 0.0079
vn -0.0115 0.9999 0.0089
vn -0.0136 0.9999 0.0099
vn -0.0161 0.9998 0.0110
vn -0.0189 0.9997 0.0121
vn -0.0221 0.9997 0.0132
vn -0.0256 0.9996 0.0144
vn -0.0295 0.9994 0.0155
vn -0.0338 0.9993 0.0165
vn -0.0384 0.9991 0.0175
vn -0.0433 0.9989 0.0183
vn -0.0483 0.9986 0.0192
vn -0.0536 0.9984 0.0200
vn -0.0591 0.9980 0.0210
vn -0.0650 0.9976 0.0222
vn -0.0715 0.9972 0.0237
vn -0.0786 0.9966 0.0252
vn -0.0864 0.9959 0.0266
vn -0.0950 0.9951 0.0279
vn -0.1042 0.9941 0.0286
vn -0.1137 0.9931 0.0287
vn -0.1232 0.9920 0.0279
vn -0.1320 0.9909 0.0260
vn -0.1396 0.9899 0.0232
vn -0.1457 0.9891 0.0201
vn -0.1508 0.9884 0.0169
vn -0.1552 0.9878 0.0131
vn -0.1588 0.9873 0.0079
vn -0.1611 0.9869 0.0009
vn -0.1610 0.9869 -0.0071
vn -0.1585 0.9872 -0.0152
vn -0.1537 0.9879 -0.0226
vn -0.1467 0.9887 -0.0295
vn -0.1371 0.9899 -0.0359
vn -0.1248 0.9913 -0.0410
vn -0.1105 0.9929 -0.0435
vn -0.0955 0.9945 -0.0431
vn -0.0814 0.9959 -0.0404
vn -0.0693 0.9969 -0.0366
vn -0.0591 0.9977 -0.0326
vn -0.0506 0.9983 -0.0292
vn -0.0433 0.9987 -0.0263
vn -0.0368 0.9990 -0.0238
vn -0.0310 0.9993 -0.0217
vn -0.0258 0.9995 -0.0196
vn -0.0211 0.9996 -0.0175
vn -0.0171 0.9997 -0.0155
vn -0.0065 1.0000 0.0066
vn -0.0079 0.9999 0.0075
vn -0.0096 0.9999 0.0086
vn -0.0116 0.9999 0.0098
vn -0.0140 0.9998 0.0111
vn -0.0168 0.9998 0.0125
vn -0.0200 0.9997 0.0140
vn -0.0237 0.9996 0.0156
vn -0.0279 0.9995 0.0172
vn -0.0327 0.9993 0.0187
vn -0.0380 0.9991 0.0203
vn -0.0439 0.9988 0.0218
vn -0.0502 0.9985 0.0231
vn -0.0568 0.9981 0.0242
vn -0.0638 0.9976 0.0252
vn -0.0709 0.9971 0.0263
vn -0.0783 0.9965 0.0276
vn -0.0861 0.9959 0.0293
vn -0.0947 0.9950 0.0315
vn -0.1043 0.9940 0.0339
vn -0.1152 0.9927 0.0363
vn -0.1271 0.9912 0.0382
vn -0.1399 0.9894 0.0395
vn -0.1532 0.9874 0.0398
vn -0.1666 0.9853 0.0387
vn -0.1790 0.9832 0.0354
vn -0.1890 0.9815 0.0305
vn -0.1958 0.9803 0.0254
vn -0.2005 0.9795 0.0214
vn -0.2046 0.9787 0.0174
vn -0.2087 0.9779 0.0113
vn -0.2115 0.9774 0.0019
vn -0.2114 0.9773 -0.0094
vn -0.2083 0.9779 -0.0200
vn -0.2028 0.9788 -0.0294
vn -0.1952 0.9800 -0.0388
vn -0.1840 0.9817 -0.0489
vn -0.1678 0.9841 -0.0580
vn -0.1472 0.9871 -0.0626
vn -0.1253 0.9902 -0.0616
vn -0.1052 0.9929 -0.0564
vn -0.0885 0.9948 -0.0496
vn -0.0751 0.9962 -0.0432
vn -0.0642 0.9972 -0.0381
vn -0.0548 0.9979 -0.0341
vn -0.0464 0.9984 -0.0309
vn -0.0388 0.9989 -0.0281
vn -0.0319 0.9992 -0.0254
vn -0.0257 0.9994 -0.0226
vn -0.0205 0.9996 -0.0198
vn -0.0076 0.9999 0.0080
vn -0.0093 0.9999 0.0093
vn -0.0115 0.9999 0.0107
vn -0.0140 0.9998 0.0123
vn -0.0171 0.9998 0.0141
vn -0.0207 0.9997 0.0160
vn -0.0250 0.9995 0.0180
vn -0.0299 0.9993 0.0202
vn -0.0356 0.9991 0.0224
vn -0.0420 0.9988 0.0247
vn -0.0493 0.9984 0.0269
vn -0.0574 0.9979 0.0290
vn -0.0662 0.9973 0.0308
vn -0.0755 0.9966 0.0323
vn -0.0852 0.9958 0.0336
vn -0.0949 0.9949 0.0347
vn -0.1047 0.9938 0.0362
vn -0.1149 0.9926 0.0385
vn -0.1262 0.9911 0.0419
vn -0.1391 0.9892 0.0458
vn -0.1539 0.9868 0.0495
vn -0.1702 0.9840 0.0522
vn -0.1874 0.9808 0.0540
vn -0.2052 0.9772 0.0547
vn -0.2234 0.9733 0.0533
vn -0.2404 0.9695 0.0480
vn -0.2533 0.9666 0.0387
vn -0.2596 0.9653 0.0293
vn -0.2611 0.9650 0.0240
vn -0.2623 0.9648 0.0213
vn -0.2655 0.9640 0.0152
vn -0.2685 0.9633 0.0027
vn -0.2680 0.9633 -0.0129
vn -0.2637 0.9642 -0.0260
vn -0.2584 0.9654 -0.0362
vn -0.2523 0.9664 -0.0481
vn -0.2418 0.9682 -0.0648
vn -0.2220 0.9716 -0.0818
vn -0.1932 0.9770 -0.0907
vn -0.1616 0.9829 -0.0882
vn -0.1335 0.9880 -0.0783
vn -0.1115 0.9915 -0.0665
vn -0.0946 0.9939 -0.0565
vn -0.0811 0.9955 -0.0493
vn -0.0694 0.9966 -0.0442
vn -0.0586 0.9975 -0.0403
vn -0.0485 0.9982 -0.0367
vn -0.0393 0.9987 -0.0330
vn -0.0312 0.9991 -0.0292
vn -0.0244 0.9994 -0.0253
vn -0.0088 0.9999 0.0098
vn -0.0110 0.9999 0.0115
vn -0.0137 0.9998 0.0134
vn -0.0170 0.9997 0.0155
vn -0.0210 0.9996 0.0179
vn -0.0258 0.9995 0.0205
vn -0.0314 0.9992 0.0233
vn -0.0380 0.9989 0.0263
vn -0.0456 0.9985 0.0295
vn -0.0543 0.9980 0.0327
vn -0.0643 0.9973 0.0360
vn -0.0756 0.9964 0.0391
vn -0.0880 0.9952 0.0418
vn -0.1013 0.9939 0.0438
vn -0.1150 0.9923 0.0451
vn -0.1285 0.9906 0.0461
vn -0.1415 0.9888 0.0474
vn -0.1544 0.9867 0.0504
vn -0.1686 0.9841 0.0554
vn -0.1855 0.9807 0.0617
vn -0.2054 0.9764 0.0673
vn -0.2270 0.9714 0.0704
vn -0.2484 0.9660 0.0714
vn -0.2691 0.9604 0.0720
vn -0.2905 0.9542 0.0711
vn -0.3119 0.9480 0.0636
vn -0.3279 0.9436 0.0464
vn -0.3319 0.9429 0.0279
vn -0.3254 0.9454 0.0205
vn -0.3188 0.9476 0.0222
vn -0.3187 0.9477 0.0188
vn -0.3210 0.9471 0.0026
vn -0.3192 0.9475 -0.0188
vn -0.3133 0.9491 -0.0332
vn -0.3090 0.9502 -0.0407
vn -0.3080 0.9499 -0.0540
vn -0.3025 0.9497 -0.0817
vn -0.2813 0.9528 -0.1142
vn -0.2433 0.9611 -0.1309
vn -0.2004 0.9717 -0.1249
vn -0.1641 0.9807 -0.1064
vn -0.1374 0.9867 -0.0870
vn -0.1180 0.9904 -0.0723
vn -0.1022 0.9928 -0.0629
vn -0.0878 0.9945 -0.0570
vn -0.0739 0.9959 -0.0525
vn -0.0604 0.9970 -0.0481
vn -0.0481 0.9979 -0.0432
vn -0.0374 0.9986 -0.0379
vn -0.0286 0.9991 -0.0324
vn -0.0103 0.9999 0.0120
vn -0.0130 0.9998 0.0142
vn -0.0164 0.9997 0.0168
vn -0.0207 0.9996 0.0197
vn -0.0258 0.9994 0.0229
vn -0.0321 0.9991 0.0265
vn -0.0396 0.9988 0.0304
vn -0.0484 0.9982 0.0346
vn -0.0588 0.9975 0.0391
vn -0.0707 0.9965 0.0438
vn -0.0845 0.9952 0.0486
vn -0.1002 0.9935 0.0532
vn -0.1177 0.9914 0.0573
vn -0.1369 0.9888 0.0602
vn -0.1566 0.9857 0.0615
vn -0.1756 0.9825 0.0615
vn -0.1928 0.9793 0.0617
vn -0.2083 0.9759 0.0646
vn -0.2248 0.9717 0.0721
vn -0.2454 0.9659 0.0826
vn -0.2713 0.9582 0.0908
vn -0.2988 0.9499 0.0920
vn -0.3219 0.9427 0.0878
vn -0.3386 0.9370 0.0857
vn -0.3545 0.9310 0.0875
vn -0.3745 0.9237 0.0805
vn -0.3925 0.9183 0.0514
vn -0.3930 0.9194 0.0146
vn -0.3730 0.9278 0.0035
vn -0.3528 0.9356 0.0162
vn -0.3464 0.9378 0.0206
vn -0.3475 0.9377 0.0006
vn -0.3442 0.9385 -0.0280
vn -0.3367 0.9407 -0.0410
vn -0.3342 0.9416 -0.0406
vn -0.3400 0.9389 -0.0534
vn -0.3429 0.9343 -0.0974
vn -0.3243 0.9332 -0.1548
vn -0.2807 0.9422 -0.1827
vn -0.2310 0.9581 -0.1694
vn -0.1917 0.9717 -0.1378
vn -0.1646 0.9803 -0.1087
vn -0.1451 0.9854 -0.0895
vn -0.1280 0.9886 -0.0790
vn -0.1107 0.9911 -0.0733
vn -0.0925 0.9933 -0.0689
vn -0.0746 0.9952 -0.0636
vn -0.0581 0.9967 -0.0568
vn -0.0440 0.9978 -0.0492
vn -0.0327 0.9986 -0.0413
vn -0.0119 0.9998 0.0147
vn -0.0153 0.9997 0.0176
vn -0.0196 0.9996 0.0211
vn -0.0251 0.9994 0.0250
vn -0.0319 0.9991 0.0295
vn -0.0402 0.9986 0.0345
vn -0.0503 0.9979 0.0399
vn -0.0622 0.9970 0.0458
vn -0.0762 0.9957 0.0521
vn -0.0925 0.9940 0.0588
vn -0.1114 0.9916 0.0659
vn -0.1331 0.9884 0.0729
vn -0.1577 0.9843 0.0793
vn -0.1850 0.9792 0.0837
vn -0.2136 0.9732 0.0849
vn -0.2407 0.9671 0.0825
vn -0.2632 0.9615 0.0788
vn -0.2802 0.9566 0.0797
vn -0.2957 0.9510 0.0904
vn -0.3173 0.9421 0.1084
vn -0.3486 0.9294 0.1209
vn -0.3819 0.9170 0.1148
vn -0.4017 0.9109 0.0942
vn -0.4005 0.9125 0.0829
vn -0.3916 0.9156 0.0913
vn -0.3932 0.9148 0.0927
vn -0.4044 0.9132 0.0498
vn -0.3995 0.9166 -0.0179
vn -0.3660 0.9300 -0.0348
vn -0.3332 0.9429 -0.0014
vn -0.3209 0.9469 0.0183
vn -0.3211 0.9471 -0.0030
vn -0.3188 0.9471 -0.0381
vn -0.3129 0.9486 -0.0468
vn -0.3122 0.9493 -0.0362
vn -0.3193 0.9464 -0.0497
vn -0.3250 0.9390 -0.1126
vn -0.3120 0.9294 -0.1972
vn -0.2769 0.9319 -0.2344
vn -0.2388 0.9481 -0.2099
vn -0.2105 0.9637 -0.1642
vn -0.1913 0.9733 -0.1270
vn -0.1757 0.9787 -0.1060
vn -0.1586 0.9825 -0.0973
vn -0.1378 0.9860 -0.0943
vn -0.1141 0.9893 -0.0910
vn -0.0900 0.9924 -0.0844
vn -0.0682 0.9949 -0.0748
vn -0.0502 0.9967 -0.0636
vn -0.0362 0.9980 -0.0523
vn -0.0137 0.9997 0.0180
vn -0.0179 0.9996 0.0219
vn -0.0234 0.9994 0.0266
vn -0.0304 0.9990 0.0320
vn -0.0394 0.9985 0.0382
vn -0.0505 0.9977 0.0452
vn -0.0642 0.9965 0.0528
vn -0.0805 0.9949 0.0610
vn -0.0996 0.9926 0.0698
vn -0.1218 0.9894 0.0792
vn -0.1473 0.9851 0.0894
vn -0.1765 0.9792 0.0998
vn -0.2099 0.9716 0.1094
vn -0.2474 0.9619 0.1163
vn -0.2873 0.9506 0.1174
vn -0.3251 0.9392 0.1103
vn -0.3543 0.9300 0.0977
vn -0.3700 0.9245 0.0913
vn -0.3771 0.9202 0.1050
vn -0.3906 0.9104 0.1361
vn -0.4212 0.8934 0.1563
vn -0.4580 0.8787 0.1345
vn -0.4700 0.8791 0.0793
vn -0.4371 0.8981 0.0480
vn -0.3810 0.9221 0.0680
vn -0.3367 0.9375 0.0877
vn -0.3140 0.9488 0.0347
vn -0.2942 0.9532 -0.0692
vn -0.2653 0.9601 -0.0885
vn -0.2421 0.9698 -0.0279
vn -0.2330 0.9724 0.0114
vn -0.2345 0.9721 -0.0055
vn -0.2374 0.9705 -0.0424
vn -0.2372 0.9703 -0.0478
vn -0.2346 0.9715 -0.0332
vn -0.2311 0.9715 -0.0533
vn -0.2271 0.9653 -0.1287
vn -0.2233 0.9490 -0.2226
vn -0.2212 0.9404 -0.2583
vn -0.2210 0.9488 -0.2259
vn -0.2199 0.9597 -0.1747
vn -0.2161 0.9667 -0.1370
vn -0.2075 0.9709 -0.1199
vn -0.1913 0.9744 -0.1182
vn -0.1665 0.9786 -0.1213
vn -0.1357 0.9834 -0.1204
vn -0.1042 0.9882 -0.1119
vn -0.0764 0.9923 -0.0977
vn -0.0542 0.9952 -0.0812
vn -0.0378 0.9972 -0.0653
vn -0.0155 0.9996 0.0220
vn -0.0207 0.9994 0.0272
vn -0.0276 0.9991 0.0336
vn -0.0367 0.9985 0.0411
vn -0.0485 0.9976 0.0498
vn -0.0636 0.9962 0.0596
vn -0.0823 0.9941 0.0704
vn -0.1049 0.9911 0.0818
vn -0.1312 0.9869 0.0939
vn -0.1612 0.9811 0.1067
vn -0.1950 0.9734 0.1205
vn -0.2327 0.9632 0.1347
vn -0.2747 0.9500 0.1482
vn -0.3211 0.9338 0.1580
vn -0.3706 0.9152 0.1586
vn -0.4182 0.8969 0.1437
vn -0.4535 0.8838 0.1149
vn -0.4650 0.8805 0.0915
vn -0.4533 0.8851 0.1050
vn -0.4417 0.8836 0.1557
vn -0.4543 0.8706 0.1888
vn -0.4832 0.8632 0.1463
vn -0.4843 0.8740 0.0398
vn -0.4220 0.9063 -0.0220
vn -0.3230 0.9464 0.0086
vn -0.2250 0.9732 0.0480
vn -0.1449 0.9894 0.0001
vn -0.1035 0.9888 -0.1073
vn -0.1098 0.9868 -0.1192
vn -0.1232 0.9913 -0.0463
vn -0.1275 0.9918 0.0047
vn -0.1327 0.9912 -0.0031
vn -0.1408 0.9893 -0.0380
vn -0.1400 0.9889 -0.0487
vn -0.1237 0.9915 -0.0405
vn -0.1026 0.9925 -0.0663
vn -0.0940 0.9863 -0.1356
vn -0.1123 0.9716 -0.2085
vn -0.1547 0.9601 -0.2331
vn -0.1975 0.9584 -0.2062
vn -0.2236 0.9605 -0.1655
vn -0.2338 0.9626 -0.1370
vn -0.2319 0.9640 -0.1304
vn -0.2171 0.9658 -0.1415
vn -0.1882 0.9698 -0.1554
vn -0.1503 0.9759 -0.1580
vn -0.1116 0.9829 -0.1461
vn -0.0788 0.9890 -0.1250
vn -0.0539 0.9934 -0.1013
vn -0.0364 0.9962 -0.0793
vn -0.0174 0.9995 0.0268
vn -0.0237 0.9991 0.0338
vn -0.0322 0.9986 0.0424
vn -0.0439 0.9976 0.0528
vn -0.0594 0.9961 0.0652
vn -0.0799 0.9936 0.0793
vn -0.1058 0.9899 0.0947
vn -0.1374 0.9843 0.1107
vn -0.1740 0.9766 0.1268
vn -0.2144 0.9662 0.1431
vn -0.2577 0.9528 0.1602
vn -0.3034 0.9362 0.1772
vn -0.3501 0.9168 0.1921
vn -0.3970 0.8954 0.2019
vn -0.4437 0.8736 0.1996
vn -0.4879 0.8554 0.1739
vn -0.5202 0.8450 0.1238
vn -0.5247 0.8482 0.0720
vn -0.4894 0.8688 0.0759
vn -0.4379 0.8865 0.1494
vn -0.4082 0.8908 0.1998
vn -0.4007 0.9050 0.1429
vn -0.3802 0.9249 -0.0081
vn -0.3192 0.9424 -0.0999
vn -0.2343 0.9696 -0.0704
vn -0.1397 0.9899 -0.0228
vn -0.0525 0.9976 -0.0442
vn -0.0139 0.9942 -0.1066
vn -0.0343 0.9936 -0.1073
vn -0.0600 0.9971 -0.0472
vn -0.0706 0.9975 0.0035
vn -0.0809 0.9967 0.0061
vn -0.0912 0.9954 -0.0301
vn -0.0791 0.9950 -0.0605
vn -0.0399 0.9971 -0.0650
vn -0.0044 0.9967 -0.0806
vn -0.0053 0.9927 -0.1203
vn -0.0502 0.9863 -0.1572
vn -0.1200 0.9778 -0.1716
vn -0.1800 0.9698 -0.1648
vn -0.2126 0.9661 -0.1463
vn -0.2257 0.9655 -0.1302
vn -0.2279 0.9641 -0.1362
vn -0.2160 0.9623 -0.1653
vn -0.1862 0.9631 -0.1943
vn -0.1451 0.9688 -0.2012
vn -0.1040 0.9774 -0.1840
vn -0.0707 0.9856 -0.1538
vn -0.0467 0.9915 -0.1214
vn -0.0305 0.9952 -0.0928
vn -0.0191 0.9993 0.0325
vn -0.0266 0.9988 0.0417
vn -0.0370 0.9979 0.0533
vn -0.0516 0.9964 0.0678
vn -0.0718 0.9937 0.0855
vn -0.0993 0.9894 0.1061
vn -0.1354 0.9824 0.1287
vn -0.1801 0.9720 0.1511
vn -0.2310 0.9577 0.1714
vn -0.2844 0.9398 0.1896
vn -0.3371 0.9183 0.2075
vn -0.3873 0.8945 0.2235
vn -0.4312 0.8719 0.2318
vn -0.4628 0.8556 0.2319
vn -0.4820 0.8478 0.2213
vn -0.4929 0.8507 0.1827
vn -0.4931 0.8626 0.1128
vn -0.4761 0.8790 0.0273
vn -0.4252 0.9051 0.0102
vn -0.3520 0.9302 0.1040
vn -0.2842 0.9439 0.1682
vn -0.2225 0.9685 0.1115
vn -0.1729 0.9842 -0.0393
vn -0.1487 0.9793 -0.1373
vn -0.1323 0.9837 -0.1220
vn -0.1036 0.9914 -0.0796
vn -0.0684 0.9947 -0.0772
vn -0.0511 0.9938 -0.0984
vn -0.0574 0.9941 -0.0919
vn -0.0641 0.9968 -0.0469
vn -0.0669 0.9977 0.0049
vn -0.0795 0.9966 0.0216
vn -0.0920 0.9955 -0.0215
vn -0.0710 0.9938 -0.0851
vn -0.0209 0.9944 -0.1034
vn 0.0153 0.9953 -0.0953
vn 0.0102 0.9955 -0.0944
vn -0.0337 0.9946 -0.0977
vn -0.0923 0.9898 -0.1083
vn -0.1352 0.9827 -0.1268
vn -0.1535 0.9798 -0.1281
vn -0.1615 0.9798 -0.1176
vn -0.1668 0.9769 -0.1337
vn -0.1615 0.9697 -0.1831
vn -0.1390 0.9634 -0.2294
vn -0.1059 0.9649 -0.2404
vn -0.0736 0.9733 -0.2174
vn -0.0485 0.9828 -0.1782
vn -0.0311 0.9900 -0.1378
vn -0.0198 0.9944 -0.1035
vn -0.0205 0.9990 0.0391
vn -0.0290 0.9983 0.0509
vn -0.0413 0.9969 0.0665
vn -0.0590 0.9945 0.0865
vn -0.0846 0.9901 0.1117
vn -0.1208 0.9825 0.1419
vn -0.1700 0.9697 0.1753
vn -0.2325 0.9504 0.2068
vn -0.3026 0.9250 0.2299
vn -0.3699 0.8965 0.2436
vn -0.4260 0.8678 0.2558
vn -0.4716 0.8410 0.2653
vn -0.5054 0.8248 0.2534
vn -0.5090 0.8314 0.2231
vn -0.4710 0.8599 0.1966
vn -0.4110 0.8995 0.1479
vn -0.3374 0.9393 0.0622
vn -0.2692 0.9621 -0.0441
vn -0.2286 0.9712 -0.0675
vn -0.1996 0.9791 0.0402
vn -0.1528 0.9824 0.1070
vn -0.0849 0.9946 0.0591
vn -0.0297 0.9982 -0.0520
vn -0.0221 0.9915 -0.1282
vn -0.0449 0.9913 -0.1240
vn -0.0696 0.9934 -0.0907
vn -0.0842 0.9929 -0.0835
vn -0.0892 0.9915 -0.0950
vn -0.0858 0.9919 -0.0939
vn -0.0728 0.9955 -0.0604
vn -0.0598 0.9982 -0.0022
vn -0.0598 0.9977 0.0326
vn -0.0630 0.9979 -0.0145
vn -0.0447 0.9932 -0.1076
vn -0.0135 0.9906 -0.1358
vn 0.0039 0.9943 -0.1070
vn 0.0031 0.9968 -0.0795
vn -0.0048 0.9977 -0.0669
vn -0.0125 0.9971 -0.0747
vn -0.0182 0.9948 -0.1002
vn -0.0241 0.9942 -0.1049
vn -0.0327 0.9950 -0.0944
vn -0.0417 0.9921 -0.1183
vn -0.0453 0.9818 -0.1842
vn -0.0408 0.9688 -0.2446
vn -0.0312 0.9651 -0.2600
vn -0.0214 0.9719 -0.2344
vn -0.0138 0.9816 -0.1906
vn -0.0086 0.9892 -0.1461
vn -0.0054 0.9941 -0.1088
vn -0.0211 0.9987 0.0462
vn -0.0305 0.9976 0.0614
vn -0.0443 0.9957 0.0818
vn -0.0650 0.9919 0.1088
vn -0.0956 0.9850 0.1439
vn -0.1405 0.9722 0.1874
vn -0.2040 0.9500 0.2363
vn -0.2866 0.9163 0.2799
vn -0.3783 0.8754 0.3009
vn -0.4569 0.8394 0.2943
vn -0.5010 0.8164 0.2871
vn -0.5187 0.8049 0.2882
vn -0.5327 0.8104 0.2437
vn -0.5080 0.8486 0.1473
vn -0.3972 0.9130 0.0937
vn -0.2586 0.9646 0.0521
vn -0.1342 0.9905 -0.0286
vn -0.0529 0.9928 -0.1072
vn -0.0427 0.9942 -0.0987
vn -0.0629 0.9980 0.0064
vn -0.0608 0.9961 0.0632
vn -0.0306 0.9994 0.0171
vn 0.0070 0.9977 -0.0668
vn 0.0264 0.9926 -0.1186
vn 0.0224 0.9937 -0.1100
vn 0.0027 0.9972 -0.0753
vn -0.0228 0.9975 -0.0668
vn -0.0422 0.9955 -0.0851
vn -0.0433 0.9939 -0.1017
vn -0.0268 0.9961 -0.0838
vn -0.0046 0.9997 -0.0244
vn 0.0150 0.9996 0.0222
vn 0.0305 0.9994 -0.0178
vn 0.0395 0.9929 -0.1119
vn 0.0387 0.9892 -0.1411
vn 0.0342 0.9936 -0.1078
vn 0.0427 0.9955 -0.0847
vn 0.0737 0.9940 -0.0812
vn 0.1085 0.9910 -0.0780
vn 0.1244 0.9890 -0.0799
vn 0.1197 0.9902 -0.0726
vn 0.1084 0.9920 -0.0646
vn 0.0994 0.9906 -0.0942
vn 0.0895 0.9823 -0.1644
vn 0.0740 0.9706 -0.2289
vn 0.0552 0.9670 -0.2489
vn 0.0380 0.9731 -0.2273
vn 0.0249 0.9822 -0.1863
vn 0.0160 0.9895 -0.1437
vn 0.0102 0.9942 -0.1073
vn -0.0208 0.9983 0.0538
vn -0.0305 0.9969 0.0726
vn -0.0452 0.9941 0.0985
vn -0.0675 0.9887 0.1337
vn -0.1014 0.9783 0.1807
vn -0.1521 0.9587 0.2404
vn -0.2251 0.9244 0.3079
vn -0.3210 0.8741 0.3645
vn -0.4273 0.8226 0.3752
vn -0.5124 0.7953 0.3239
vn -0.5259 0.8052 0.2739
vn -0.4736 0.8392 0.2672
vn -0.4279 0.8839 0.1887
vn -0.3655 0.9308 -0.0039
vn -0.2282 0.9702 -0.0813
vn -0.0919 0.9928 -0.0772
vn 0.0018 0.9937 -0.1122
vn 0.0449 0.9894 -0.1384
vn 0.0411 0.9946 -0.0951
vn 0.0213 0.9998 0.0014
vn 0.0107 0.9987 0.0499
vn 0.0129 0.9999 0.0014
vn 0.0313 0.9958 -0.0861
vn 0.0637 0.9885 -0.1368
vn 0.0961 0.9878 -0.1226
vn 0.1146 0.9906 -0.0750
vn 0.1117 0.9926 -0.0480
vn 0.0926 0.9938 -0.0615
vn 0.0782 0.9924 -0.0953
vn 0.0794 0.9920 -0.0982
vn 0.0908 0.9947 -0.0487
vn 0.1084 0.9941 -0.0018
vn 0.1251 0.9917 -0.0284
vn 0.1288 0.9863 -0.1030
vn 0.1230 0.9840 -0.1293
vn 0.1255 0.9862 -0.1079
vn 0.1470 0.9837 -0.1040
vn 0.1787 0.9777 -0.1107
vn 0.2030 0.9748 -0.0927
vn 0.2108 0.9752 -0.0675
vn 0.2057 0.9775 -0.0478
vn 0.1983 0.9792 -0.0434
vn 0.1929 0.9785 -0.0734
vn 0.1809 0.9743 -0.1341
vn 0.1548 0.9694 -0.1907
vn 0.1192 0.9699 -0.2124
vn 0.0843 0.9764 -0.1990
vn 0.0564 0.9844 -0.1669
vn 0.0368 0.9907 -0.1311
vn 0.0237 0.9948 -0.0995
vn -0.0193 0.9979 0.0612
vn -0.0287 0.9961 0.0839
vn -0.0431 0.9924 0.1155
vn -0.0652 0.9851 0.1594
vn -0.0990 0.9707 0.2188
vn -0.1494 0.9439 0.2946
vn -0.2204 0.8986 0.3794
vn -0.3115 0.8393 0.4455
vn -0.4138 0.7965 0.4408
vn -0.4983 0.8038 0.3249
vn -0.4742 0.8593 0.1918
vn -0.3281 0.9314 0.1578
vn -0.1764 0.9820 0.0669
vn -0.0770 0.9868 -0.1421
vn -0.0302 0.9781 -0.2060
vn 0.0106 0.9857 -0.1684
vn 0.0497 0.9856 -0.1614
vn 0.0721 0.9853 -0.1547
vn 0.0798 0.9918 -0.0996
vn 0.0852 0.9963 -0.0100
vn 0.0923 0.9949 0.0395
vn 0.0999 0.9950 -0.0036
vn 0.1157 0.9879 -0.1034
vn 0.1471 0.9743 -0.1706
vn 0.1865 0.9693 -0.1604
vn 0.2207 0.9700 -0.1016
vn 0.2390 0.9698 -0.0493
vn 0.2379 0.9705 -0.0399
vn 0.2239 0.9720 -0.0706
vn 0.2075 0.9744 -0.0865
vn 0.1971 0.9789 -0.0542
vn 0.1975 0.9801 -0.0176
vn 0.2041 0.9783 -0.0360
vn 0.2074 0.9737 -0.0939
vn 0.2105 0.9698 -0.1229
vn 0.2228 0.9677 -0.1179
vn 0.2393 0.9636 -0.1192
vn 0.2466 0.9618 -0.1193
vn 0.2429 0.9655 -0.0944
vn 0.2360 0.9699 -0.0606
vn 0.2302 0.9724 -0.0377
vn 0.2273 0.9732 -0.0354
vn 0.2241 0.9727 -0.0602
vn 0.2118 0.9716 -0.1052
vn 0.1846 0.9717 -0.1474
vn 0.1465 0.9751 -0.1667
vn 0.1073 0.9812 -0.1606
vn 0.0743 0.9875 -0.1388
vn 0.0499 0.9924 -0.1122
vn 0.0330 0.9956 -0.0871
vn -0.0165 0.9975 0.0680
vn -0.0247 0.9952 0.0942
vn -0.0374 0.9906 0.1313
vn -0.0571 0.9814 0.1831
vn -0.0869 0.9634 0.2535
vn -0.1302 0.9304 0.3425
vn -0.1886 0.8786 0.4388
vn -0.2605 0.8202 0.5093
vn -0.3490 0.7967 0.4935
vn -0.4378 0.8423 0.3145
vn -0.4125 0.9093 0.0545
vn -0.2469 0.9683 -0.0383
vn -0.0709 0.9943 -0.0796
vn 0.0183 0.9833 -0.1808
vn 0.0221 0.9748 -0.2220
vn 0.0220 0.9786 -0.2046
vn 0.0466 0.9796 -0.1954
vn 0.0816 0.9797 -0.1831
vn 0.1192 0.9840 -0.1322
vn 0.1580 0.9862 -0.0499
vn 0.1951 0.9808 0.0036
vn 0.2264 0.9737 -0.0241
vn 0.2484 0.9619 -0.1146
vn 0.2620 0.9471 -0.1855
vn 0.2744 0.9438 -0.1841
vn 0.2897 0.9484 -0.1289
vn 0.3062 0.9496 -0.0675
vn 0.3171 0.9476 -0.0379
vn 0.3144 0.9481 -0.0470
vn 0.2975 0.9530 -0.0574
vn 0.2782 0.9597 -0.0397
vn 0.2690 0.9629 -0.0195
vn 0.2693 0.9623 -0.0376
vn 0.2698 0.9591 -0.0861
vn 0.2681 0.9560 -0.1193
vn 0.2675 0.9555 -0.1246
vn 0.2644 0.9568 -0.1206
vn 0.2531 0.9613 -0.1090
vn 0.2369 0.9679 -0.0838
vn 0.2242 0.9730 -0.0548
vn 0.2180 0.9753 -0.0358
vn 0.2161 0.9758 -0.0342
vn 0.2128 0.9757 -0.0516
vn 0.2010 0.9762 -0.0814
vn 0.1772 0.9780 -0.1097
vn 0.1443 0.9817 -0.1243
vn 0.1095 0.9864 -0.1226
vn 0.0788 0.9909 -0.1093
vn 0.0548 0.9943 -0.0911
vn 0.0374 0.9966 -0.0728
vn -0.0125 0.9972 0.0736
vn -0.0187 0.9945 0.1027
vn -0.0285 0.9892 0.1441
vn -0.0434 0.9784 0.2023
vn -0.0658 0.9575 0.2809
vn -0.0977 0.9205 0.3784
vn -0.1391 0.8660 0.4802
vn -0.1904 0.8118 0.5520
vn -0.2641 0.8015 0.5365
vn -0.3679 0.8684 0.3324
vn -0.3935 0.9178 -0.0525
vn -0.2663 0.9337 -0.2393
vn -0.1115 0.9679 -0.2255
vn -0.0221 0.9776 -0.2093
vn 0.0079 0.9752 -0.2212
vn 0.0335 0.9717 -0.2338
vn 0.0785 0.9671 -0.2421
vn 0.1333 0.9630 -0.2342
vn 0.1873 0.9642 -0.1878
vn 0.2388 0.9647 -0.1114
vn 0.2866 0.9565 -0.0545
vn 0.3250 0.9438 -0.0600
vn 0.3440 0.9315 -0.1179
vn 0.3403 0.9247 -0.1707
vn 0.3262 0.9291 -0.1743
vn 0.3165 0.9390 -0.1342
vn 0.3168 0.9449 -0.0822
vn 0.3226 0.9454 -0.0467
vn 0.3237 0.9455 -0.0360
vn 0.3152 0.9484 -0.0336
vn 0.3033 0.9526 -0.0232
vn 0.2970 0.9547 -0.0168
vn 0.2960 0.9545 -0.0356
vn 0.2917 0.9536 -0.0747
vn 0.2799 0.9542 -0.1058
vn 0.2635 0.9578 -0.1146
vn 0.2451 0.9635 -0.1076
vn 0.2256 0.9699 -0.0917
vn 0.2076 0.9757 -0.0700
vn 0.1951 0.9796 -0.0487
vn 0.1889 0.9814 -0.0352
vn 0.1861 0.9820 -0.0338
vn 0.1817 0.9823 -0.0446
vn 0.1711 0.9832 -0.0628
vn 0.1521 0.9851 -0.0804
vn 0.1266 0.9878 -0.0904
vn 0.0991 0.9909 -0.0906
vn 0.0739 0.9938 -0.0830
vn 0.0533 0.9960 -0.0714
vn 0.0376 0.9976 -0.0588
vn -0.0075 0.9970 0.0774
vn -0.0113 0.9940 0.1084
vn -0.0170 0.9881 0.1526
vn -0.0256 0.9764 0.2146
vn -0.0382 0.9539 0.2978
vn -0.0559 0.9151 0.3993
vn -0.0785 0.8610 0.5025
vn -0.1066 0.8118 0.5741
vn -0.1456 0.8123 0.5647
vn -0.2014 0.9069 0.3701
vn -0.2186 0.9701 -0.1050
vn -0.1352 0.9099 -0.3923
vn -0.0297 0.9307 -0.3644
vn 0.0522 0.9604 -0.2738
vn 0.1037 0.9619 -0.2529
vn 0.1465 0.9496 -0.2769
vn 0.1920 0.9367 -0.2929
vn 0.2343 0.9308 -0.2806
vn 0.2692 0.9344 -0.2334
vn 0.3006 0.9396 -0.1637
vn 0.3312 0.9374 -0.1072
vn 0.3557 0.9300 -0.0929
vn 0.3640 0.9241 -0.1160
vn 0.3519 0.9250 -0.1432
vn 0.3278 0.9335 -0.1452
vn 0.3055 0.9447 -0.1195
vn 0.2928 0.9526 -0.0826
vn 0.2888 0.9560 -0.0515
vn 0.2875 0.9572 -0.0331
vn 0.2845 0.9584 -0.0229
vn 0.2809 0.9596 -0.0156
vn 0.2796 0.9600 -0.0160
vn 0.2785 0.9599 -0.0323
vn 0.2713 0.9606 -0.0602
vn 0.2551 0.9633 -0.0838
vn 0.2329 0.9681 -0.0920
vn 0.2098 0.9739 -0.0865
vn 0.1889 0.9793 -0.0731
vn 0.1724 0.9834 -0.0569
vn 0.1613 0.9860 -0.0423
vn 0.1550 0.9873 -0.0332
vn 0.1511 0.9880 -0.0319
vn 0.1461 0.9885 -0.0381
vn 0.1370 0.9894 -0.0486
vn 0.1225 0.9907 -0.0590
vn 0.1038 0.9924 -0.0654
vn 0.0835 0.9943 -0.0661
vn 0.0643 0.9960 -0.0619
vn 0.0480 0.9974 -0.0547
vn 0.0350 0.9983 -0.0463
vn -0.0021 0.9969 0.0791
vn -0.0031 0.9938 0.1108
vn -0.0043 0.9878 0.1560
vn -0.0058 0.9757 0.2189
vn -0.0074 0.9531 0.3027
vn -0.0088 0.9150 0.4035
vn -0.0093 0.8636 0.5041
vn -0.0064 0.8204 0.5717
vn 0.0093 0.8294 0.5586
vn 0.0611 0.9301 0.3621
vn 0.1420 0.9829 -0.1168
vn 0.1725 0.8853 -0.4317
vn 0.1937 0.8813 -0.4311
vn 0.2321 0.9137 -0.3335
vn 0.2712 0.9178 -0.2900
vn 0.2984 0.9054 -0.3020
vn 0.3135 0.8973 -0.3109
vn 0.3198 0.9014 -0.2919
vn 0.3212 0.9145 -0.2460
vn 0.3232 0.9278 -0.1865
vn 0.3289 0.9346 -0.1357
vn 0.3342 0.9360 -0.1107
vn 0.3314 0.9371 -0.1100
vn 0.3162 0.9415 -0.1167
vn 0.2926 0.9494 -0.1138
vn 0.2691 0.9582 -0.0970
vn 0.2521 0.9650 -0.0725
vn 0.2427 0.9688 -0.0492
vn 0.2385 0.9706 -0.0318
vn 0.2368 0.9713 -0.0206
vn 0.2364 0.9715 -0.0149
vn 0.2367 0.9714 -0.0168
vn 0.2350 0.9716 -0.0283
vn 0.2274 0.9727 -0.0461
vn 0.2122 0.9753 -0.0614
vn 0.1920 0.9791 -0.0677
vn 0.1711 0.9831 -0.0648
vn 0.1528 0.9867 -0.0559
vn 0.1387 0.9893 -0.0452
vn 0.1290 0.9910 -0.0357
vn 0.1229 0.9920 -0.0299
vn 0.1184 0.9925 -0.0287
vn 0.1133 0.9930 -0.0320
vn 0.1058 0.9937 -0.0378
vn 0.0951 0.9945 -0.0438
vn 0.0817 0.9955 -0.0476
vn 0.0673 0.9966 -0.0483
vn 0.0533 0.9975 -0.0460
vn 0.0410 0.9983 -0.0415
vn 0.0308 0.9989 -0.0360
vn 0.0032 0.9969 0.0787
vn 0.0049 0.9939 0.1100
vn 0.0079 0.9880 0.1541
vn 0.0131 0.9765 0.2151
vn 0.0221 0.9552 0.2952
vn 0.0372 0.9200 0.3902
vn 0.0613 0.8737 0.4826
vn 0.0999 0.8362 0.5393
vn 0.1691 0.8441 0.5088
vn 0.2925 0.9082 0.2992
vn 0.4043 0.9089 -0.1021
vn 0.4064 0.8368 -0.3668
vn 0.3801 0.8323 -0.4034
vn 0.3738 0.8611 -0.3447
vn 0.3803 0.8740 -0.3023
vn 0.3811 0.8755 -0.2972
vn 0.3692 0.8815 -0.2944
vn 0.3490 0.8968 -0.2720
vn 0.3272 0.9163 -0.2309
vn 0.3091 0.9334 -0.1823
vn 0.2971 0.9446 -0.1396
vn 0.2885 0.9509 -0.1121
vn 0.2780 0.9554 -0.0997
vn 0.2624 0.9603 -0.0947
vn 0.2425 0.9662 -0.0879
vn 0.2227 0.9719 -0.0756
vn 0.2069 0.9766 -0.0593
vn 0.1966 0.9795 -0.0430
vn 0.1911 0.9811 -0.0295
vn 0.1887 0.9818 -0.0203
vn 0.1882 0.9820 -0.0158
vn 0.1879 0.9820 -0.0170
vn 0.1854 0.9824 -0.0240
vn 0.1784 0.9834 -0.0343
vn 0.1663 0.9851 -0.0434
vn 0.1507 0.9874 -0.0477
vn 0.1345 0.9898 -0.0465
vn 0.1200 0.9919 -0.0415
vn 0.1086 0.9935 -0.0351
vn 0.1005 0.9945 -0.0294
vn 0.0948 0.9952 -0.0258
vn 0.0903 0.9956 -0.0249
vn 0.0857 0.9960 -0.0266
vn 0.0797 0.9964 -0.0298
vn 0.0719 0.9969 -0.0331
vn 0.0626 0.9974 -0.0353
vn 0.0526 0.9980 -0.0357
vn 0.0427 0.9985 -0.0344
vn 0.0337 0.9989 -0.0316
vn 0.0260 0.9993 -0.0280
vn 0.0079 0.9970 0.0764
vn 0.0118 0.9943 0.1062
vn 0.0182 0.9888 0.1479
vn 0.0284 0.9784 0.2046
vn 0.0454 0.9596 0.2776
vn 0.0731 0.9293 0.3619
vn 0.1173 0.8901 0.4404
vn 0.1851 0.8576 0.4798
vn 0.2866 0.8561 0.4300
vn 0.4177 0.8791 0.2295
vn 0.5018 0.8615 -0.0775
vn 0.4909 0.8229 -0.2862
vn 0.4483 0.8252 -0.3435
vn 0.4169 0.8496 -0.3232
vn 0.3993 0.8684 -0.2941
vn 0.3826 0.8809 -0.2785
vn 0.3586 0.8953 -0.2642
vn 0.3286 0.9138 -0.2387
vn 0.2984 0.9327 -0.2026
vn 0.2724 0.9483 -0.1631
vn 0.2526 0.9590 -0.1282
vn 0.2373 0.9660 -0.1027
vn 0.2235 0.9708 -0.0868
vn 0.2088 0.9749 -0.0769
vn 0.1929 0.9788 -0.0683
vn 0.1776 0.9824 -0.0584
vn 0.1648 0.9852 -0.0470
vn 0.1556 0.9872 -0.0358
vn 0.1499 0.9884 -0.0262
vn 0.1468 0.9890 -0.0193
vn 0.1453 0.9893 -0.0158
vn 0.1438 0.9895 -0.0160
vn 0.1407 0.9899 -0.0196
vn 0.1347 0.9906 -0.0252
vn 0.1256 0.9916 -0.0302
vn 0.1142 0.9929 -0.0329
vn 0.1023 0.9942 -0.0326
vn 0.0914 0.9954 -0.0301
vn 0.0825 0.9962 -0.0267
vn 0.0758 0.9968 -0.0236
vn 0.0709 0.9972 -0.0217
vn 0.0669 0.9975 -0.0212
vn 0.0630 0.9978 -0.0222
vn 0.0586 0.9980 -0.0239
vn 0.0531 0.9983 -0.0258
vn 0.0468 0.9985 -0.0270
vn 0.0400 0.9988 -0.0271
vn 0.0332 0.9991 -0.0262
vn 0.0268 0.9993 -0.0244
vn 0.0213 0.9995 -0.0219
vn 0.0118 0.9973 0.0726
vn 0.0173 0.9948 0.1003
vn 0.0256 0.9900 0.1386
vn 0.0385 0.9811 0.1898
vn 0.0587 0.9654 0.2542
vn 0.0907 0.9410 0.3259
vn 0.1411 0.9108 0.3881
vn 0.2172 0.8858 0.4101
vn 0.3203 0.8796 0.3516
vn 0.4280 0.8851 0.1828
vn 0.4826 0.8746 -0.0464
vn 0.4630 0.8595 -0.2165
vn 0.4146 0.8630 -0.2885
vn 0.3757 0.8777 -0.2974
vn 0.3520 0.8927 -0.2815
vn 0.3328 0.9064 -0.2601
vn 0.3094 0.9213 -0.2355
vn 0.2814 0.9372 -0.2059
vn 0.2528 0.9520 -0.1726
vn 0.2273 0.9638 -0.1396
vn 0.2066 0.9721 -0.1111
vn 0.1901 0.9777 -0.0890
vn 0.1762 0.9816 -0.0734
vn 0.1631 0.9846 -0.0625
vn 0.1505 0.9871 -0.0537
vn 0.1389 0.9893 -0.0454
vn 0.1289 0.9910 -0.0370
vn 0.1214 0.9922 -0.0291
vn 0.1161 0.9930 -0.0223
vn 0.1127 0.9935 -0.0172
vn 0.1102 0.9938 -0.0144
vn 0.1078 0.9941 -0.0139
vn 0.1044 0.9944 -0.0154
vn 0.0992 0.9949 -0.0180
vn 0.0921 0.9955 -0.0206
vn 0.0836 0.9962 -0.0222
vn 0.0748 0.9969 -0.0224
vn 0.0666 0.9976 -0.0214
vn 0.0597 0.9980 -0.0200
vn 0.0543 0.9983 -0.0187
vn 0.0502 0.9986 -0.0180
vn 0.0471 0.9987 -0.0181
vn 0.0442 0.9988 -0.0189
vn 0.0412 0.9990 -0.0200
vn 0.0378 0.9991 -0.0210
vn 0.0338 0.9992 -0.0215
vn 0.0294 0.9993 -0.0215
vn 0.0250 0.9995 -0.0207
vn 0.0207 0.9996 -0.0193
vn 0.0169 0.9997 -0.0175
vn 0.0148 0.9976 0.0678
vn 0.0211 0.9954 0.0931
vn 0.0303 0.9913 0.1279
vn 0.0435 0.9838 0.1738
vn 0.0624 0.9710 0.2307
vn 0.0895 0.9522 0.2920
vn 0.1294 0.9309 0.3415
vn 0.1885 0.9169 0.3518
vn 0.2670 0.9177 0.2943
vn 0.3419 0.9260 0.1598
vn 0.3732 0.9277 -0.0125
vn 0.3521 0.9223 -0.1593
vn 0.3136 0.9160 -0.2502
vn 0.2884 0.9141 -0.2850
vn 0.2772 0.9198 -0.2778
vn 0.2671 0.9309 -0.2493
vn 0.2508 0.9440 -0.2144
vn 0.2290 0.9567 -0.1795
vn 0.2056 0.9676 -0.1467
vn 0.1839 0.9759 -0.1178
vn 0.1655 0.9817 -0.0937
vn 0.1504 0.9858 -0.0750
vn 0.1378 0.9886 -0.0610
vn 0.1267 0.9906 -0.0507
vn 0.1167 0.9923 -0.0426
vn 0.1077 0.9935 -0.0356
vn 0.1000 0.9946 -0.0291
vn 0.0939 0.9953 -0.0233
vn 0.0892 0.9958 -0.0183
vn 0.0857 0.9962 -0.0144
vn 0.0827 0.9965 -0.0120
vn 0.0798 0.9968 -0.0110
vn 0.0761 0.9970 -0.0111
vn 0.0713 0.9974 -0.0121
vn 0.0652 0.9978 -0.0132
vn 0.0583 0.9982 -0.0140
vn 0.0511 0.9986 -0.0144
vn 0.0444 0.9989 -0.0145
vn 0.0387 0.9991 -0.0145
vn 0.0344 0.9993 -0.0147
vn 0.0313 0.9994 -0.0152
vn 0.0291 0.9994 -0.0160
vn 0.0276 0.9995 -0.0169
vn 0.0262 0.9995 -0.0178
vn 0.0247 0.9995 -0.0183
vn 0.0227 0.9996 -0.0184
vn 0.0205 0.9996 -0.0181
vn 0.0180 0.9997 -0.0172
vn 0.0154 0.9998 -0.0160
vn 0.0129 0.9998 -0.0145
vn 0.0169 0.9979 0.0623
vn 0.0238 0.9961 0.0853
vn 0.0332 0.9926 0.1167
vn 0.0459 0.9863 0.1585
vn 0.0619 0.9756 0.2104
vn 0.0807 0.9604 0.2668
vn 0.1026 0.9446 0.3117
vn 0.1318 0.9390 0.3178
vn 0.1753 0.9495 0.2601
vn 0.2244 0.9637 0.1445
vn 0.2505 0.9681 0.0101
vn 0.2452 0.9620 -0.1198
vn 0.2306 0.9454 -0.2301
vn 0.2248 0.9315 -0.2858
vn 0.2238 0.9335 -0.2804
vn 0.2175 0.9455 -0.2426
vn 0.2036 0.9588 -0.1983
vn 0.1850 0.9699 -0.1586
vn 0.1654 0.9782 -0.1256
vn 0.1472 0.9841 -0.0992
vn 0.1315 0.9882 -0.0783
vn 0.1185 0.9910 -0.0623
vn 0.1077 0.9929 -0.0503
vn 0.0985 0.9943 -0.0412
vn 0.0904 0.9953 -0.0340
vn 0.0834 0.9961 -0.0281
vn 0.0773 0.9967 -0.0229
vn 0.0723 0.9972 -0.0183
vn 0.0681 0.9976 -0.0144
vn 0.0647 0.9978 -0.0113
vn 0.0614 0.9981 -0.0090
vn 0.0580 0.9983 -0.0075
vn 0.0540 0.9985 -0.0068
vn 0.0490 0.9988 -0.0065
vn 0.0430 0.9991 -0.0065
vn 0.0363 0.9993 -0.0068
vn 0.0293 0.9995 -0.0074
vn 0.0229 0.9997 -0.0085
vn 0.0177 0.9998 -0.0099
vn 0.0140 0.9998 -0.0116
vn 0.0118 0.9998 -0.0134
vn 0.0110 0.9998 -0.0152
vn 0.0112 0.9998 -0.0167
vn 0.0119 0.9998 -0.0176
vn 0.0126 0.9998 -0.0179
vn 0.0128 0.9998 -0.0175
vn 0.0125 0.9998 -0.0166
vn 0.0118 0.9998 -0.0155
vn 0.0106 0.9998 -0.0141
vn 0.0093 0.9999 -0.0127
vn 0.0185 0.9982 0.0563
vn 0.0257 0.9967 0.0769
vn 0.0356 0.9938 0.1054
vn 0.0485 0.9884 0.1437
vn 0.0640 0.9792 0.1925
vn 0.0803 0.9655 0.2477
vn 0.0946 0.9510 0.2942
vn 0.1086 0.9473 0.3014
vn 0.1339 0.9623 0.2368
vn 0.1773 0.9773 0.1164
vn 0.2204 0.9754 0.0006
vn 0.2444 0.9637 -0.1072
vn 0.2473 0.9449 -0.2145
vn 0.2357 0.9322 -0.2746
vn 0.2175 0.9383 -0.2689
vn 0.1963 0.9538 -0.2273
vn 0.1743 0.9681 -0.1797
vn 0.1534 0.9783 -0.1390
vn 0.1345 0.9851 -0.1073
vn 0.1183 0.9895 -0.0833
vn 0.1048 0.9924 -0.0651
vn 0.0937 0.9943 -0.0515
vn 0.0846 0.9956 -0.0412
vn 0.0769 0.9965 -0.0333
vn 0.0704 0.9972 -0.0272
vn 0.0647 0.9977 -0.0221
vn 0.0598 0.9981 -0.0178
vn 0.0555 0.9984 -0.0141
vn 0.0517 0.9986 -0.0108
vn 0.0483 0.9988 -0.0080
vn 0.0448 0.9990 -0.0056
vn 0.0410 0.9992 -0.0036
vn 0.0363 0.9993 -0.0019
vn 0.0306 0.9995 -0.0004
vn 0.0235 0.9997 0.0007
vn 0.0154 0.9999 0.0010
vn 0.0070 1.0000 0.0001
vn -0.0006 1.0000 -0.0021
vn -0.0064 1.0000 -0.0054
vn -0.0100 0.9999 -0.0091
vn -0.0112 0.9999 -0.0129
vn -0.0101 0.9998 -0.0164
vn -0.0072 0.9998 -0.0190
vn -0.0034 0.9998 -0.0202
vn 0.0003 0.9998 -0.0200
vn 0.0032 0.9998 -0.0188
vn 0.0051 0.9998 -0.0171
vn 0.0061 0.9999 -0.0153
vn 0.0064 0.9999 -0.0135
vn 0.0062 0.9999 -0.0118
vn 0.0195 0.9986 0.0500
vn 0.0272 0.9973 0.0682
vn 0.0378 0.9949 0.0933
vn 0.0522 0.9904 0.1276
vn 0.0711 0.9825 0.1724
vn 0.0943 0.9699 0.2247
vn 0.1211 0.9552 0.2702
vn 0.1521 0.9490 0.2761
vn 0.1920 0.9598 0.2046
vn 0.2394 0.9680 0.0758
vn 0.2815 0.9591 -0.0308
vn 0.3062 0.9455 -0.1106
vn 0.3031 0.9343 -0.1879
vn 0.2723 0.9332 -0.2346
vn 0.2294 0.9455 -0.2309
vn 0.1890 0.9623 -0.1958
vn 0.1563 0.9756 -0.1541
vn 0.1310 0.9843 -0.1180
vn 0.1115 0.9897 -0.0900
vn 0.0963 0.9929 -0.0692
vn 0.0843 0.9950 -0.0537
vn 0.0747 0.9963 -0.0422
vn 0.0669 0.9972 -0.0335
vn 0.0605 0.9978 -0.0269
vn 0.0550 0.9983 -0.0216
vn 0.0503 0.9986 -0.0173
vn 0.0462 0.9988 -0.0136
vn 0.0424 0.9990 -0.0103
vn 0.0389 0.9992 -0.0073
vn 0.0354 0.9994 -0.0045
vn 0.0316 0.9995 -0.0017
vn 0.0271 0.9996 0.0010
vn 0.0215 0.9998 0.0039
vn 0.0143 0.9999 0.0070
vn 0.0049 0.9999 0.0098
vn -0.0065 0.9999 0.0115
vn -0.0188 0.9998 0.0104
vn -0.0298 0.9995 0.0061
vn -0.0376 0.9993 -0.0002
vn -0.0416 0.9991 -0.0070
vn -0.0418 0.9990 -0.0139
vn -0.0380 0.9991 -0.0205
vn -0.0308 0.9992 -0.0252
vn -0.0220 0.9994 -0.0269
vn -0.0135 0.9996 -0.0257
vn -0.0068 0.9997 -0.0230
vn -0.0022 0.9998 -0.0198
vn 0.0008 0.9999 -0.0168
vn 0.0025 0.9999 -0.0141
vn 0.0033 0.9999 -0.0119
vn 0.0200 0.9989 0.0435
vn 0.0279 0.9979 0.0589
vn 0.0393 0.9960 0.0802
vn 0.0557 0.9924 0.1093
vn 0.0790 0.9860 0.1471
vn 0.1120 0.9752 0.1907
vn 0.1565 0.9613 0.2268
vn 0.2120 0.9508 0.2261
vn 0.2703 0.9497 0.1580
vn 0.3140 0.9484 0.0437
vn 0.3331 0.9417 -0.0481
vn 0.3329 0.9370 -0.1058
vn 0.3130 0.9375 -0.1519
vn 0.2725 0.9452 -0.1797
vn 0.2224 0.9586 -0.1777
vn 0.1760 0.9723 -0.1538
vn 0.1395 0.9825 -0.1233
vn 0.1128 0.9890 -0.0955
vn 0.0934 0.9929 -0.0732
vn 0.0791 0.9953 -0.0563
vn 0.0683 0.9967 -0.0437
vn 0.0600 0.9976 -0.0342
vn 0.0533 0.9982 -0.0270
vn 0.0479 0.9986 -0.0214
vn 0.0433 0.9989 -0.0169
vn 0.0393 0.9991 -0.0132
vn 0.0356 0.9993 -0.0098
vn 0.0322 0.9995 -0.0067
vn 0.0287 0.9996 -0.0037
vn 0.0250 0.9997 -0.0006
vn 0.0207 0.9998 0.0027
vn 0.0153 0.9999 0.0065
vn 0.0084 0.9999 0.0111
vn -0.0010 0.9999 0.0166
vn -0.0138 0.9996 0.0226
vn -0.0308 0.9992 0.0271
vn -0.0506 0.9984 0.0265
vn -0.0684 0.9975 0.0184
vn -0.0802 0.9968 0.0065
vn -0.0855 0.9963 -0.0050
vn -0.0849 0.9962 -0.0169
vn -0.0772 0.9966 -0.0293
vn -0.0629 0.9973 -0.0381
vn -0.0455 0.9981 -0.0403
vn -0.0297 0.9989 -0.0368
vn -0.0177 0.9994 -0.0309
vn -0.0096 0.9996 -0.0250
vn -0.0044 0.9998 -0.0199
vn -0.0012 0.9999 -0.0159
vn 0.0007 0.9999 -0.0128
vn 0.0198 0.9991 0.0370
vn 0.0278 0.9984 0.0495
vn 0.0394 0.9970 0.0665
vn 0.0564 0.9944 0.0892
vn 0.0817 0.9897 0.1177
vn 0.1183 0.9818 0.1487
vn 0.1683 0.9707 0.1713
vn 0.2281 0.9596 0.1644
vn 0.2840 0.9524 0.1110
vn 0.3170 0.9480 0.0278
vn 0.3208 0.9462 -0.0421
vn 0.3049 0.9486 -0.0851
vn 0.2762 0.9545 -0.1127
vn 0.2371 0.9631 -0.1276
vn 0.1932 0.9730 -0.1265
vn 0.1527 0.9819 -0.1124
vn 0.1200 0.9884 -0.0928
vn 0.0957 0.9927 -0.0737
vn 0.0781 0.9953 -0.0575
vn 0.0653 0.9969 -0.0447
vn 0.0558 0.9978 -0.0349
vn 0.0485 0.9984 -0.0273
vn 0.0428 0.9989 -0.0215
vn 0.0381 0.9991 -0.0168
vn 0.0342 0.9993 -0.0130
vn 0.0306 0.9995 -0.0096
vn 0.0273 0.9996 -0.0064
vn 0.0240 0.9997 -0.0033
vn 0.0204 0.9998 -0.0000
vn 0.0163 0.9999 0.0036
vn 0.0111 0.9999 0.0080
vn 0.0046 0.9999 0.0132
vn -0.0040 0.9998 0.0200
vn -0.0157 0.9995 0.0289
vn -0.0324 0.9987 0.0398
vn -0.0562 0.9972 0.0502
vn -0.0863 0.9949 0.0520
vn -0.1150 0.9927 0.0377
vn -0.1334 0.9909 0.0161
vn -0.1419 0.9899 -0.0016
vn -0.1422 0.9896 -0.0214
vn -0.1301 0.9905 -0.0449
vn -0.1047 0.9926 -0.0618
vn -0.0742 0.9952 -0.0640
vn -0.0480 0.9973 -0.0551
vn -0.0293 0.9986 -0.0434
vn -0.0171 0.9993 -0.0330
vn -0.0094 0.9996 -0.0250
vn -0.0046 0.9998 -0.0190
vn -0.0016 0.9999 -0.0146
vn 0.0190 0.9993 0.0306
vn 0.0265 0.9988 0.0403
vn 0.0375 0.9979 0.0531
vn 0.0535 0.9962 0.0693
vn 0.0768 0.9931 0.0886
vn 0.1097 0.9881 0.1076
vn 0.1526 0.9811 0.1186
vn 0.2008 0.9735 0.1096
vn 0.2425 0.9674 0.0733
vn 0.2648 0.9641 0.0203
vn 0.2641 0.9641 -0.0271
vn 0.2470 0.9673 -0.0584
vn 0.2205 0.9723 -0.0769
vn 0.1889 0.9782 -0.0859
vn 0.1555 0.9841 -0.0858
vn 0.1247 0.9891 -0.0783
vn 0.0991 0.9928 -0.0668
vn 0.0793 0.9954 -0.0547
vn 0.0646 0.9970 -0.0437
vn 0.0537 0.9980 -0.0346
vn 0.0456 0.9986 -0.0273
vn 0.0394 0.9990 -0.0214
vn 0.0345 0.9993 -0.0167
vn 0.0305 0.9995 -0.0129
vn 0.0270 0.9996 -0.0095
vn 0.0239 0.9997 -0.0063
vn 0.0208 0.9998 -0.0032
vn 0.0174 0.9998 0.0002
vn 0.0135 0.9999 0.0041
vn 0.0086 0.9999 0.0087
vn 0.0022 0.9999 0.0145
vn -0.0061 0.9997 0.0217
vn -0.0170 0.9994 0.0311
vn -0.0311 0.9986 0.0437
vn -0.0502 0.9969 0.0604
vn -0.0772 0.9939 0.0789
vn -0.1136 0.9897 0.0867
vn -0.1518 0.9862 0.0657
vn -0.1793 0.9833 0.0306
vn -0.1958 0.9806 0.0067
vn -0.2013 0.9792 -0.0253
vn -0.1856 0.9803 -0.0681
vn -0.1477 0.9840 -0.0992
vn -0.1027 0.9897 -0.0998
vn -0.0661 0.9945 -0.0813
vn -0.0411 0.9973 -0.0607
vn -0.0248 0.9987 -0.0442
vn -0.0143 0.9994 -0.0321
vn -0.0078 0.9997 -0.0234
vn -0.0037 0.9998 -0.0172
vn 0.0176 0.9995 0.0248
vn 0.0243 0.9992 0.0319
vn 0.0339 0.9986 0.0409
vn 0.0475 0.9975 0.0518
vn 0.0665 0.9958 0.0636
vn 0.0921 0.9930 0.0739
vn 0.1235 0.9893 0.0779
vn 0.1567 0.9852 0.0697
vn 0.1841 0.9818 0.0470
vn 0.1985 0.9800 0.0154
vn 0.1977 0.9802 -0.0144
vn 0.1851 0.9821 -0.0360
vn 0.1658 0.9849 -0.0492
vn 0.1431 0.9881 -0.0558
vn 0.1197 0.9912 -0.0567
vn 0.0979 0.9938 -0.0531
vn 0.0792 0.9958 -0.0468
vn 0.0642 0.9972 -0.0394
vn 0.0526 0.9981 -0.0324
vn 0.0439 0.9987 -0.0261
vn 0.0372 0.9991 -0.0208
vn 0.0320 0.9994 -0.0164
vn 0.0279 0.9995 -0.0127
vn 0.0245 0.9997 -0.0094
vn 0.0214 0.9997 -0.0064
vn 0.0186 0.9998 -0.0033
vn 0.0155 0.9999 -0.0000
vn 0.0119 0.9999 0.0039
vn 0.0074 0.9999 0.0088
vn 0.0014 0.9999 0.0150
vn -0.0069 0.9997 0.0229
vn -0.0182 0.9993 0.0329
vn -0.0326 0.9984 0.0453
vn -0.0501 0.9969 0.0612
vn -0.0703 0.9941 0.0821
vn -0.0940 0.9899 0.1065
vn -0.1232 0.9851 0.1202
vn -0.1570 0.9828 0.0971
vn -0.1897 0.9804 0.0530
vn -0.2163 0.9761 0.0227
vn -0.2268 0.9736 -0.0263
vn -0.2104 0.9731 -0.0942
vn -0.1697 0.9750 -0.1433
vn -0.1224 0.9822 -0.1423
vn -0.0828 0.9901 -0.1132
vn -0.0535 0.9951 -0.0829
vn -0.0329 0.9977 -0.0590
vn -0.0193 0.9989 -0.0416
vn -0.0106 0.9995 -0.0292
vn -0.0054 0.9998 -0.0207
vn 0.0158 0.9997 0.0197
vn 0.0215 0.9995 0.0247
vn 0.0293 0.9991 0.0307
vn 0.0400 0.9985 0.0376
vn 0.0544 0.9975 0.0443
vn 0.0726 0.9961 0.0494
vn 0.0937 0.9943 0.0500
vn 0.1149 0.9924 0.0437
vn 0.1319 0.9908 0.0299
vn 0.1409 0.9900 0.0115
vn 0.1408 0.9900 -0.0066
vn 0.1331 0.9909 -0.0208
vn 0.1205 0.9923 -0.0302
vn 0.1055 0.9938 -0.0353
vn 0.0899 0.9953 -0.0368
vn 0.0750 0.9966 -0.0354
vn 0.0620 0.9976 -0.0321
vn 0.0511 0.9983 -0.0279
vn 0.0424 0.9988 -0.0235
vn 0.0356 0.9992 -0.0193
vn 0.0303 0.9994 -0.0156
vn 0.0260 0.9996 -0.0123
vn 0.0226 0.9997 -0.0093
vn 0.0197 0.9998 -0.0065
vn 0.0170 0.9998 -0.0036
vn 0.0143 0.9999 -0.0005
vn 0.0113 0.9999 0.0033
vn 0.0074 0.9999 0.0081
vn 0.0021 0.9999 0.0145
vn -0.0056 0.9997 0.0231
vn -0.0168 0.9993 0.0344
vn -0.0327 0.9983 0.0486
vn -0.0536 0.9964 0.0651
vn -0.0776 0.9935 0.0834
vn -0.1014 0.9893 0.1048
vn -0.1224 0.9840 0.1296
vn -0.1413 0.9794 0.1442
vn -0.1616 0.9791 0.1235
vn -0.1857 0.9794 0.0789
vn -0.2058 0.9778 0.0396
vn -0.2094 0.9775 -0.0254
vn -0.1973 0.9741 -0.1107
vn -0.1746 0.9689 -0.1755
vn -0.1435 0.9729 -0.1816
vn -0.1060 0.9830 -0.1499
vn -0.0700 0.9913 -0.1116
vn -0.0423 0.9960 -0.0787
vn -0.0240 0.9983 -0.0539
vn -0.0129 0.9992 -0.0366
vn -0.0065 0.9997 -0.0249
vn 0.0138 0.9998 0.0154
vn 0.0184 0.9997 0.0188
vn 0.0245 0.9994 0.0227
vn 0.0326 0.9991 0.0268
vn 0.0428 0.9986 0.0305
vn 0.0552 0.9979 0.0327
vn 0.0688 0.9971 0.0321
vn 0.0819 0.9963 0.0276
vn 0.0923 0.9955 0.0193
vn 0.0980 0.9951 0.0085
vn 0.0983 0.9952 -0.0025
vn 0.0940 0.9955 -0.0116
vn 0.0863 0.9961 -0.0182
vn 0.0768 0.9968 -0.0221
vn 0.0667 0.9975 -0.0237
vn 0.0568 0.9981 -0.0234
vn 0.0479 0.9986 -0.0218
vn 0.0402 0.9990 -0.0194
vn 0.0338 0.9993 -0.0167
vn 0.0287 0.9995 -0.0140
vn 0.0245 0.9996 -0.0114
vn 0.0212 0.9997 -0.0089
vn 0.0184 0.9998 -0.0064
vn 0.0159 0.9999 -0.0039
vn 0.0135 0.9999 -0.0011
vn 0.0110 0.9999 0.0023
vn 0.0079 0.9999 0.0067
vn 0.0037 0.9999 0.0128
vn -0.0026 0.9998 0.0214
vn -0.0123 0.9994 0.0336
vn -0.0273 0.9984 0.0501
vn -0.0496 0.9963 0.0708
vn -0.0798 0.9924 0.0936
vn -0.1148 0.9868 0.1141
vn -0.1469 0.9803 0.1320
vn -0.1719 0.9732 0.1527
vn -0.1916 0.9675 0.1650
vn -0.2073 0.9676 0.1440
vn -0.2154 0.9718 0.0959
vn -0.2145 0.9756 0.0468
vn -0.2127 0.9769 -0.0203
vn -0.2218 0.9693 -0.1059
vn -0.2276 0.9551 -0.1895
vn -0.2031 0.9532 -0.2237
vn -0.1490 0.9681 -0.2014
vn -0.0924 0.9839 -0.1529
vn -0.0516 0.9931 -0.1055
vn -0.0272 0.9972 -0.0696
vn -0.0138 0.9989 -0.0453
vn -0.0067 0.9995 -0.0296
vn 0.0118 0.9999 0.0119
vn 0.0154 0.9998 0.0141
vn 0.0200 0.9997 0.0166
vn 0.0259 0.9995 0.0190
vn 0.0330 0.9992 0.0209
vn 0.0412 0.9989 0.0217
vn 0.0499 0.9985 0.0208
vn 0.0580 0.9982 0.0178
vn 0.0644 0.9978 0.0126
vn 0.0680 0.9977 0.0062
vn 0.0685 0.9977 -0.0005
vn 0.0661 0.9978 -0.0063
vn 0.0616 0.9980 -0.0108
vn 0.0557 0.9984 -0.0137
vn 0.0493 0.9987 -0.0151
vn 0.0428 0.9990 -0.0154
vn 0.0368 0.9992 -0.0147
vn 0.0314 0.9994 -0.0134
vn 0.0269 0.9996 -0.0118
vn 0.0230 0.9997 -0.0099
vn 0.0199 0.9998 -0.0081
vn 0.0172 0.9998 -0.0061
vn 0.0150 0.9999 -0.0041
vn 0.0129 0.9999 -0.0017
vn 0.0108 0.9999 0.0011
vn 0.0085 1.0000 0.0049
vn 0.0054 0.9999 0.0103
vn 0.0009 0.9998 0.0181
vn -0.0064 0.9995 0.0297
vn -0.0182 0.9987 0.0467
vn -0.0374 0.9968 0.0706
vn -0.0667 0.9927 0.1006
vn -0.1053 0.9858 0.1307
vn -0.1470 0.9775 0.1514
vn -0.1831 0.9696 0.1624
vn -0.2123 0.9607 0.1788
vn -0.2384 0.9527 0.1887
vn -0.2550 0.9540 0.1578
vn -0.2495 0.9638 0.0942
vn -0.2370 0.9704 0.0460
vn -0.2577 0.9662 0.0059
vn -0.3187 0.9456 -0.0653
vn -0.3546 0.9153 -0.1911
vn -0.3029 0.9079 -0.2899
vn -0.2000 0.9381 -0.2829
vn -0.1097 0.9712 -0.2117
vn -0.0544 0.9888 -0.1392
vn -0.0259 0.9959 -0.0872
vn -0.0121 0.9985 -0.0543
vn -0.0054 0.9994 -0.0342
vn 0.0100 0.9999 0.0091
vn 0.0127 0.9999 0.0106
vn 0.0161 0.9998 0.0121
vn 0.0203 0.9997 0.0135
vn 0.0252 0.9996 0.0144
vn 0.0306 0.9994 0.0146
vn 0.0361 0.9993 0.0138
vn 0.0412 0.9991 0.0117
vn 0.0452 0.9989 0.0085
vn 0.0476 0.9989 0.0045
vn 0.0481 0.9988 0.0004
vn 0.0468 0.9989 -0.0033
vn 0.0441 0.9990 -0.0063
vn 0.0405 0.9991 -0.0084
vn 0.0365 0.9993 -0.0097
vn 0.0322 0.9994 -0.0101
vn 0.0282 0.9996 -0.0099
vn 0.0245 0.9997 -0.0092
vn 0.0213 0.9997 -0.0081
vn 0.0185 0.9998 -0.0069
vn 0.0161 0.9999 -0.0055
vn 0.0140 0.9999 -0.0040
vn 0.0122 0.9999 -0.0021
vn 0.0106 0.9999 0.0001
vn 0.0088 1.0000 0.0031
vn 0.0067 1.0000 0.0074
vn 0.0037 0.9999 0.0138
vn -0.0009 0.9997 0.0237
vn -0.0088 0.9992 0.0391
vn -0.0226 0.9978 0.0626
vn -0.0461 0.9943 0.0962
vn -0.0820 0.9871 0.1373
vn -0.1250 0.9773 0.1708
vn -0.1550 0.9719 0.1773
vn -0.1655 0.9703 0.1765
vn -0.1819 0.9628 0.2000
vn -0.2133 0.9536 0.2124
vn -0.2353 0.9583 0.1620
vn -0.2273 0.9709 0.0759
vn -0.2185 0.9747 0.0471
vn -0.2668 0.9616 0.0649
vn -0.3697 0.9289 0.0186
vn -0.4193 0.8900 -0.1790
vn -0.3256 0.8683 -0.3742
vn -0.1890 0.9063 -0.3781
vn -0.0907 0.9577 -0.2732
vn -0.0395 0.9845 -0.1709
vn -0.0166 0.9946 -0.1024
vn -0.0067 0.9981 -0.0615
vn -0.0024 0.9993 -0.0377
vn 0.0083 0.9999 0.0069
vn 0.0103 0.9999 0.0079
vn 0.0129 0.9999 0.0088
vn 0.0158 0.9998 0.0096
vn 0.0192 0.9998 0.0100
vn 0.0227 0.9997 0.0100
vn 0.0263 0.9996 0.0093
vn 0.0296 0.9995 0.0079
vn 0.0321 0.9995 0.0058
vn 0.0337 0.9994 0.0034
vn 0.0341 0.9994 0.0008
vn 0.0334 0.9994 -0.0017
vn 0.0319 0.9995 -0.0037
vn 0.0297 0.9995 -0.0052
vn 0.0271 0.9996 -0.0061
vn 0.0244 0.9997 -0.0066
vn 0.0217 0.9997 -0.0066
vn 0.0191 0.9998 -0.0062
vn 0.0168 0.9998 -0.0055
vn 0.0148 0.9999 -0.0047
vn 0.0130 0.9999 -0.0036
vn 0.0115 0.9999 -0.0023
vn 0.0101 0.9999 -0.0006
vn 0.0088 1.0000 0.0016
vn 0.0074 1.0000 0.0048
vn 0.0056 0.9999 0.0096
vn 0.0030 0.9998 0.0171
vn -0.0013 0.9996 0.0293
vn -0.0092 0.9988 0.0491
vn -0.0242 0.9965 0.0806
vn -0.0511 0.9907 0.1264
vn -0.0932 0.9792 0.1799
vn -0.1430 0.9665 0.2131
vn -0.1661 0.9684 0.1859
vn -0.1381 0.9786 0.1528
vn -0.1107 0.9740 0.1976
vn -0.1261 0.9641 0.2338
vn -0.1603 0.9727 0.1678
vn -0.1625 0.9854 0.0503
vn -0.1395 0.9895 0.0374
vn -0.1514 0.9820 0.1130
vn -0.1989 0.9760 0.0890
vn -0.2017 0.9665 -0.1589
vn -0.1243 0.9046 -0.4077
vn -0.0544 0.9087 -0.4139
vn -0.0178 0.9545 -0.2976
vn -0.0038 0.9829 -0.1840
vn 0.0005 0.9941 -0.1086
vn 0.0017 0.9979 -0.0642
vn 0.0018 0.9992 -0.0388
vn 0.0068 1.0000 0.0053
vn 0.0084 0.9999 0.0059
vn 0.0102 0.9999 0.0065
vn 0.0123 0.9999 0.0069
vn 0.0146 0.9999 0.0071
vn 0.0170 0.9998 0.0070
vn 0.0194 0.9998 0.0064
vn 0.0215 0.9998 0.0054
vn 0.0231 0.9997 0.0041
vn 0.0242 0.9997 0.0025
vn 0.0245 0.9997 0.0008
vn 0.0242 0.9997 -0.0007
vn 0.0233 0.9997 -0.0021
vn 0.0219 0.9998 -0.0032
vn 0.0203 0.9998 -0.0039
vn 0.0185 0.9998 -0.0043
vn 0.0167 0.9999 -0.0043
vn 0.0134 0.9999 -0.0037
vn 0.0119 0.9999 -0.0030
vn 0.0106 0.9999 -0.0022
vn 0.0095 1.0000 -0.0010
vn 0.0084 1.0000 0.0006
vn 0.0075 1.0000 0.0028
vn 0.0064 1.0000 0.0061
vn 0.0051 0.9999 0.0113
vn 0.0032 0.9998 0.0198
vn -0.0001 0.9994 0.0341
vn -0.0068 0.9983 0.0584
vn -0.0207 0.9949 0.0988
vn -0.0484 0.9861 0.1589
vn -0.0916 0.9704 0.2235
vn -0.1325 0.9599 0.2469
vn -0.1431 0.9725 0.1835
vn -0.1115 0.9881 0.1062
vn -0.0669 0.9841 0.1644
vn -0.0511 0.9686 0.2432
vn -0.0702 0.9812 0.1800
vn -0.0668 0.9976 0.0155
vn -0.0077 0.9998 -0.0202
vn 0.0689 0.9952 0.0692
vn 0.1300 0.9895 0.0624
vn 0.1689 0.9773 -0.1275
vn 0.1581 0.9322 -0.3256
vn 0.1145 0.9299 -0.3494
vn 0.0681 0.9620 -0.2644
vn 0.0363 0.9849 -0.1693
vn 0.0192 0.9946 -0.1020
vn 0.0106 0.9981 -0.0610
vn 0.0063 0.9993 -0.0372
vn 0.0056 1.0000 0.0041
vn 0.0068 1.0000 0.0045
vn 0.0081 1.0000 0.0048
vn 0.0096 0.9999 0.0050
vn 0.0112 0.9999 0.0051
vn 0.0128 0.9999 0.0049
vn 0.0144 0.9999 0.0045
vn 0.0158 0.9999 0.0039
vn 0.0169 0.9999 0.0030
vn 0.0176 0.9998 0.0019
vn 0.0179 0.9998 0.0008
vn 0.0177 0.9998 -0.0002
vn 0.0172 0.9999 -0.0012
vn 0.0164 0.9999 -0.0019
vn 0.0153 0.9999 -0.0024
vn 0.0142 0.9999 -0.0027
vn 0.0130 0.9999 -0.0028
vn 0.0118 0.9999 -0.0027
vn 0.0106 0.9999 -0.0024
vn 0.0096 1.0000 -0.0019
vn 0.0087 1.0000 -0.0011
vn 0.0079 1.0000 -0.0001
vn 0.0072 1.0000 0.0014
vn 0.0065 1.0000 0.0036
vn 0.0059 1.0000 0.0070
vn 0.0052 0.9999 0.0124
vn 0.0043 0.9998 0.0215
vn 0.0027 0.9993 0.0372
vn -0.0008 0.9979 0.0648
vn -0.0093 0.9936 0.1127
vn -0.0300 0.9819 0.1871
vn -0.0682 0.9626 0.2622
vn -0.0937 0.9616 0.2578
vn -0.0692 0.9850 0.1583
vn -0.0265 0.9975 0.0657
vn 0.0105 0.9940 0.1090
vn 0.0519 0.9771 0.2063
vn 0.0835 0.9840 0.1571
vn 0.1128 0.9932 -0.0288
vn 0.1600 0.9826 -0.0944
vn 0.2317 0.9723 -0.0295
vn 0.2969 0.9549 -0.0114
vn 0.3150 0.9430 -0.1072
vn 0.2704 0.9367 -0.2225
vn 0.1891 0.9502 -0.2476
vn 0.1117 0.9736 -0.1990
vn 0.0602 0.9890 -0.1351
vn 0.0318 0.9958 -0.0854
vn 0.0172 0.9985 -0.0529
vn 0.0098 0.9994 -0.0330
vn 0.0046 1.0000 0.0031
vn 0.0055 1.0000 0.0034
vn 0.0064 1.0000 0.0036
vn 0.0075 1.0000 0.0037
vn 0.0086 1.0000 0.0037
vn 0.0097 0.9999 0.0036
vn 0.0108 0.9999 0.0033
vn 0.0118 0.9999 0.0028
vn 0.0125 0.9999 0.0022
vn 0.0130 0.9999 0.0015
vn 0.0132 0.9999 0.0008
vn 0.0132 0.9999 -0.0000
vn 0.0129 0.9999 -0.0006
vn 0.0124 0.9999 -0.0011
vn 0.0117 0.9999 -0.0015
vn 0.0109 0.9999 -0.0017
vn 0.0101 0.9999 -0.0018
vn 0.0093 1.0000 -0.0017
vn 0.0085 1.0000 -0.0015
vn 0.0078 1.0000 -0.0010
vn 0.0072 1.0000 -0.0004
vn 0.0066 1.0000 0.0005
vn 0.0062 1.0000 0.0019
vn 0.0058 1.0000 0.0040
vn 0.0056 1.0000 0.0073
vn 0.0056 0.9999 0.0127
vn 0.0058 0.9997 0.0218
vn 0.0064 0.9993 0.0377
vn 0.0075 0.9978 0.0659
vn 0.0090 0.9932 0.1158
vn 0.0086 0.9807 0.1952
vn -0.0011 0.9609 0.2768
vn -0.0223 0.9651 0.2610
vn -0.0300 0.9896 0.1406
vn 0.0015 0.9995 0.0310
vn 0.0704 0.9969 0.0344
vn 0.1626 0.9806 0.1097
vn 0.2395 0.9674 0.0827
vn 0.2673 0.9624 -0.0481
vn 0.2620 0.9588 -0.1099
vn 0.2676 0.9598 -0.0851
vn 0.2842 0.9565 -0.0657
vn 0.2805 0.9547 -0.0997
vn 0.2396 0.9595 -0.1481
vn 0.1738 0.9718 -0.1593
vn 0.1095 0.9849 -0.1339
vn 0.0633 0.9933 -0.0969
vn 0.0354 0.9973 -0.0651
vn 0.0199 0.9989 -0.0424
vn 0.0115 0.9996 -0.0275
vn 0.0038 1.0000 0.0024
vn 0.0044 1.0000 0.0026
vn 0.0051 1.0000 0.0027
vn 0.0059 1.0000 0.0028
vn 0.0067 1.0000 0.0027
vn 0.0075 1.0000 0.0026
vn 0.0082 1.0000 0.0024
vn 0.0089 1.0000 0.0021
vn 0.0094 1.0000 0.0016
vn 0.0098 1.0000 0.0012
vn 0.0099 1.0000 0.0007
vn 0.0099 1.0000 0.0002
vn 0.0098 1.0000 -0.0003
vn 0.0094 1.0000 -0.0006
vn 0.0090 1.0000 -0.0009
vn 0.0085 1.0000 -0.0011
vn 0.0080 1.0000 -0.0011
vn 0.0074 1.0000 -0.0010
vn 0.0069 1.0000 -0.0008
vn 0.0064 1.0000 -0.0005
vn 0.0060 1.0000 0.0001
vn 0.0056 1.0000 0.0010
vn 0.0054 1.0000 0.0022
vn 0.0053 1.0000 0.0042
vn 0.0055 1.0000 0.0072
vn 0.0060 0.9999 0.0123
vn 0.0073 0.9998 0.0207
vn 0.0099 0.9993 0.0354
vn 0.0151 0.9980 0.0611
vn 0.0255 0.9940 0.1060
vn 0.0442 0.9832 0.1772
vn 0.0664 0.9641 0.2570
vn 0.0623 0.9607 0.2705
vn 0.0224 0.9865 0.1622
vn 0.0262 0.9996 -0.0115
vn 0.1010 0.9933 -0.0558
vn 0.1905 0.9817 0.0061
vn 0.2510 0.9678 0.0185
vn 0.2596 0.9649 -0.0407
vn 0.2339 0.9680 -0.0911
vn 0.2161 0.9715 -0.0974
vn 0.2120 0.9736 -0.0846
vn 0.2005 0.9759 -0.0863
vn 0.1711 0.9804 -0.0974
vn 0.1289 0.9868 -0.0983
vn 0.0869 0.9926 -0.0849
vn 0.0542 0.9964 -0.0651
vn 0.0326 0.9984 -0.0465
vn 0.0194 0.9993 -0.0320
vn 0.0117 0.9997 -0.0217
vn 0.0031 1.0000 0.0019
vn 0.0036 1.0000 0.0020
vn 0.0041 1.0000 0.0021
vn 0.0047 1.0000 0.0021
vn 0.0052 1.0000 0.0021
vn 0.0058 1.0000 0.0020
vn 0.0063 1.0000 0.0018
vn 0.0068 1.0000 0.0015
vn 0.0072 1.0000 0.0013
vn 0.0074 1.0000 0.0009
vn 0.0076 1.0000 0.0006
vn 0.0076 1.0000 0.0002
vn 0.0075 1.0000 -0.0001
vn 0.0073 1.0000 -0.0003
vn 0.0070 1.0000 -0.0005
vn 0.0067 1.0000 -0.0006
vn 0.0063 1.0000 -0.0006
vn 0.0060 1.0000 -0.0006
vn 0.0056 1.0000 -0.0004
vn 0.0053 1.0000 -0.0001
vn 0.0050 1.0000 0.0004
vn 0.0048 1.0000 0.0012
vn 0.0048 1.0000 0.0023
vn 0.0049 1.0000 0.0040
vn 0.0053 1.0000 0.0068
vn 0.0063 0.9999 0.0112
vn 0.0083 0.9998 0.0185
vn 0.0122 0.9994 0.0309
vn 0.0197 0.9984 0.0523
vn 0.0340 0.9955 0.0885
vn 0.0592 0.9875 0.1460
vn 0.0935 0.9710 0.2200
vn 0.1166 0.9570 0.2656
vn 0.1124 0.9786 0.1726
vn 0.1071 0.9928 -0.0531
vn 0.1391 0.9835 -0.1155
vn 0.1780 0.9823 -0.0577
vn 0.2013 0.9794 -0.0157
vn 0.2012 0.9792 -0.0245
vn 0.1839 0.9807 -0.0668
vn 0.1664 0.9819 -0.0901
vn 0.1525 0.9850 -0.0801
vn 0.1363 0.9883 -0.0692
vn 0.1144 0.9913 -0.0652
vn 0.0884 0.9942 -0.0612
vn 0.0628 0.9966 -0.0532
vn 0.0419 0.9982 -0.0426
vn 0.0269 0.9991 -0.0320
vn 0.0170 0.9996 -0.0232
vn 0.0108 0.9998 -0.0165
vn 0.0026 1.0000 0.0015
vn 0.0029 1.0000 0.0016
vn 0.0033 1.0000 0.0016
vn 0.0037 1.0000 0.0016
vn 0.0041 1.0000 0.0016
vn 0.0045 1.0000 0.0015
vn 0.0049 1.0000 0.0014
vn 0.0053 1.0000 0.0012
vn 0.0055 1.0000 0.0010
vn 0.0057 1.0000 0.0008
vn 0.0058 1.0000 0.0005
vn 0.0059 1.0000 0.0003
vn 0.0058 1.0000 0.0001
vn 0.0057 1.0000 -0.0001
vn 0.0055 1.0000 -0.0003
vn 0.0053 1.0000 -0.0003
vn 0.0051 1.0000 -0.0003
vn 0.0048 1.0000 -0.0003
vn 0.0046 1.0000 -0.0001
vn 0.0044 1.0000 0.0002
vn 0.0042 1.0000 0.0006
vn 0.0042 1.0000 0.0012
vn 0.0042 1.0000 0.0022
vn 0.0045 1.0000 0.0037
vn 0.0051 1.0000 0.0060
vn 0.0064 0.9999 0.0097
vn 0.0087 0.9998 0.0156
vn 0.0130 0.9996 0.0255
vn 0.0211 0.9989 0.0418
vn 0.0361 0.9970 0.0688
vn 0.0627 0.9918 0.1115
vn 0.1060 0.9798 0.1695
vn 0.1637 0.9640 0.2094
vn 0.2068 0.9700 0.1276
vn 0.1968 0.9786 -0.0608
vn 0.1736 0.9777 -0.1179
vn 0.1641 0.9838 -0.0725
vn 0.1657 0.9858 -0.0276
vn 0.1695 0.9853 -0.0191
vn 0.1620 0.9857 -0.0472
vn 0.1397 0.9879 -0.0675
vn 0.1146 0.9915 -0.0616
vn 0.0942 0.9943 -0.0507
vn 0.0765 0.9961 -0.0439
vn 0.0596 0.9975 -0.0390
vn 0.0440 0.9985 -0.0337
vn 0.0309 0.9991 -0.0277
vn 0.0210 0.9995 -0.0217
vn 0.0140 0.9998 -0.0165
vn 0.0093 0.9999 -0.0122
vn 0.0021 1.0000 0.0012
vn 0.0024 1.0000 0.0012
vn 0.0027 1.0000 0.0012
vn 0.0030 1.0000 0.0012
vn 0.0033 1.0000 0.0012
vn 0.0036 1.0000 0.0011
vn 0.0039 1.0000 0.0010
vn 0.0041 1.0000 0.0009
vn 0.0043 1.0000 0.0008
vn 0.0045 1.0000 0.0006
vn 0.0046 1.0000 0.0004
vn 0.0046 1.0000 0.0003
vn 0.0046 1.0000 0.0001
vn 0.0045 1.0000 -0.0000
vn 0.0044 1.0000 -0.0001
vn 0.0043 1.0000 -0.0001
vn 0.0041 1.0000 -0.0001
vn 0.0039 1.0000 -0.0001
vn 0.0038 1.0000 0.0001
vn 0.0037 1.0000 0.0003
vn 0.0036 1.0000 0.0007
vn 0.0036 1.0000 0.0012
vn 0.0038 1.0000 0.0020
vn 0.0041 1.0000 0.0033
vn 0.0048 1.0000 0.0051
vn 0.0061 0.9999 0.0080
vn 0.0085 0.9999 0.0126
vn 0.0127 0.9997 0.0199
vn 0.0203 0.9993 0.0315
vn 0.0341 0.9982 0.0499
vn 0.0589 0.9952 0.0776
vn 0.1018 0.9884 0.1126
vn 0.1638 0.9778 0.1305
vn 0.2147 0.9739 0.0742
vn 0.2129 0.9764 -0.0372
vn 0.1749 0.9813 -0.0802
vn 0.1423 0.9881 -0.0581
vn 0.1293 0.9912 -0.0297
vn 0.1265 0.9917 -0.0209
vn 0.1194 0.9923 -0.0318
vn 0.1023 0.9939 -0.0416
vn 0.0820 0.9958 -0.0399
vn 0.0651 0.9973 -0.0340
vn 0.0518 0.9982 -0.0290
vn 0.0405 0.9989 -0.0253
vn 0.0306 0.9993 -0.0218
vn 0.0224 0.9996 -0.0183
vn 0.0159 0.9998 -0.0148
vn 0.0111 0.9999 -0.0116
vn 0.0077 0.9999 -0.0089
vn 0.0018 1.0000 0.0009
vn 0.0020 1.0000 0.0010
vn 0.0022 1.0000 0.0010
vn 0.0024 1.0000 0.0010
vn 0.0027 1.0000 0.0009
vn 0.0029 1.0000 0.0009
vn 0.0031 1.0000 0.0008
vn 0.0033 1.0000 0.0007
vn 0.0034 1.0000 0.0006
vn 0.0035 1.0000 0.0005
vn 0.0036 1.0000 0.0004
vn 0.0036 1.0000 0.0003
vn 0.0036 1.0000 0.0002
vn 0.0036 1.0000 0.0001
vn 0.0035 1.0000 -0.0000
vn 0.0034 1.0000 -0.0000
vn 0.0033 1.0000 -0.0000
vn 0.0032 1.0000 0.0001
vn 0.0032 1.0000 0.0002
vn 0.0031 1.0000 0.0004
vn 0.0031 1.0000 0.0007
vn 0.0032 1.0000 0.0011
vn 0.0033 1.0000 0.0018
vn 0.0037 1.0000 0.0028
vn 0.0044 1.0000 0.0042
vn 0.0057 1.0000 0.0064
vn 0.0078 0.9999 0.0097
vn 0.0115 0.9998 0.0148
vn 0.0179 0.9996 0.0224
vn 0.0291 0.9990 0.0337
vn 0.0484 0.9976 0.0490
vn 0.0796 0.9947 0.0651
vn 0.1206 0.9904 0.0681
vn 0.1533 0.9875 0.0376
vn 0.1559 0.9877 -0.0138
vn 0.1329 0.9903 -0.0399
vn 0.1075 0.9936 -0.0355
vn 0.0925 0.9954 -0.0235
vn 0.0852 0.9962 -0.0183
vn 0.0781 0.9967 -0.0208
vn 0.0674 0.9974 -0.0242
vn 0.0552 0.9982 -0.0240
vn 0.0443 0.9988 -0.0216
vn 0.0353 0.9992 -0.0189
vn 0.0278 0.9995 -0.0165
vn 0.0214 0.9997 -0.0143
vn 0.0162 0.9998 -0.0122
vn 0.0119 0.9999 -0.0101
vn 0.0086 0.9999 -0.0082
vn 0.0062 1.0000 -0.0065
vn 0.0015 1.0000 0.0008
vn 0.0016 1.0000 0.0008
vn 0.0018 1.0000 0.0008
vn 0.0020 1.0000 0.0008
vn 0.0021 1.0000 0.0007
vn 0.0023 1.0000 0.0007
vn 0.0025 1.0000 0.0007
vn 0.0026 1.0000 0.0006
vn 0.0027 1.0000 0.0005
vn 0.0028 1.0000 0.0004
vn 0.0029 1.0000 0.0003
vn 0.0029 1.0000 0.0002
vn 0.0029 1.0000 0.0001
vn 0.0028 1.0000 0.0001
vn 0.0027 1.0000 0.0001
vn 0.0026 1.0000 0.0002
vn 0.0026 1.0000 0.0004
vn 0.0027 1.0000 0.0006
vn 0.0027 1.0000 0.0010
vn 0.0030 1.0000 0.0015
vn 0.0033 1.0000 0.0023
vn 0.0040 1.0000 0.0034
vn 0.0051 1.0000 0.0050
vn 0.0069 1.0000 0.0072
vn 0.0098 0.9999 0.0105
vn 0.0148 0.9998 0.0152
vn 0.0229 0.9995 0.0214
vn 0.0357 0.9989 0.0288
vn 0.0542 0.9979 0.0347
vn 0.0759 0.9966 0.0331
vn 0.0926 0.9955 0.0185
vn 0.0955 0.9954 -0.0028
vn 0.0857 0.9962 -0.0164
vn 0.0724 0.9972 -0.0182
vn 0.0622 0.9979 -0.0151
vn 0.0556 0.9984 -0.0130
vn 0.0498 0.9987 -0.0133
vn 0.0434 0.9990 -0.0143
vn 0.0364 0.9992 -0.0144
vn 0.0298 0.9995 -0.0134
vn 0.0241 0.9996 -0.0121
vn 0.0193 0.9998 -0.0108
vn 0.0152 0.9998 -0.0095
vn 0.0117 0.9999 -0.0082
vn 0.0089 0.9999 -0.0070
vn 0.0067 1.0000 -0.0058
vn 0.0050 1.0000 -0.0047
vn 0.0012 1.0000 0.0006
vn 0.0014 1.0000 0.0006
vn 0.0015 1.0000 0.0006
vn 0.0016 1.0000 0.0006
vn 0.0018 1.0000 0.0006
vn 0.0019 1.0000 0.0006
vn 0.0020 1.0000 0.0005
vn 0.0021 1.0000 0.0005
vn 0.0022 1.0000 0.0004
vn 0.0023 1.0000 0.0004
vn 0.0023 1.0000 0.0003
vn 0.0023 1.0000 0.0002
vn 0.0023 1.0000 0.0001
vn 0.0022 1.0000 0.0002
vn 0.0023 1.0000 0.0006
vn 0.0024 1.0000 0.0009
vn 0.0026 1.0000 0.0013
vn 0.0029 1.0000 0.0018
vn 0.0035 1.0000 0.0026
vn 0.0044 1.0000 0.0037
vn 0.0058 1.0000 0.0052
vn 0.0081 0.9999 0.0073
vn 0.0116 0.9999 0.0100
vn 0.0169 0.9998 0.0132
vn 0.0246 0.9996 0.0164
vn 0.0347 0.9992 0.0181
vn 0.0454 0.9988 0.0162
vn 0.0534 0.9985 0.0095
vn 0.0556 0.9985 0.0006
vn 0.0521 0.9986 -0.0061
vn 0.0461 0.9989 -0.0087
vn 0.0405 0.9991 -0.0087
vn 0.0360 0.9993 -0.0083
vn 0.0321 0.9994 -0.0084
vn 0.0281 0.9996 -0.0087
vn 0.0240 0.9997 -0.0088
vn 0.0201 0.9998 -0.0084
vn 0.0166 0.9998 -0.0078
vn 0.0135 0.9999 -0.0071
vn 0.0108 0.9999 -0.0064
vn 0.0086 0.9999 -0.0056
vn 0.0067 1.0000 -0.0049
vn 0.0051 1.0000 -0.0041
vn 0.0039 1.0000 -0.0035
vn 0.0010 1.0000 0.0005
vn 0.0011 1.0000 0.0005
vn 0.0012 1.0000 0.0005
vn 0.0013 1.0000 0.0005
vn 0.0014 1.0000 0.0005
vn 0.0015 1.0000 0.0005
vn 0.0016 1.0000 0.0004
vn 0.0017 1.0000 0.0004
vn 0.0018 1.0000 0.0003
vn 0.0019 1.0000 0.0003
vn 0.0019 1.0000 0.0002
vn 0.0019 1.0000 0.0001
vn 0.0019 1.0000 0.0004
vn 0.0025 1.0000 0.0014
vn 0.0030 1.0000 0.0020
vn 0.0037 1.0000 0.0027
vn 0.0048 1.0000 0.0037
vn 0.0064 1.0000 0.0049
vn 0.0088 0.9999 0.0064
vn 0.0121 0.9999 0.0080
vn 0.0166 0.9998 0.0093
vn 0.0219 0.9997 0.0097
vn 0.0273 0.9996 0.0084
vn 0.0312 0.9995 0.0052
vn 0.0326 0.9995 0.0012
vn 0.0315 0.9995 -0.0021
vn 0.0290 0.9996 -0.0040
vn 0.0261 0.9996 -0.0047
vn 0.0235 0.9997 -0.0050
vn 0.0210 0.9998 -0.0052
vn 0.0185 0.9998 -0.0054
vn 0.0137 0.9999 -0.0054
vn 0.0115 0.9999 -0.0051
vn 0.0095 0.9999 -0.0048
vn 0.0078 1.0000 -0.0044
vn 0.0063 1.0000 -0.0039
vn 0.0050 1.0000 -0.0034
vn 0.0040 1.0000 -0.0030
vn 0.0031 1.0000 -0.0025
vn 0.0009 1.0000 0.0004
vn 0.0010 1.0000 0.0004
vn 0.0011 1.0000 0.0004
vn 0.0012 1.0000 0.0004
vn 0.0013 1.0000 0.0004
vn 0.0013 1.0000 0.0003
vn 0.0014 1.0000 0.0003
vn 0.0015 1.0000 0.0003
vn 0.0015 1.0000 0.0002
vn 0.0016 1.0000 0.0002
vn 0.0016 1.0000 0.0001
vn 0.0016 1.0000 0.0003
vn 0.0019 1.0000 0.0008
vn 0.0022 1.0000 0.0011
vn 0.0025 1.0000 0.0015
vn 0.0031 1.0000 0.0020
vn 0.0039 1.0000 0.0026
vn 0.0050 1.0000 0.0033
vn 0.0065 1.0000 0.0041
vn 0.0086 1.0000 0.0049
vn 0.0112 0.9999 0.0054
vn 0.0140 0.9999 0.0054
vn 0.0168 0.9998 0.0046
vn 0.0188 0.9998 0.0030
vn 0.0197 0.9998 0.0011
vn 0.0194 0.9998 -0.0007
vn 0.0184 0.9998 -0.0019
vn 0.0170 0.9999 -0.0026
vn 0.0155 0.9999 -0.0030
vn 0.0140 0.9999 -0.0033
vn 0.0125 0.9999 -0.0034
vn 0.0110 0.9999 -0.0035
vn 0.0095 0.9999 -0.0035
vn 0.0081 1.0000 -0.0034
vn 0.0068 1.0000 -0.0032
vn 0.0057 1.0000 -0.0030
vn 0.0047 1.0000 -0.0027
vn 0.0038 1.0000 -0.0025
vn 0.0031 1.0000 -0.0022
vn 0.0025 1.0000 -0.0019
vt 0.980392 0.980392
vt 1.000000 0.980392
vt 1.000000 1.000000
vt 0.980392 1.000000
vt 0.000000 0.980392
vt 0.019608 0.980392
vt 0.019608 1.000000
vt 0.000000 1.000000
vt 0.039216 0.980392
vt 0.039216 1.000000
vt 0.058824 0.980392
vt 0.058824 1.000000
vt 0.078431 0.980392
vt 0.078431 1.000000
vt 0.098039 0.980392
vt 0.098039 1.000000
vt 0.117647 0.980392
vt 0.117647 1.000000
vt 0.137255 0.980392
vt 0.137255 1.000000
vt 0.156863 0.980392
vt 0.156863 1.000000
vt 0.176471 0.980392
vt 0.176471 1.000000
vt 0.196078 0.980392
vt 0.196078 1.000000
vt 0.215686 0.980392
vt 0.215686 1.000000
vt 0.235294 0.980392
vt 0.235294 1.000000
vt 0.254902 0.980392
vt 0.254902 1.000000
vt 0.274510 0.980392
vt 0.274510 1.000000
vt 0.294118 0.980392
vt 0.294118 1.000000
vt 0.313725 0.980392
vt 0.313726 1.000000
vt 0.333333 0.980392
vt 0.333333 1.000000
vt 0.352941 0.980392
vt 0.352941 1.000000
vt 0.372549 0.980392
vt 0.372549 1.000000
vt 0.392157 0.980392
vt 0.392157 1.000000
vt 0.411765 0.980392
vt 0.411765 1.000000
vt 0.431373 0.980392
vt 0.431373 1.000000
vt 0.450980 0.980392
vt 0.450980 1.000000
vt 0.470588 0.980392
vt 0.470588 1.000000
vt 0.490196 0.980392
vt 0.490196 1.000000
vt 0.509804 0.980392
vt 0.509804 1.000000
vt 0.529412 0.980392
vt 0.529412 1.000000
vt 0.549020 0.980392
vt 0.549020 1.000000
vt 0.568627 0.980392
vt 0.568627 1.000000
vt 0.588235 0.980392
vt 0.588235 1.000000
vt 0.607843 0.980392
vt 0.607843 1.000000
vt 0.627451 0.980392
vt 0.627451 1.000000
vt 0.647059 0.980392
vt 0.647059 1.000000
vt 0.666667 0.980392
vt 0.666667 1.000000
vt 0.686275 0.980392
vt 0.686275 1.000000
vt 0.705882 0.980392
vt 0.705882 1.000000
vt 0.725490 0.980392
vt 0.725490 1.000000
vt 0.745098 0.980392
vt 0.745098 1.000000
vt 0.764706 0.980392
vt 0.764706 1.000000
vt 0.784314 0.980392
vt 0.784314 1.000000
vt 0.803922 0.980392
vt 0.803922 1.000000
vt 0.823529 0.980392
vt 0.823529 1.000000
vt 0.843137 0.980392
vt 0.843137 1.000000
vt 0.862745 0.980392
vt 0.862745 1.000000
vt 0.882353 0.980392
vt 0.882353 1.000000
vt 0.901961 0.980392
vt 0.901961 1.000000
vt 0.921569 0.980392
vt 0.921569 1.000000
vt 0.941176 0.980392
vt 0.941176 1.000000
vt 0.960784 0.980392
vt 0.960784 1.000000
vt 0.000000 0.000000
vt 0.019608 0.000000
vt 0.019608 0.019608
vt 0.000000 0.019608
vt 0.019608 0.039216
vt 0.000000 0.039216
vt 0.019608 0.058824
vt 0.000000 0.058824
vt 0.019608 0.078431
vt 0.000000 0.078431
vt 0.019608 0.098039
vt 0.000000 0.098039
vt 0.019608 0.117647
vt 0.000000 0.117647
vt 0.019608 0.137255
vt 0.000000 0.137255
vt 0.019608 0.156863
vt 0.000000 0.156863
vt 0.019608 0.176471
vt 0.000000 0.176471
vt 0.019608 0.196078
vt 0.000000 0.196078
vt 0.019608 0.215686
vt 0.000000 0.215686
vt 0.019608 0.235294
vt 0.000000 0.235294
vt 0.019608 0.254902
vt 0.000000 0.254902
vt 0.019608 0.274510
vt 0.000000 0.274510
vt 0.019608 0.294118
vt 0.000000 0.294118
vt 0.019608 0.313726
vt 0.000000 0.313726
vt 0.019608 0.333333
vt 0.000000 0.333333
vt 0.019608 0.352941
vt 0.000000 0.352941
vt 0.019608 0.372549
vt 0.000000 0.372549
vt 0.019608 0.392157
vt 0.000000 0.392157
vt 0.019608 0.411765
vt 0.000000 0.411765
vt 0.019608 0.431373
vt 0.000000 0.431373
vt 0.019608 0.450980
vt 0.000000 0.450980
vt 0.019608 0.470588
vt 0.000000 0.470588
vt 0.019608 0.490196
vt 0.000000 0.490196
vt 0.019608 0.509804
vt 0.000000 0.509804
vt 0.019608 0.529412
vt 0.000000 0.529412
vt 0.019608 0.549020
vt 0.000000 0.549020
vt 0.019608 0.568628
vt 0.000000 0.568627
vt 0.019608 0.588235
vt 0.000000 0.588235
vt 0.019608 0.607843
vt 0.000000 0.607843
vt 0.019608 0.627451
vt 0.000000 0.627451
vt 0.019608 0.647059
vt 0.000000 0.647059
vt 0.019608 0.666667
vt 0.000000 0.666667
vt 0.019608 0.686275
vt 0.000000 0.686275
vt 0.019608 0.705882
vt 0.000000 0.705882
vt 0.019608 0.725490
vt 0.000000 0.725490
vt 0.019608 0.745098
vt 0.000000 0.745098
vt 0.019608 0.764706
vt 0.000000 0.764706
vt 0.019608 0.784314
vt 0.000000 0.784314
vt 0.019608 0.803922
vt 0.000000 0.803922
vt 0.019608 0.823529
vt 0.000000 0.823529
vt 0.019608 0.843137
vt 0.000000 0.843137
vt 0.019608 0.862745
vt 0.000000 0.862745
vt 0.019608 0.882353
vt 0.000000 0.882353
vt 0.019608 0.901961
vt 0.000000 0.901961
vt 0.019608 0.921569
vt 0.000000 0.921569
vt 0.019608 0.941176
vt 0.000000 0.941176
vt 0.019608 0.960784
vt 0.000000 0.960784
vt 0.039216 0.000000
vt 0.039216 0.019608
vt 0.039216 0.039216
vt 0.039216 0.058824
vt 0.039216 0.078431
vt 0.039216 0.098039
vt 0.039216 0.117647
vt 0.039216 0.137255
vt 0.039216 0.156863
vt 0.039216 0.176471
vt 0.039216 0.196078
vt 0.039216 0.215686
vt 0.039216 0.235294
vt 0.039216 0.254902
vt 0.039216 0.274510
vt 0.039216 0.294118
vt 0.039216 0.313726
vt 0.039216 0.333333
vt 0.039216 0.352941
vt 0.039216 0.372549
vt 0.039216 0.392157
vt 0.039216 0.411765
vt 0.039216 0.431373
vt 0.039216 0.450980
vt 0.039216 0.470588
vt 0.039216 0.490196
vt 0.039216 0.509804
vt 0.039216 0.529412
vt 0.039216 0.549020
vt 0.039216 0.568628
vt 0.039216 0.588235
vt 0.039216 0.607843
vt 0.039216 0.627451
vt 0.039216 0.647059
vt 0.039216 0.666667
vt 0.039216 0.686275
vt 0.039216 0.705882
vt 0.039216 0.725490
vt 0.039216 0.745098
vt 0.039216 0.764706
vt 0.039216 0.784314
vt 0.039216 0.803922
vt 0.039216 0.823529
vt 0.039216 0.843137
vt 0.039216 0.862745
vt 0.039216 0.882353
vt 0.039216 0.901961
vt 0.039216 0.921569
vt 0.039216 0.941176
vt 0.039216 0.960784
vt 0.058824 0.000000
vt 0.058824 0.019608
vt 0.058824 0.039216
vt 0.058824 0.058824
vt 0.058824 0.078431
vt 0.058824 0.098039
vt 0.058824 0.117647
vt 0.058824 0.137255
vt 0.058824 0.156863
vt 0.058824 0.176471
vt 0.058824 0.196078
vt 0.058824 0.215686
vt 0.058824 0.235294
vt 0.058824 0.254902
vt 0.058824 0.274510
vt 0.058824 0.294118
vt 0.058824 0.313726
vt 0.058824 0.333333
vt 0.058824 0.352941
vt 0.058824 0.372549
vt 0.058824 0.392157
vt 0.058824 0.411765
vt 0.058824 0.431373
vt 0.058824 0.450980
vt 0.058824 0.470588
vt 0.058824 0.490196
vt 0.058824 0.509804
vt 0.058824 0.529412
vt 0.058824 0.549020
vt 0.058824 0.568628
vt 0.058824 0.588235
vt 0.058824 0.607843
vt 0.058824 0.627451
vt 0.058824 0.647059
vt 0.058824 0.666667
vt 0.058824 0.686275
vt 0.058824 0.705882
vt 0.058824 0.725490
vt 0.058824 0.745098
vt 0.058824 0.764706
vt 0.058824 0.784314
vt 0.058824 0.803922
vt 0.058824 0.823529
vt 0.058824 0.843137
vt 0.058824 0.862745
vt 0.058824 0.882353
vt 0.058824 0.901961
vt 0.058824 0.921569
vt 0.058824 0.941176
vt 0.058824 0.960784
vt 0.078431 0.000000
vt 0.078431 0.019608
vt 0.078431 0.039216
vt 0.078431 0.058824
vt 0.078431 0.078431
vt 0.078431 0.098039
vt 0.078431 0.117647
vt 0.078431 0.137255
vt 0.078431 0.156863
vt 0.078431 0.176471
vt 0.078431 0.196078
vt 0.078431 0.215686
vt 0.078431 0.235294
vt 0.078431 0.254902
vt 0.078431 0.274510
vt 0.078431 0.294118
vt 0.078431 0.313726
vt 0.078431 0.333333
vt 0.078431 0.352941
vt 0.078431 0.372549
vt 0.078431 0.392157
vt 0.078431 0.411765
vt 0.078431 0.431373
vt 0.078431 0.450980
vt 0.078431 0.470588
vt 0.078431 0.490196
vt 0.078431 0.509804
vt 0.078431 0.529412
vt 0.078431 0.549020
vt 0.078431 0.568628
vt 0.078431 0.588235
vt 0.078431 0.607843
vt 0.078431 0.627451
vt 0.078431 0.647059
vt 0.078431 0.666667
vt 0.078431 0.686275
vt 0.078431 0.705882
vt 0.078431 0.725490
vt 0.078431 0.745098
vt 0.078431 0.764706
vt 0.078431 0.784314
vt 0.078431 0.803922
vt 0.078431 0.823529
vt 0.078431 0.843137
vt 0.078431 0.862745
vt 0.078431 0.882353
vt 0.078431 0.901961
vt 0.078431 0.921569
vt 0.078431 0.941176
vt 0.078431 0.960784
vt 0.098039 0.000000
vt 0.098039 0.019608
vt 0.098039 0.039216
vt 0.098039 0.058824
vt 0.098039 0.078431
vt 0.098039 0.098039
vt 0.098039 0.117647
vt 0.098039 0.137255
vt 0.098039 0.156863
vt 0.098039 0.176471
vt 0.098039 0.196078
vt 0.098039 0.215686
vt 0.098039 0.235294
vt 0.098039 0.254902
vt 0.098039 0.274510
vt 0.098039 0.294118
vt 0.098039 0.313726
vt 0.098039 0.333333
vt 0.098039 0.352941
vt 0.098039 0.372549
vt 0.098039 0.392157
vt 0.098039 0.411765
vt 0.098039 0.431373
vt 0.098039 0.450980
vt 0.098039 0.470588
vt 0.098039 0.490196
vt 0.098039 0.509804
vt 0.098039 0.529412
vt 0.098039 0.549020
vt 0.098039 0.568628
vt 0.098039 0.588235
vt 0.098039 0.607843
vt 0.098039 0.627451
vt 0.098039 0.647059
vt 0.098039 0.666667
vt 0.098039 0.686275
vt 0.098039 0.705882
vt 0.098039 0.725490
vt 0.098039 0.745098
vt 0.098039 0.764706
vt 0.098039 0.784314
vt 0.098039 0.803922
vt 0.098039 0.823529
vt 0.098039 0.843137
vt 0.098039 0.862745
vt 0.098039 0.882353
vt 0.098039 0.901961
vt 0.098039 0.921569
vt 0.098039 0.941176
vt 0.098039 0.960784
vt 0.117647 0.000000
vt 0.117647 0.019608
vt 0.117647 0.039216
vt 0.117647 0.058824
vt 0.117647 0.078431
vt 0.117647 0.098039
vt 0.117647 0.117647
vt 0.117647 0.137255
vt 0.117647 0.156863
vt 0.117647 0.176471
vt 0.117647 0.196078
vt 0.117647 0.215686
vt 0.117647 0.235294
vt 0.117647 0.254902
vt 0.117647 0.274510
vt 0.117647 0.294118
vt 0.117647 0.313726
vt 0.117647 0.333333
vt 0.117647 0.352941
vt 0.117647 0.372549
vt 0.117647 0.392157
vt 0.117647 0.411765
vt 0.117647 0.431373
vt 0.117647 0.450980
vt 0.117647 0.470588
vt 0.117647 0.490196
vt 0.117647 0.509804
vt 0.117647 0.529412
vt 0.117647 0.549020
vt 0.117647 0.568628
vt 0.117647 0.588235
vt 0.117647 0.607843
vt 0.117647 0.627451
vt 0.117647 0.647059
vt 0.117647 0.666667
vt 0.117647 0.686275
vt 0.117647 0.705882
vt 0.117647 0.725490
vt 0.117647 0.745098
vt 0.117647 0.764706
vt 0.117647 0.784314
vt 0.117647 0.803922
vt 0.117647 0.823529
vt 0.117647 0.843137
vt 0.117647 0.862745
vt 0.117647 0.882353
vt 0.117647 0.901961
vt 0.117647 0.921569
vt 0.117647 0.941176
vt 0.117647 0.960784
vt 0.137255 0.000000
vt 0.137255 0.019608
vt 0.137255 0.039216
vt 0.137255 0.058824
vt 0.137255 0.078431
vt 0.137255 0.098039
vt 0.137255 0.117647
vt 0.137255 0.137255
vt 0.137255 0.156863
vt 0.137255 0.176471
vt 0.137255 0.196078
vt 0.137255 0.215686
vt 0.137255 0.235294
vt 0.137255 0.254902
vt 0.137255 0.274510
vt 0.137255 0.294118
vt 0.137255 0.313726
vt 0.137255 0.333333
vt 0.137255 0.352941
vt 0.137255 0.372549
vt 0.137255 0.392157
vt 0.137255 0.411765
vt 0.137255 0.431373
vt 0.137255 0.450980
vt 0.137255 0.470588
vt 0.137255 0.490196
vt 0.137255 0.509804
vt 0.137255 0.529412
vt 0.137255 0.549020
vt 0.137255 0.568628
vt 0.137255 0.588235
vt 0.137255 0.607843
vt 0.137255 0.627451
vt 0.137255 0.647059
vt 0.137255 0.666667
vt 0.137255 0.686275
vt 0.137255 0.705882
vt 0.137255 0.725490
vt 0.137255 0.745098
vt 0.137255 0.764706
vt 0.137255 0.784314
vt 0.137255 0.803922
vt 0.137255 0.823529
vt 0.137255 0.843137
vt 0.137255 0.862745
vt 0.137255 0.882353
vt 0.137255 0.901961
vt 0.137255 0.921569
vt 0.137255 0.941176
vt 0.137255 0.960784
vt 0.156863 0.000000
vt 0.156863 0.019608
vt 0.156863 0.039216
vt 0.156863 0.058824
vt 0.156863 0.078431
vt 0.156863 0.098039
vt 0.156863 0.117647
vt 0.156863 0.137255
vt 0.156863 0.156863
vt 0.156863 0.176471
vt 0.156863 0.196078
vt 0.156863 0.215686
vt 0.156863 0.235294
vt 0.156863 0.254902
vt 0.156863 0.274510
vt 0.156863 0.294118
vt 0.156863 0.313726
vt 0.156863 0.333333
vt 0.156863 0.352941
vt 0.156863 0.372549
vt 0.156863 0.392157
vt 0.156863 0.411765
vt 0.156863 0.431373
vt 0.156863 0.450980
vt 0.156863 0.470588
vt 0.156863 0.490196
vt 0.156863 0.509804
vt 0.156863 0.529412
vt 0.156863 0.549020
vt 0.156863 0.568628
vt 0.156863 0.588235
vt 0.156863 0.607843
vt 0.156863 0.627451
vt 0.156863 0.647059
vt 0.156863 0.666667
vt 0.156863 0.686275
vt 0.156863 0.705882
vt 0.156863 0.725490
vt 0.156863 0.745098
vt 0.156863 0.764706
vt 0.156863 0.784314
vt 0.156863 0.803922
vt 0.156863 0.823529
vt 0.156863 0.843137
vt 0.156863 0.862745
vt 0.156863 0.882353
vt 0.156863 0.901961
vt 0.156863 0.921569
vt 0.156863 0.941176
vt 0.156863 0.960784
vt 0.176471 0.000000
vt 0.176471 0.019608
vt 0.176471 0.039216
vt 0.176471 0.058824
vt 0.176471 0.078431
vt 0.176471 0.098039
vt 0.176471 0.117647
vt 0.176471 0.137255
vt 0.176471 0.156863
vt 0.176471 0.176471
vt 0.176471 0.196078
vt 0.176471 0.215686
vt 0.176471 0.235294
vt 0.176471 0.254902
vt 0.176471 0.274510
vt 0.176471 0.294118
vt 0.176471 0.313726
vt 0.176471 0.333333
vt 0.176471 0.352941
vt 0.176471 0.372549
vt 0.176471 0.392157
vt 0.176471 0.411765
vt 0.176471 0.431373
vt 0.176471 0.450980
vt 0.176471 0.470588
vt 0.176471 0.490196
vt 0.176471 0.509804
vt 0.176471 0.529412
vt 0.176471 0.549020
vt 0.176471 0.568628
vt 0.176471 0.588235
vt 0.176471 0.607843
vt 0.176471 0.627451
vt 0.176471 0.647059
vt 0.176471 0.666667
vt 0.176471 0.686275
vt 0.176471 0.705882
vt 0.176471 0.725490
vt 0.176471 0.745098
vt 0.176471 0.764706
vt 0.176471 0.784314
vt 0.176471 0.803922
vt 0.176471 0.823529
vt 0.176471 0.843137
vt 0.176471 0.862745
vt 0.176471 0.882353
vt 0.176471 0.901961
vt 0.176471 0.921569
vt 0.176471 0.941176
vt 0.176471 0.960784
vt 0.196078 0.000000
vt 0.196078 0.019608
vt 0.196078 0.039216
vt 0.196078 0.058824
vt 0.196078 0.078431
vt 0.196078 0.098039
vt 0.196078 0.117647
vt 0.196078 0.137255
vt 0.196078 0.156863
vt 0.196078 0.176471
vt 0.196078 0.196078
vt 0.196078 0.215686
vt 0.196078 0.235294
vt 0.196078 0.254902
vt 0.196078 0.274510
vt 0.196078 0.294118
vt 0.196078 0.313726
vt 0.196078 0.333333
vt 0.196078 0.352941
vt 0.196078 0.372549
vt 0.196078 0.392157
vt 0.196078 0.411765
vt 0.196078 0.431373
vt 0.196078 0.450980
vt 0.196078 0.470588
vt 0.196078 0.490196
vt 0.196078 0.509804
vt 0.196078 0.529412
vt 0.196078 0.549020
vt 0.196078 0.568628
vt 0.196078 0.588235
vt 0.196078 0.607843
vt 0.196078 0.627451
vt 0.196078 0.647059
vt 0.196078 0.666667
vt 0.196078 0.686275
vt 0.196078 0.705882
vt 0.196078 0.725490
vt 0.196078 0.745098
vt 0.196078 0.764706
vt 0.196078 0.784314
vt 0.196078 0.803922
vt 0.196078 0.823529
vt 0.196078 0.843137
vt 0.196078 0.862745
vt 0.196078 0.882353
vt 0.196078 0.901961
vt 0.196078 0.921569
vt 0.196078 0.941176
vt 0.196078 0.960784
vt 0.215686 0.000000
vt 0.215686 0.019608
vt 0.215686 0.039216
vt 0.215686 0.058824
vt 0.215686 0.078431
vt 0.215686 0.098039
vt 0.215686 0.117647
vt 0.215686 0.137255
vt 0.215686 0.156863
vt 0.215686 0.176471
vt 0.215686 0.196078
vt 0.215686 0.215686
vt 0.215686 0.235294
vt 0.215686 0.254902
vt 0.215686 0.274510
vt 0.215686 0.294118
vt 0.215686 0.313726
vt 0.215686 0.333333
vt 0.215686 0.352941
vt 0.215686 0.372549
vt 0.215686 0.392157
vt 0.215686 0.411765
vt 0.215686 0.431373
vt 0.215686 0.450980
vt 0.215686 0.470588
vt 0.215686 0.490196
vt 0.215686 0.509804
vt 0.215686 0.529412
vt 0.215686 0.549020
vt 0.215686 0.568628
vt 0.215686 0.588235
vt 0.215686 0.607843
vt 0.215686 0.627451
vt 0.215686 0.647059
vt 0.215686 0.666667
vt 0.215686 0.686275
vt 0.215686 0.705882
vt 0.215686 0.725490
vt 0.215686 0.745098
vt 0.215686 0.764706
vt 0.215686 0.784314
vt 0.215686 0.803922
vt 0.215686 0.823529
vt 0.215686 0.843137
vt 0.215686 0.862745
vt 0.215686 0.882353
vt 0.215686 0.901961
vt 0.215686 0.921569
vt 0.215686 0.941176
vt 0.215686 0.960784
vt 0.235294 0.000000
vt 0.235294 0.019608
vt 0.235294 0.039216
vt 0.235294 0.058824
vt 0.235294 0.078431
vt 0.235294 0.098039
vt 0.235294 0.117647
vt 0.235294 0.137255
vt 0.235294 0.156863
vt 0.235294 0.176471
vt 0.235294 0.196078
vt 0.235294 0.215686
vt 0.235294 0.235294
vt 0.235294 0.254902
vt 0.235294 0.274510
vt 0.235294 0.294118
vt 0.235294 0.313726
vt 0.235294 0.333333
vt 0.235294 0.352941
vt 0.235294 0.372549
vt 0.235294 0.392157
vt 0.235294 0.411765
vt 0.235294 0.431373
vt 0.235294 0.450980
vt 0.235294 0.470588
vt 0.235294 0.490196
vt 0.235294 0.509804
vt 0.235294 0.529412
vt 0.235294 0.549020
vt 0.235294 0.568628
vt 0.235294 0.588235
vt 0.235294 0.607843
vt 0.235294 0.627451
vt 0.235294 0.647059
vt 0.235294 0.666667
vt 0.235294 0.686275
vt 0.235294 0.705882
vt 0.235294 0.725490
vt 0.235294 0.745098
vt 0.235294 0.764706
vt 0.235294 0.784314
vt 0.235294 0.803922
vt 0.235294 0.823529
vt 0.235294 0.843137
vt 0.235294 0.862745
vt 0.235294 0.882353
vt 0.235294 0.901961
vt 0.235294 0.921569
vt 0.235294 0.941176
vt 0.235294 0.960784
vt 0.254902 0.000000
vt 0.254902 0.019608
vt 0.254902 0.039216
vt 0.254902 0.058824
vt 0.254902 0.078431
vt 0.254902 0.098039
vt 0.254902 0.117647
vt 0.254902 0.137255
vt 0.254902 0.156863
vt 0.254902 0.176471
vt 0.254902 0.196078
vt 0.254902 0.215686
vt 0.254902 0.235294
vt 0.254902 0.254902
vt 0.254902 0.274510
vt 0.254902 0.294118
vt 0.254902 0.313726
vt 0.254902 0.333333
vt 0.254902 0.352941
vt 0.254902 0.372549
vt 0.254902 0.392157
vt 0.254902 0.411765
vt 0.254902 0.431373
vt 0.254902 0.450980
vt 0.254902 0.470588
vt 0.254902 0.490196
vt 0.254902 0.509804
vt 0.254902 0.529412
vt 0.254902 0.549020
vt 0.254902 0.568628
vt 0.254902 0.588235
vt 0.254902 0.607843
vt 0.254902 0.627451
vt 0.254902 0.647059
vt 0.254902 0.666667
vt 0.254902 0.686275
vt 0.254902 0.705882
vt 0.254902 0.725490
vt 0.254902 0.745098
vt 0.254902 0.764706
vt 0.254902 0.784314
vt 0.254902 0.803922
vt 0.254902 0.823529
vt 0.254902 0.843137
vt 0.254902 0.862745
vt 0.254902 0.882353
vt 0.254902 0.901961
vt 0.254902 0.921569
vt 0.254902 0.941176
vt 0.254902 0.960784
vt 0.274510 0.000000
vt 0.274510 0.019608
vt 0.274510 0.039216
vt 0.274510 0.058824
vt 0.274510 0.078431
vt 0.274510 0.098039
vt 0.274510 0.117647
vt 0.274510 0.137255
vt 0.274510 0.156863
vt 0.274510 0.176471
vt 0.274510 0.196078
vt 0.274510 0.215686
vt 0.274510 0.235294
vt 0.274510 0.254902
vt 0.274510 0.274510
vt 0.274510 0.294118
vt 0.274510 0.313726
vt 0.274510 0.333333
vt 0.274510 0.352941
vt 0.274510 0.372549
vt 0.274510 0.392157
vt 0.274510 0.411765
vt 0.274510 0.431373
vt 0.274510 0.450980
vt 0.274510 0.470588
vt 0.274510 0.490196
vt 0.274510 0.509804
vt 0.274510 0.529412
vt 0.274510 0.549020
vt 0.274510 0.568628
vt 0.274510 0.588235
vt 0.274510 0.607843
vt 0.274510 0.627451
vt 0.274510 0.647059
vt 0.274510 0.666667
vt 0.274510 0.686275
vt 0.274510 0.705882
vt 0.274510 0.725490
vt 0.274510 0.745098
vt 0.274510 0.764706
vt 0.274510 0.784314
vt 0.274510 0.803922
vt 0.274510 0.823529
vt 0.274510 0.843137
vt 0.274510 0.862745
vt 0.274510 0.882353
vt 0.274510 0.901961
vt 0.274510 0.921569
vt 0.274510 0.941176
vt 0.274510 0.960784
vt 0.294118 0.000000
vt 0.294118 0.019608
vt 0.294118 0.039216
vt 0.294118 0.058824
vt 0.294118 0.078431
vt 0.294118 0.098039
vt 0.294118 0.117647
vt 0.294118 0.137255
vt 0.294118 0.156863
vt 0.294118 0.176471
vt 0.294118 0.196078
vt 0.294118 0.215686
vt 0.294118 0.235294
vt 0.294118 0.254902
vt 0.294118 0.274510
vt 0.294118 0.294118
vt 0.294118 0.313726
vt 0.294118 0.333333
vt 0.294118 0.352941
vt 0.294118 0.372549
vt 0.294118 0.392157
vt 0.294118 0.411765
vt 0.294118 0.431373
vt 0.294118 0.450980
vt 0.294118 0.470588
vt 0.294118 0.490196
vt 0.294118 0.509804
vt 0.294118 0.529412
vt 0.294118 0.549020
vt 0.294118 0.568628
vt 0.294118 0.588235
vt 0.294118 0.607843
vt 0.294118 0.627451
vt 0.294118 0.647059
vt 0.294118 0.666667
vt 0.294118 0.686275
vt 0.294118 0.705882
vt 0.294118 0.725490
vt 0.294118 0.745098
vt 0.294118 0.764706
vt 0.294118 0.784314
vt 0.294118 0.803922
vt 0.294118 0.823529
vt 0.294118 0.843137
vt 0.294118 0.862745
vt 0.294118 0.882353
vt 0.294118 0.901961
vt 0.294118 0.921569
vt 0.294118 0.941176
vt 0.294118 0.960784
vt 0.313726 0.000000
vt 0.313726 0.019608
vt 0.313726 0.039216
vt 0.313726 0.058824
vt 0.313726 0.078431
vt 0.313726 0.098039
vt 0.313726 0.117647
vt 0.313726 0.137255
vt 0.313726 0.156863
vt 0.313726 0.176471
vt 0.313726 0.196078
vt 0.313726 0.215686
vt 0.313726 0.235294
vt 0.313726 0.254902
vt 0.313726 0.274510
vt 0.313726 0.294118
vt 0.313726 0.313726
vt 0.313726 0.333333
vt 0.313726 0.352941
vt 0.313726 0.372549
vt 0.313726 0.392157
vt 0.313726 0.411765
vt 0.313726 0.431373
vt 0.313726 0.450980
vt 0.313726 0.470588
vt 0.313726 0.490196
vt 0.313726 0.509804
vt 0.313726 0.529412
vt 0.313726 0.549020
vt 0.313726 0.568628
vt 0.313726 0.588235
vt 0.313726 0.607843
vt 0.313726 0.627451
vt 0.313726 0.647059
vt 0.313726 0.666667
vt 0.313726 0.686275
vt 0.313726 0.705882
vt 0.313726 0.725490
vt 0.313726 0.745098
vt 0.313726 0.764706
vt 0.313726 0.784314
vt 0.313726 0.803922
vt 0.313726 0.823529
vt 0.313726 0.843137
vt 0.313726 0.862745
vt 0.313726 0.882353
vt 0.313726 0.901961
vt 0.313726 0.921569
vt 0.313726 0.941176
vt 0.313725 0.960784
vt 0.333333 0.000000
vt 0.333333 0.019608
vt 0.333333 0.039216
vt 0.333333 0.058824
vt 0.333333 0.078431
vt 0.333333 0.098039
vt 0.333333 0.117647
vt 0.333333 0.137255
vt 0.333333 0.156863
vt 0.333333 0.176471
vt 0.333333 0.196078
vt 0.333333 0.215686
vt 0.333333 0.235294
vt 0.333333 0.254902
vt 0.333333 0.274510
vt 0.333333 0.294118
vt 0.333333 0.313726
vt 0.333333 0.333333
vt 0.333333 0.352941
vt 0.333333 0.372549
vt 0.333333 0.392157
vt 0.333333 0.411765
vt 0.333333 0.431373
vt 0.333333 0.450980
vt 0.333333 0.470588
vt 0.333333 0.490196
vt 0.333333 0.509804
vt 0.333333 0.529412
vt 0.333333 0.549020
vt 0.333333 0.568628
vt 0.333333 0.588235
vt 0.333333 0.607843
vt 0.333333 0.627451
vt 0.333333 0.647059
vt 0.333333 0.666667
vt 0.333333 0.686275
vt 0.333333 0.705882
vt 0.333333 0.725490
vt 0.333333 0.745098
vt 0.333333 0.764706
vt 0.333333 0.784314
vt 0.333333 0.803922
vt 0.333333 0.823529
vt 0.333333 0.843137
vt 0.333333 0.862745
vt 0.333333 0.882353
vt 0.333333 0.901961
vt 0.333333 0.921569
vt 0.333333 0.941176
vt 0.333333 0.960784
vt 0.352941 0.000000
vt 0.352941 0.019608
vt 0.352941 0.039216
vt 0.352941 0.058824
vt 0.352941 0.078431
vt 0.352941 0.098039
vt 0.352941 0.117647
vt 0.352941 0.137255
vt 0.352941 0.156863
vt 0.352941 0.176471
vt 0.352941 0.196078
vt 0.352941 0.215686
vt 0.352941 0.235294
vt 0.352941 0.254902
vt 0.352941 0.274510
vt 0.352941 0.294118
vt 0.352941 0.313726
vt 0.352941 0.333333
vt 0.352941 0.352941
vt 0.352941 0.372549
vt 0.352941 0.392157
vt 0.352941 0.411765
vt 0.352941 0.431373
vt 0.352941 0.450980
vt 0.352941 0.470588
vt 0.352941 0.490196
vt 0.352941 0.509804
vt 0.352941 0.529412
vt 0.352941 0.549020
vt 0.352941 0.568628
vt 0.352941 0.588235
vt 0.352941 0.607843
vt 0.352941 0.627451
vt 0.352941 0.647059
vt 0.352941 0.666667
vt 0.352941 0.686275
vt 0.352941 0.705882
vt 0.352941 0.725490
vt 0.352941 0.745098
vt 0.352941 0.764706
vt 0.352941 0.784314
vt 0.352941 0.803922
vt 0.352941 0.823529
vt 0.352941 0.843137
vt 0.352941 0.862745
vt 0.352941 0.882353
vt 0.352941 0.901961
vt 0.352941 0.921569
vt 0.352941 0.941176
vt 0.352941 0.960784
vt 0.372549 0.000000
vt 0.372549 0.019608
vt 0.372549 0.039216
vt 0.372549 0.058824
vt 0.372549 0.078431
vt 0.372549 0.098039
vt 0.372549 0.117647
vt 0.372549 0.137255
vt 0.372549 0.156863
vt 0.372549 0.176471
vt 0.372549 0.196078
vt 0.372549 0.215686
vt 0.372549 0.235294
vt 0.372549 0.254902
vt 0.372549 0.274510
vt 0.372549 0.294118
vt 0.372549 0.313726
vt 0.372549 0.333333
vt 0.372549 0.352941
vt 0.372549 0.372549
vt 0.372549 0.392157
vt 0.372549 0.411765
vt 0.372549 0.431373
vt 0.372549 0.450980
vt 0.372549 0.470588
vt 0.372549 0.490196
vt 0.372549 0.509804
vt 0.372549 0.529412
vt 0.372549 0.549020
vt 0.372549 0.568628
vt 0.372549 0.588235
vt 0.372549 0.607843
vt 0.372549 0.627451
vt 0.372549 0.647059
vt 0.372549 0.666667
vt 0.372549 0.686275
vt 0.372549 0.705882
vt 0.372549 0.725490
vt 0.372549 0.745098
vt 0.372549 0.764706
vt 0.372549 0.784314
vt 0.372549 0.803922
vt 0.372549 0.823529
vt 0.372549 0.843137
vt 0.372549 0.862745
vt 0.372549 0.882353
vt 0.372549 0.901961
vt 0.372549 0.921569
vt 0.372549 0.941176
vt 0.372549 0.960784
vt 0.392157 0.000000
vt 0.392157 0.019608
vt 0.392157 0.039216
vt 0.392157 0.058824
vt 0.392157 0.078431
vt 0.392157 0.098039
vt 0.392157 0.117647
vt 0.392157 0.137255
vt 0.392157 0.156863
vt 0.392157 0.176471
vt 0.392157 0.196078
vt 0.392157 0.215686
vt 0.392157 0.235294
vt 0.392157 0.254902
vt 0.392157 0.274510
vt 0.392157 0.294118
vt 0.392157 0.313726
vt 0.392157 0.333333
vt 0.392157 0.352941
vt 0.392157 0.372549
vt 0.392157 0.392157
vt 0.392157 0.411765
vt 0.392157 0.431373
vt 0.392157 0.450980
vt 0.392157 0.470588
vt 0.392157 0.490196
vt 0.392157 0.509804
vt 0.392157 0.529412
vt 0.392157 0.549020
vt 0.392157 0.568628
vt 0.392157 0.588235
vt 0.392157 0.607843
vt 0.392157 0.627451
vt 0.392157 0.647059
vt 0.392157 0.666667
vt 0.392157 0.686275
vt 0.392157 0.705882
vt 0.392157 0.725490
vt 0.392157 0.745098
vt 0.392157 0.764706
vt 0.392157 0.784314
vt 0.392157 0.803922
vt 0.392157 0.823529
vt 0.392157 0.843137
vt 0.392157 0.862745
vt 0.392157 0.882353
vt 0.392157 0.901961
vt 0.392157 0.921569
vt 0.392157 0.941176
vt 0.392157 0.960784
vt 0.411765 0.000000
vt 0.411765 0.019608
vt 0.411765 0.039216
vt 0.411765 0.058824
vt 0.411765 0.078431
vt 0.411765 0.098039
vt 0.411765 0.117647
vt 0.411765 0.137255
vt 0.411765 0.156863
vt 0.411765 0.176471
vt 0.411765 0.196078
vt 0.411765 0.215686
vt 0.411765 0.235294
vt 0.411765 0.254902
vt 0.411765 0.274510
vt 0.411765 0.294118
vt 0.411765 0.313726
vt 0.411765 0.333333
vt 0.411765 0.352941
vt 0.411765 0.372549
vt 0.411765 0.392157
vt 0.411765 0.411765
vt 0.411765 0.431373
vt 0.411765 0.450980
vt 0.411765 0.470588
vt 0.411765 0.490196
vt 0.411765 0.509804
vt 0.411765 0.529412
vt 0.411765 0.549020
vt 0.411765 0.568628
vt 0.411765 0.588235
vt 0.411765 0.607843
vt 0.411765 0.627451
vt 0.411765 0.647059
vt 0.411765 0.666667
vt 0.411765 0.686275
vt 0.411765 0.705882
vt 0.411765 0.725490
vt 0.411765 0.745098
vt 0.411765 0.764706
vt 0.411765 0.784314
vt 0.411765 0.803922
vt 0.411765 0.823529
vt 0.411765 0.843137
vt 0.411765 0.862745
vt 0.411765 0.882353
vt 0.411765 0.901961
vt 0.411765 0.921569
vt 0.411765 0.941176
vt 0.411765 0.960784
vt 0.431373 0.000000
vt 0.431373 0.019608
vt 0.431373 0.039216
vt 0.431373 0.058824
vt 0.431373 0.078431
vt 0.431373 0.098039
vt 0.431373 0.117647
vt 0.431373 0.137255
vt 0.431373 0.156863
vt 0.431373 0.176471
vt 0.431373 0.196078
vt 0.431373 0.215686
vt 0.431373 0.235294
vt 0.431373 0.254902
vt 0.431373 0.274510
vt 0.431373 0.294118
vt 0.431373 0.313726
vt 0.431373 0.333333
vt 0.431373 0.352941
vt 0.431373 0.372549
vt 0.431373 0.392157
vt 0.431373 0.411765
vt 0.431373 0.431373
vt 0.431373 0.450980
vt 0.431373 0.470588
vt 0.431373 0.490196
vt 0.431373 0.509804
vt 0.431373 0.529412
vt 0.431373 0.549020
vt 0.431373 0.568628
vt 0.431373 0.588235
vt 0.431373 0.607843
vt 0.431373 0.627451
vt 0.431373 0.647059
vt 0.431373 0.666667
vt 0.431373 0.686275
vt 0.431373 0.705882
vt 0.431373 0.725490
vt 0.431373 0.745098
vt 0.431373 0.764706
vt 0.431373 0.784314
vt 0.431373 0.803922
vt 0.431373 0.823529
vt 0.431373 0.843137
vt 0.431373 0.862745
vt 0.431373 0.882353
vt 0.431373 0.901961
vt 0.431373 0.921569
vt 0.431373 0.941176
vt 0.431373 0.960784
vt 0.450980 0.000000
vt 0.450980 0.019608
vt 0.450980 0.039216
vt 0.450980 0.058824
vt 0.450980 0.078431
vt 0.450980 0.098039
vt 0.450980 0.117647
vt 0.450980 0.137255
vt 0.450980 0.156863
vt 0.450980 0.176471
vt 0.450980 0.196078
vt 0.450980 0.215686
vt 0.450980 0.235294
vt 0.450980 0.254902
vt 0.450980 0.274510
vt 0.450981 0.294118
vt 0.450980 0.313726
vt 0.450980 0.333333
vt 0.450980 0.352941
vt 0.450980 0.372549
vt 0.450980 0.392157
vt 0.450980 0.411765
vt 0.450980 0.431373
vt 0.450980 0.450980
vt 0.450980 0.470588
vt 0.450980 0.490196
vt 0.450980 0.509804
vt 0.450980 0.529412
vt 0.450980 0.549020
vt 0.450980 0.568628
vt 0.450980 0.588235
vt 0.450980 0.607843
vt 0.450980 0.627451
vt 0.450980 0.647059
vt 0.450980 0.666667
vt 0.450980 0.686275
vt 0.450980 0.705882
vt 0.450980 0.725490
vt 0.450980 0.745098
vt 0.450980 0.764706
vt 0.450980 0.784314
vt 0.450980 0.803922
vt 0.450980 0.823529
vt 0.450980 0.843137
vt 0.450980 0.862745
vt 0.450980 0.882353
vt 0.450980 0.901961
vt 0.450980 0.921569
vt 0.450980 0.941176
vt 0.450980 0.960784
vt 0.470588 0.000000
vt 0.470588 0.019608
vt 0.470588 0.039216
vt 0.470588 0.058824
vt 0.470588 0.078431
vt 0.470588 0.098039
vt 0.470588 0.117647
vt 0.470588 0.137255
vt 0.470588 0.156863
vt 0.470588 0.176471
vt 0.470588 0.196078
vt 0.470588 0.215686
vt 0.470588 0.235294
vt 0.470588 0.254902
vt 0.470588 0.274510
vt 0.470588 0.294118
vt 0.470588 0.313726
vt 0.470588 0.333333
vt 0.470588 0.352941
vt 0.470588 0.372549
vt 0.470588 0.392157
vt 0.470588 0.411765
vt 0.470588 0.431373
vt 0.470588 0.450980
vt 0.470588 0.470588
vt 0.470588 0.490196
vt 0.470588 0.509804
vt 0.470588 0.529412
vt 0.470588 0.549020
vt 0.470588 0.568628
vt 0.470588 0.588235
vt 0.470588 0.607843
vt 0.470588 0.627451
vt 0.470588 0.647059
vt 0.470588 0.666667
vt 0.470588 0.686275
vt 0.470588 0.705882
vt 0.470588 0.725490
vt 0.470588 0.745098
vt 0.470588 0.764706
vt 0.470588 0.784314
vt 0.470588 0.803922
vt 0.470588 0.823529
vt 0.470588 0.843137
vt 0.470588 0.862745
vt 0.470588 0.882353
vt 0.470588 0.901961
vt 0.470588 0.921569
vt 0.470588 0.941176
vt 0.470588 0.960784
vt 0.490196 0.000000
vt 0.490196 0.019608
vt 0.490196 0.039216
vt 0.490196 0.058824
vt 0.490196 0.078431
vt 0.490196 0.098039
vt 0.490196 0.117647
vt 0.490196 0.137255
vt 0.490196 0.156863
vt 0.490196 0.176471
vt 0.490196 0.196078
vt 0.490196 0.215686
vt 0.490196 0.235294
vt 0.490196 0.254902
vt 0.490196 0.274510
vt 0.490196 0.294118
vt 0.490196 0.313726
vt 0.490196 0.333333
vt 0.490196 0.352941
vt 0.490196 0.372549
vt 0.490196 0.392157
vt 0.490196 0.411765
vt 0.490196 0.431373
vt 0.490196 0.450980
vt 0.490196 0.470588
vt 0.490196 0.490196
vt 0.490196 0.509804
vt 0.490196 0.529412
vt 0.490196 0.549020
vt 0.490196 0.568628
vt 0.490196 0.588235
vt 0.490196 0.607843
vt 0.490196 0.627451
vt 0.490196 0.647059
vt 0.490196 0.666667
vt 0.490196 0.686275
vt 0.490196 0.705882
vt 0.490196 0.725490
vt 0.490196 0.745098
vt 0.490196 0.764706
vt 0.490196 0.784314
vt 0.490196 0.803922
vt 0.490196 0.823529
vt 0.490196 0.843137
vt 0.490196 0.862745
vt 0.490196 0.882353
vt 0.490196 0.901961
vt 0.490196 0.921569
vt 0.490196 0.941176
vt 0.490196 0.960784
vt 0.509804 0.000000
vt 0.509804 0.019608
vt 0.509804 0.039216
vt 0.509804 0.058824
vt 0.509804 0.078431
vt 0.509804 0.098039
vt 0.509804 0.117647
vt 0.509804 0.137255
vt 0.509804 0.156863
vt 0.509804 0.176471
vt 0.509804 0.196078
vt 0.509804 0.215686
vt 0.509804 0.235294
vt 0.509804 0.254902
vt 0.509804 0.274510
vt 0.509804 0.294118
vt 0.509804 0.313726
vt 0.509804 0.333333
vt 0.509804 0.352941
vt 0.509804 0.372549
vt 0.509804 0.392157
vt 0.509804 0.411765
vt 0.509804 0.431373
vt 0.509804 0.450980
vt 0.509804 0.470588
vt 0.509804 0.490196
vt 0.509804 0.509804
vt 0.509804 0.529412
vt 0.509804 0.549020
vt 0.509804 0.568628
vt 0.509804 0.588235
vt 0.509804 0.607843
vt 0.509804 0.627451
vt 0.509804 0.647059
vt 0.509804 0.666667
vt 0.509804 0.686275
vt 0.509804 0.705882
vt 0.509804 0.725490
vt 0.509804 0.745098
vt 0.509804 0.764706
vt 0.509804 0.784314
vt 0.509804 0.803922
vt 0.509804 0.823529
vt 0.509804 0.843137
vt 0.509804 0.862745
vt 0.509804 0.882353
vt 0.509804 0.901961
vt 0.509804 0.921569
vt 0.509804 0.941176
vt 0.509804 0.960784
vt 0.529412 0.000000
vt 0.529412 0.019608
vt 0.529412 0.039216
vt 0.529412 0.058824
vt 0.529412 0.078431
vt 0.529412 0.098039
vt 0.529412 0.117647
vt 0.529412 0.137255
vt 0.529412 0.156863
vt 0.529412 0.176471
vt 0.529412 0.196078
vt 0.529412 0.215686
vt 0.529412 0.235294
vt 0.529412 0.254902
vt 0.529412 0.274510
vt 0.529412 0.294118
vt 0.529412 0.313726
vt 0.529412 0.333333
vt 0.529412 0.352941
vt 0.529412 0.372549
vt 0.529412 0.392157
vt 0.529412 0.411765
vt 0.529412 0.431373
vt 0.529412 0.450980
vt 0.529412 0.470588
vt 0.529412 0.490196
vt 0.529412 0.509804
vt 0.529412 0.529412
vt 0.529412 0.549020
vt 0.529412 0.568628
vt 0.529412 0.588235
vt 0.529412 0.607843
vt 0.529412 0.627451
vt 0.529412 0.647059
vt 0.529412 0.666667
vt 0.529412 0.686275
vt 0.529412 0.705882
vt 0.529412 0.725490
vt 0.529412 0.745098
vt 0.529412 0.764706
vt 0.529412 0.784314
vt 0.529412 0.803922
vt 0.529412 0.823529
vt 0.529412 0.843137
vt 0.529412 0.862745
vt 0.529412 0.882353
vt 0.529412 0.901961
vt 0.529412 0.921569
vt 0.529412 0.941176
vt 0.529412 0.960784
vt 0.549020 0.000000
vt 0.549020 0.019608
vt 0.549020 0.039216
vt 0.549020 0.058824
vt 0.549020 0.078431
vt 0.549020 0.098039
vt 0.549020 0.117647
vt 0.549020 0.137255
vt 0.549020 0.156863
vt 0.549020 0.176471
vt 0.549020 0.196078
vt 0.549020 0.215686
vt 0.549020 0.235294
vt 0.549020 0.254902
vt 0.549020 0.274510
vt 0.549020 0.294118
vt 0.549020 0.313726
vt 0.549020 0.333333
vt 0.549020 0.352941
vt 0.549020 0.372549
vt 0.549020 0.392157
vt 0.549020 0.411765
vt 0.549020 0.431373
vt 0.549020 0.450980
vt 0.549020 0.470588
vt 0.549020 0.490196
vt 0.549020 0.509804
vt 0.549020 0.529412
vt 0.549020 0.549020
vt 0.549020 0.568628
vt 0.549020 0.588235
vt 0.549020 0.607843
vt 0.549020 0.627451
vt 0.549020 0.647059
vt 0.549020 0.666667
vt 0.549020 0.686275
vt 0.549020 0.705882
vt 0.549020 0.725490
vt 0.549020 0.745098
vt 0.549020 0.764706
vt 0.549020 0.784314
vt 0.549020 0.803922
vt 0.549020 0.823529
vt 0.549020 0.843137
vt 0.549020 0.862745
vt 0.549020 0.882353
vt 0.549020 0.901961
vt 0.549020 0.921569
vt 0.549020 0.941176
vt 0.549020 0.960784
vt 0.568628 0.000000
vt 0.568628 0.019608
vt 0.568628 0.039216
vt 0.568628 0.058824
vt 0.568628 0.078431
vt 0.568628 0.098039
vt 0.568628 0.117647
vt 0.568628 0.137255
vt 0.568628 0.156863
vt 0.568628 0.176471
vt 0.568628 0.196078
vt 0.568628 0.215686
vt 0.568628 0.235294
vt 0.568628 0.254902
vt 0.568628 0.274510
vt 0.568628 0.294118
vt 0.568628 0.313726
vt 0.568628 0.333333
vt 0.568628 0.352941
vt 0.568628 0.372549
vt 0.568628 0.392157
vt 0.568628 0.411765
vt 0.568628 0.431373
vt 0.568628 0.450980
vt 0.568628 0.470588
vt 0.568628 0.490196
vt 0.568628 0.509804
vt 0.568628 0.529412
vt 0.568627 0.549020
vt 0.568627 0.568628
vt 0.568627 0.588235
vt 0.568627 0.607843
vt 0.568627 0.627451
vt 0.568628 0.647059
vt 0.568627 0.666667
vt 0.568627 0.686275
vt 0.568627 0.705882
vt 0.568627 0.725490
vt 0.568627 0.745098
vt 0.568627 0.764706
vt 0.568627 0.784314
vt 0.568627 0.803922
vt 0.568627 0.823529
vt 0.568627 0.843137
vt 0.568627 0.862745
vt 0.568627 0.882353
vt 0.568627 0.901961
vt 0.568627 0.921569
vt 0.568627 0.941176
vt 0.568627 0.960784
vt 0.588235 0.000000
vt 0.588235 0.019608
vt 0.588235 0.039216
vt 0.588235 0.058824
vt 0.588235 0.078431
vt 0.588235 0.098039
vt 0.588235 0.117647
vt 0.588235 0.137255
vt 0.588235 0.156863
vt 0.588235 0.176471
vt 0.588235 0.196078
vt 0.588235 0.215686
vt 0.588235 0.235294
vt 0.588235 0.254902
vt 0.588235 0.274510
vt 0.588235 0.294118
vt 0.588235 0.313726
vt 0.588235 0.333333
vt 0.588235 0.352941
vt 0.588235 0.372549
vt 0.588235 0.392157
vt 0.588235 0.411765
vt 0.588235 0.431373
vt 0.588235 0.450980
vt 0.588235 0.470588
vt 0.588235 0.490196
vt 0.588235 0.509804
vt 0.588235 0.529412
vt 0.588235 0.549020
vt 0.588235 0.568628
vt 0.588235 0.588235
vt 0.588235 0.607843
vt 0.588235 0.627451
vt 0.588235 0.647059
vt 0.588235 0.666667
vt 0.588235 0.686275
vt 0.588235 0.705882
vt 0.588235 0.725490
vt 0.588235 0.745098
vt 0.588235 0.764706
vt 0.588235 0.784314
vt 0.588235 0.803922
vt 0.588235 0.823529
vt 0.588235 0.843137
vt 0.588235 0.862745
vt 0.588235 0.882353
vt 0.588235 0.901961
vt 0.588235 0.921569
vt 0.588235 0.941176
vt 0.588235 0.960784
vt 0.607843 0.000000
vt 0.607843 0.019608
vt 0.607843 0.039216
vt 0.607843 0.058824
vt 0.607843 0.078431
vt 0.607843 0.098039
vt 0.607843 0.117647
vt 0.607843 0.137255
vt 0.607843 0.156863
vt 0.607843 0.176471
vt 0.607843 0.196078
vt 0.607843 0.215686
vt 0.607843 0.235294
vt 0.607843 0.254902
vt 0.607843 0.274510
vt 0.607843 0.294118
vt 0.607843 0.313726
vt 0.607843 0.333333
vt 0.607843 0.352941
vt 0.607843 0.372549
vt 0.607843 0.392157
vt 0.607843 0.411765
vt 0.607843 0.431373
vt 0.607843 0.450980
vt 0.607843 0.470588
vt 0.607843 0.490196
vt 0.607843 0.509804
vt 0.607843 0.529412
vt 0.607843 0.549020
vt 0.607843 0.568628
vt 0.607843 0.588235
vt 0.607843 0.607843
vt 0.607843 0.627451
vt 0.607843 0.647059
vt 0.607843 0.666667
vt 0.607843 0.686275
vt 0.607843 0.705882
vt 0.607843 0.725490
vt 0.607843 0.745098
vt 0.607843 0.764706
vt 0.607843 0.784314
vt 0.607843 0.803922
vt 0.607843 0.823529
vt 0.607843 0.843137
vt 0.607843 0.862745
vt 0.607843 0.882353
vt 0.607843 0.901961
vt 0.607843 0.921569
vt 0.607843 0.941176
vt 0.607843 0.960784
vt 0.627451 0.000000
vt 0.627451 0.019608
vt 0.627451 0.039216
vt 0.627451 0.058824
vt 0.627451 0.078431
vt 0.627451 0.098039
vt 0.627451 0.117647
vt 0.627451 0.137255
vt 0.627451 0.156863
vt 0.627451 0.176471
vt 0.627451 0.196078
vt 0.627451 0.215686
vt 0.627451 0.235294
vt 0.627451 0.254902
vt 0.627451 0.274510
vt 0.627451 0.294118
vt 0.627451 0.313726
vt 0.627451 0.333333
vt 0.627451 0.352941
vt 0.627451 0.372549
vt 0.627451 0.392157
vt 0.627451 0.411765
vt 0.627451 0.431373
vt 0.627451 0.450980
vt 0.627451 0.470588
vt 0.627451 0.490196
vt 0.627451 0.509804
vt 0.627451 0.529412
vt 0.627451 0.549020
vt 0.627451 0.568628
vt 0.627451 0.588235
vt 0.627451 0.607843
vt 0.627451 0.627451
vt 0.627451 0.647059
vt 0.627451 0.666667
vt 0.627451 0.686275
vt 0.627451 0.705882
vt 0.627451 0.725490
vt 0.627451 0.745098
vt 0.627451 0.764706
vt 0.627451 0.784314
vt 0.627451 0.803922
vt 0.627451 0.823529
vt 0.627451 0.843137
vt 0.627451 0.862745
vt 0.627451 0.882353
vt 0.627451 0.901961
vt 0.627451 0.921569
vt 0.627451 0.941176
vt 0.627451 0.960784
vt 0.647059 0.000000
vt 0.647059 0.019608
vt 0.647059 0.039216
vt 0.647059 0.058824
vt 0.647059 0.078431
vt 0.647059 0.098039
vt 0.647059 0.117647
vt 0.647059 0.137255
vt 0.647059 0.156863
vt 0.647059 0.176471
vt 0.647059 0.196078
vt 0.647059 0.215686
vt 0.647059 0.235294
vt 0.647059 0.254902
vt 0.647059 0.274510
vt 0.647059 0.294118
vt 0.647059 0.313726
vt 0.647059 0.333333
vt 0.647059 0.352941
vt 0.647059 0.372549
vt 0.647059 0.392157
vt 0.647059 0.411765
vt 0.647059 0.431373
vt 0.647059 0.450980
vt 0.647059 0.470588
vt 0.647059 0.490196
vt 0.647059 0.509804
vt 0.647059 0.529412
vt 0.647059 0.549020
vt 0.647059 0.568628
vt 0.647059 0.588235
vt 0.647059 0.607843
vt 0.647059 0.627451
vt 0.647059 0.647059
vt 0.647059 0.666667
vt 0.647059 0.686275
vt 0.647059 0.705882
vt 0.647059 0.725490
vt 0.647059 0.745098
vt 0.647059 0.764706
vt 0.647059 0.784314
vt 0.647059 0.803922
vt 0.647059 0.823529
vt 0.647059 0.843137
vt 0.647059 0.862745
vt 0.647059 0.882353
vt 0.647059 0.901961
vt 0.647059 0.921569
vt 0.647059 0.941176
vt 0.647059 0.960784
vt 0.666667 0.000000
vt 0.666667 0.019608
vt 0.666667 0.039216
vt 0.666667 0.058824
vt 0.666667 0.078431
vt 0.666667 0.098039
vt 0.666667 0.117647
vt 0.666667 0.137255
vt 0.666667 0.156863
vt 0.666667 0.176471
vt 0.666667 0.196078
vt 0.666667 0.215686
vt 0.666667 0.235294
vt 0.666667 0.254902
vt 0.666667 0.274510
vt 0.666667 0.294118
vt 0.666667 0.313726
vt 0.666667 0.333333
vt 0.666667 0.352941
vt 0.666667 0.372549
vt 0.666667 0.392157
vt 0.666667 0.411765
vt 0.666667 0.431373
vt 0.666667 0.450980
vt 0.666667 0.470588
vt 0.666667 0.490196
vt 0.666667 0.509804
vt 0.666667 0.529412
vt 0.666667 0.549020
vt 0.666667 0.568628
vt 0.666667 0.588235
vt 0.666667 0.607843
vt 0.666667 0.627451
vt 0.666667 0.647059
vt 0.666667 0.666667
vt 0.666667 0.686275
vt 0.666667 0.705882
vt 0.666667 0.725490
vt 0.666667 0.745098
vt 0.666667 0.764706
vt 0.666667 0.784314
vt 0.666667 0.803922
vt 0.666667 0.823529
vt 0.666667 0.843137
vt 0.666667 0.862745
vt 0.666667 0.882353
vt 0.666667 0.901961
vt 0.666667 0.921569
vt 0.666667 0.941176
vt 0.666667 0.960784
vt 0.686275 0.000000
vt 0.686275 0.019608
vt 0.686275 0.039216
vt 0.686275 0.058824
vt 0.686275 0.078431
vt 0.686275 0.098039
vt 0.686275 0.117647
vt 0.686275 0.137255
vt 0.686275 0.156863
vt 0.686275 0.176471
vt 0.686275 0.196078
vt 0.686275 0.215686
vt 0.686275 0.235294
vt 0.686275 0.254902
vt 0.686275 0.274510
vt 0.686275 0.294118
vt 0.686275 0.313726
vt 0.686275 0.333333
vt 0.686275 0.352941
vt 0.686275 0.372549
vt 0.686275 0.392157
vt 0.686275 0.411765
vt 0.686275 0.431373
vt 0.686275 0.450980
vt 0.686275 0.470588
vt 0.686275 0.490196
vt 0.686275 0.509804
vt 0.686275 0.529412
vt 0.686275 0.549020
vt 0.686275 0.568628
vt 0.686274 0.588235
vt 0.686274 0.607843
vt 0.686274 0.627451
vt 0.686274 0.647059
vt 0.686274 0.666667
vt 0.686274 0.686275
vt 0.686274 0.705882
vt 0.686274 0.725490
vt 0.686274 0.745098
vt 0.686274 0.764706
vt 0.686274 0.784314
vt 0.686274 0.803922
vt 0.686274 0.823529
vt 0.686275 0.843137
vt 0.686275 0.862745
vt 0.686275 0.882353
vt 0.686275 0.901961
vt 0.686275 0.921569
vt 0.686275 0.941176
vt 0.686275 0.960784
vt 0.705882 0.000000
vt 0.705882 0.019608
vt 0.705882 0.039216
vt 0.705882 0.058824
vt 0.705882 0.078431
vt 0.705882 0.098039
vt 0.705882 0.117647
vt 0.705882 0.137255
vt 0.705882 0.156863
vt 0.705882 0.176471
vt 0.705882 0.196078
vt 0.705882 0.215686
vt 0.705883 0.235294
vt 0.705883 0.254902
vt 0.705883 0.274510
vt 0.705883 0.294118
vt 0.705883 0.313726
vt 0.705883 0.333333
vt 0.705883 0.352941
vt 0.705883 0.372549
vt 0.705883 0.392157
vt 0.705883 0.411765
vt 0.705883 0.431373
vt 0.705882 0.450980
vt 0.705882 0.470588
vt 0.705882 0.490196
vt 0.705882 0.509804
vt 0.705882 0.529412
vt 0.705882 0.549020
vt 0.705882 0.568628
vt 0.705882 0.588235
vt 0.705882 0.607843
vt 0.705882 0.627451
vt 0.705882 0.647059
vt 0.705882 0.666667
vt 0.705882 0.686275
vt 0.705882 0.705882
vt 0.705882 0.725490
vt 0.705882 0.745098
vt 0.705882 0.764706
vt 0.705882 0.784314
vt 0.705882 0.803922
vt 0.705882 0.823529
vt 0.705882 0.843137
vt 0.705882 0.862745
vt 0.705882 0.882353
vt 0.705882 0.901961
vt 0.705882 0.921569
vt 0.705882 0.941176
vt 0.705882 0.960784
vt 0.725490 0.000000
vt 0.725490 0.019608
vt 0.725490 0.039216
vt 0.725490 0.058824
vt 0.725490 0.078431
vt 0.725490 0.098039
vt 0.725490 0.117647
vt 0.725490 0.137255
vt 0.725490 0.156863
vt 0.725490 0.176471
vt 0.725490 0.196078
vt 0.725490 0.215686
vt 0.725490 0.235294
vt 0.725490 0.254902
vt 0.725490 0.274510
vt 0.725490 0.294118
vt 0.725490 0.313726
vt 0.725490 0.333333
vt 0.725490 0.352941
vt 0.725490 0.372549
vt 0.725490 0.392157
vt 0.725490 0.411765
vt 0.725490 0.431373
vt 0.725490 0.450980
vt 0.725490 0.470588
vt 0.725490 0.490196
vt 0.725490 0.509804
vt 0.725490 0.529412
vt 0.725490 0.549020
vt 0.725490 0.568628
vt 0.725490 0.588235
vt 0.725490 0.607843
vt 0.725490 0.627451
vt 0.725490 0.647059
vt 0.725490 0.666667
vt 0.725490 0.686275
vt 0.725490 0.705882
vt 0.725490 0.725490
vt 0.725490 0.745098
vt 0.725490 0.764706
vt 0.725490 0.784314
vt 0.725490 0.803922
vt 0.725490 0.823529
vt 0.725490 0.843137
vt 0.725490 0.862745
vt 0.725490 0.882353
vt 0.725490 0.901961
vt 0.725490 0.921569
vt 0.725490 0.941176
vt 0.725490 0.960784
vt 0.745098 0.000000
vt 0.745098 0.019608
vt 0.745098 0.039216
vt 0.745098 0.058824
vt 0.745098 0.078431
vt 0.745098 0.098039
vt 0.745098 0.117647
vt 0.745098 0.137255
vt 0.745098 0.156863
vt 0.745098 0.176471
vt 0.745098 0.196078
vt 0.745098 0.215686
vt 0.745098 0.235294
vt 0.745098 0.254902
vt 0.745098 0.274510
vt 0.745098 0.294118
vt 0.745098 0.313726
vt 0.745098 0.333333
vt 0.745098 0.352941
vt 0.745098 0.372549
vt 0.745098 0.392157
vt 0.745098 0.411765
vt 0.745098 0.431373
vt 0.745098 0.450980
vt 0.745098 0.470588
vt 0.745098 0.490196
vt 0.745098 0.509804
vt 0.745098 0.529412
vt 0.745098 0.549020
vt 0.745098 0.568628
vt 0.745098 0.588235
vt 0.745098 0.607843
vt 0.745098 0.627451
vt 0.745098 0.647059
vt 0.745098 0.666667
vt 0.745098 0.686275
vt 0.745098 0.705882
vt 0.745098 0.725490
vt 0.745098 0.745098
vt 0.745098 0.764706
vt 0.745098 0.784314
vt 0.745098 0.803922
vt 0.745098 0.823529
vt 0.745098 0.843137
vt 0.745098 0.862745
vt 0.745098 0.882353
vt 0.745098 0.901961
vt 0.745098 0.921569
vt 0.745098 0.941176
vt 0.745098 0.960784
vt 0.764706 0.000000
vt 0.764706 0.019608
vt 0.764706 0.039216
vt 0.764706 0.058824
vt 0.764706 0.078431
vt 0.764706 0.098039
vt 0.764706 0.117647
vt 0.764706 0.137255
vt 0.764706 0.156863
vt 0.764706 0.176471
vt 0.764706 0.196078
vt 0.764706 0.215686
vt 0.764706 0.235294
vt 0.764706 0.254902
vt 0.764706 0.274510
vt 0.764706 0.294118
vt 0.764706 0.313726
vt 0.764706 0.333333
vt 0.764706 0.352941
vt 0.764706 0.372549
vt 0.764706 0.392157
vt 0.764706 0.411765
vt 0.764706 0.431373
vt 0.764706 0.450980
vt 0.764706 0.470588
vt 0.764706 0.490196
vt 0.764706 0.509804
vt 0.764706 0.529412
vt 0.764706 0.549020
vt 0.764706 0.568628
vt 0.764706 0.588235
vt 0.764706 0.607843
vt 0.764706 0.627451
vt 0.764706 0.647059
vt 0.764706 0.666667
vt 0.764706 0.686275
vt 0.764706 0.705882
vt 0.764706 0.725490
vt 0.764706 0.745098
vt 0.764706 0.764706
vt 0.764706 0.784314
vt 0.764706 0.803922
vt 0.764706 0.823529
vt 0.764706 0.843137
vt 0.764706 0.862745
vt 0.764706 0.882353
vt 0.764706 0.901961
vt 0.764706 0.921569
vt 0.764706 0.941176
vt 0.764706 0.960784
vt 0.784314 0.000000
vt 0.784314 0.019608
vt 0.784314 0.039216
vt 0.784314 0.058824
vt 0.784314 0.078431
vt 0.784314 0.098039
vt 0.784314 0.117647
vt 0.784314 0.137255
vt 0.784314 0.156863
vt 0.784314 0.176471
vt 0.784314 0.196078
vt 0.784314 0.215686
vt 0.784314 0.235294
vt 0.784314 0.254902
vt 0.784314 0.274510
vt 0.784314 0.294118
vt 0.784314 0.313726
vt 0.784314 0.333333
vt 0.784314 0.352941
vt 0.784314 0.372549
vt 0.784314 0.392157
vt 0.784314 0.411765
vt 0.784314 0.431373
vt 0.784314 0.450980
vt 0.784314 0.470588
vt 0.784314 0.490196
vt 0.784314 0.509804
vt 0.784314 0.529412
vt 0.784314 0.549020
vt 0.784314 0.568628
vt 0.784314 0.588235
vt 0.784314 0.607843
vt 0.784314 0.627451
vt 0.784314 0.647059
vt 0.784314 0.666667
vt 0.784314 0.686275
vt 0.784314 0.705882
vt 0.784314 0.725490
vt 0.784314 0.745098
vt 0.784314 0.764706
vt 0.784314 0.784314
vt 0.784314 0.803922
vt 0.784314 0.823529
vt 0.784314 0.843137
vt 0.784314 0.862745
vt 0.784314 0.882353
vt 0.784314 0.901961
vt 0.784314 0.921569
vt 0.784314 0.941176
vt 0.784314 0.960784
vt 0.803922 0.000000
vt 0.803922 0.019608
vt 0.803922 0.039216
vt 0.803922 0.058824
vt 0.803922 0.078431
vt 0.803922 0.098039
vt 0.803922 0.117647
vt 0.803922 0.137255
vt 0.803922 0.156863
vt 0.803922 0.176471
vt 0.803922 0.196078
vt 0.803922 0.215686
vt 0.803922 0.235294
vt 0.803922 0.254902
vt 0.803922 0.274510
vt 0.803922 0.294118
vt 0.803922 0.313726
vt 0.803922 0.333333
vt 0.803922 0.352941
vt 0.803922 0.372549
vt 0.803922 0.392157
vt 0.803922 0.411765
vt 0.803922 0.431373
vt 0.803922 0.450980
vt 0.803922 0.470588
vt 0.803922 0.490196
vt 0.803922 0.509804
vt 0.803922 0.529412
vt 0.803922 0.549020
vt 0.803922 0.568628
vt 0.803922 0.588235
vt 0.803922 0.607843
vt 0.803922 0.627451
vt 0.803922 0.647059
vt 0.803922 0.666667
vt 0.803922 0.686275
vt 0.803922 0.705882
vt 0.803922 0.725490
vt 0.803922 0.745098
vt 0.803922 0.764706
vt 0.803922 0.784314
vt 0.803922 0.803922
vt 0.803922 0.823529
vt 0.803922 0.843137
vt 0.803922 0.862745
vt 0.803922 0.882353
vt 0.803922 0.901961
vt 0.803922 0.921569
vt 0.803922 0.941176
vt 0.803922 0.960784
vt 0.823529 0.000000
vt 0.823529 0.019608
vt 0.823529 0.039216
vt 0.823529 0.058824
vt 0.823529 0.078431
vt 0.823529 0.098039
vt 0.823529 0.117647
vt 0.823529 0.137255
vt 0.823529 0.156863
vt 0.823529 0.176471
vt 0.823529 0.196078
vt 0.823530 0.215686
vt 0.823530 0.235294
vt 0.823530 0.254902
vt 0.823530 0.274510
vt 0.823530 0.294118
vt 0.823530 0.313726
vt 0.823530 0.333333
vt 0.823530 0.352941
vt 0.823530 0.372549
vt 0.823530 0.392157
vt 0.823530 0.411765
vt 0.823530 0.431373
vt 0.823530 0.450980
vt 0.823530 0.470588
vt 0.823530 0.490196
vt 0.823530 0.509804
vt 0.823530 0.529412
vt 0.823530 0.549020
vt 0.823530 0.568628
vt 0.823530 0.588235
vt 0.823530 0.607843
vt 0.823530 0.627451
vt 0.823530 0.647059
vt 0.823529 0.666667
vt 0.823529 0.686275
vt 0.823529 0.705882
vt 0.823529 0.725490
vt 0.823529 0.745098
vt 0.823529 0.764706
vt 0.823530 0.784314
vt 0.823529 0.803922
vt 0.823529 0.823529
vt 0.823529 0.843137
vt 0.823529 0.862745
vt 0.823529 0.882353
vt 0.823529 0.901961
vt 0.823529 0.921569
vt 0.823529 0.941176
vt 0.823529 0.960784
vt 0.843137 0.000000
vt 0.843137 0.019608
vt 0.843137 0.039216
vt 0.843137 0.058824
vt 0.843137 0.078431
vt 0.843137 0.098039
vt 0.843137 0.117647
vt 0.843137 0.137255
vt 0.843137 0.156863
vt 0.843137 0.176471
vt 0.843137 0.196078
vt 0.843137 0.215686
vt 0.843137 0.235294
vt 0.843137 0.254902
vt 0.843137 0.274510
vt 0.843137 0.294118
vt 0.843137 0.313726
vt 0.843137 0.333333
vt 0.843137 0.352941
vt 0.843137 0.372549
vt 0.843137 0.392157
vt 0.843137 0.411765
vt 0.843137 0.431373
vt 0.843137 0.450980
vt 0.843137 0.470588
vt 0.843137 0.490196
vt 0.843137 0.509804
vt 0.843137 0.529412
vt 0.843137 0.549020
vt 0.843137 0.568628
vt 0.843137 0.588235
vt 0.843137 0.607843
vt 0.843137 0.627451
vt 0.843137 0.647059
vt 0.843137 0.666667
vt 0.843137 0.686275
vt 0.843137 0.705882
vt 0.843137 0.725490
vt 0.843137 0.745098
vt 0.843137 0.764706
vt 0.843137 0.784314
vt 0.843137 0.803922
vt 0.843137 0.823529
vt 0.843137 0.843137
vt 0.843137 0.862745
vt 0.843137 0.882353
vt 0.843137 0.901961
vt 0.843137 0.921569
vt 0.843137 0.941176
vt 0.843137 0.960784
vt 0.862745 0.000000
vt 0.862745 0.019608
vt 0.862745 0.039216
vt 0.862745 0.058824
vt 0.862745 0.078431
vt 0.862745 0.098039
vt 0.862745 0.117647
vt 0.862745 0.137255
vt 0.862745 0.156863
vt 0.862745 0.176471
vt 0.862745 0.196078
vt 0.862745 0.215686
vt 0.862745 0.235294
vt 0.862745 0.254902
vt 0.862745 0.274510
vt 0.862745 0.294118
vt 0.862745 0.313726
vt 0.862745 0.333333
vt 0.862745 0.352941
vt 0.862745 0.372549
vt 0.862745 0.392157
vt 0.862745 0.411765
vt 0.862745 0.431373
vt 0.862745 0.450980
vt 0.862745 0.470588
vt 0.862745 0.490196
vt 0.862745 0.509804
vt 0.862745 0.529412
vt 0.862745 0.549020
vt 0.862745 0.568628
vt 0.862745 0.588235
vt 0.862745 0.607843
vt 0.862745 0.627451
vt 0.862745 0.647059
vt 0.862745 0.666667
vt 0.862745 0.686275
vt 0.862745 0.705882
vt 0.862745 0.725490
vt 0.862745 0.745098
vt 0.862745 0.764706
vt 0.862745 0.784314
vt 0.862745 0.803922
vt 0.862745 0.823529
vt 0.862745 0.843137
vt 0.862745 0.862745
vt 0.862745 0.882353
vt 0.862745 0.901961
vt 0.862745 0.921569
vt 0.862745 0.941176
vt 0.862745 0.960784
vt 0.882353 0.000000
vt 0.882353 0.019608
vt 0.882353 0.039216
vt 0.882353 0.058824
vt 0.882353 0.078431
vt 0.882353 0.098039
vt 0.882353 0.117647
vt 0.882353 0.137255
vt 0.882353 0.156863
vt 0.882353 0.176471
vt 0.882353 0.196078
vt 0.882353 0.215686
vt 0.882353 0.235294
vt 0.882353 0.254902
vt 0.882353 0.274510
vt 0.882353 0.294118
vt 0.882353 0.313726
vt 0.882353 0.333333
vt 0.882353 0.352941
vt 0.882353 0.372549
vt 0.882353 0.392157
vt 0.882353 0.411765
vt 0.882353 0.431373
vt 0.882353 0.450980
vt 0.882353 0.470588
vt 0.882353 0.490196
vt 0.882353 0.509804
vt 0.882353 0.529412
vt 0.882353 0.549020
vt 0.882353 0.568628
vt 0.882353 0.588235
vt 0.882353 0.607843
vt 0.882353 0.627451
vt 0.882353 0.647059
vt 0.882353 0.666667
vt 0.882353 0.686275
vt 0.882353 0.705882
vt 0.882353 0.725490
vt 0.882353 0.745098
vt 0.882353 0.764706
vt 0.882353 0.784314
vt 0.882353 0.803922
vt 0.882353 0.823529
vt 0.882353 0.843137
vt 0.882353 0.862745
vt 0.882353 0.882353
vt 0.882353 0.901961
vt 0.882353 0.921569
vt 0.882353 0.941176
vt 0.882353 0.960784
vt 0.901961 0.000000
vt 0.901961 0.019608
vt 0.901961 0.039216
vt 0.901961 0.058824
vt 0.901961 0.078431
vt 0.901961 0.098039
vt 0.901961 0.117647
vt 0.901961 0.137255
vt 0.901961 0.156863
vt 0.901961 0.176471
vt 0.901961 0.196078
vt 0.901961 0.215686
vt 0.901961 0.235294
vt 0.901961 0.254902
vt 0.901961 0.274510
vt 0.901961 0.294118
vt 0.901961 0.313726
vt 0.901961 0.333333
vt 0.901961 0.352941
vt 0.901961 0.372549
vt 0.901961 0.392157
vt 0.901961 0.411765
vt 0.901961 0.431373
vt 0.901961 0.450980
vt 0.901961 0.470588
vt 0.901961 0.490196
vt 0.901961 0.509804
vt 0.901961 0.529412
vt 0.901961 0.549020
vt 0.901961 0.568628
vt 0.901961 0.588235
vt 0.901961 0.607843
vt 0.901961 0.627451
vt 0.901961 0.647059
vt 0.901961 0.666667
vt 0.901961 0.686275
vt 0.901961 0.705882
vt 0.901961 0.725490
vt 0.901961 0.745098
vt 0.901961 0.764706
vt 0.901961 0.784314
vt 0.901961 0.803922
vt 0.901961 0.823529
vt 0.901961 0.843137
vt 0.901961 0.862745
vt 0.901961 0.882353
vt 0.901961 0.901961
vt 0.901961 0.921569
vt 0.901961 0.941176
vt 0.901961 0.960784
vt 0.921569 0.000000
vt 0.921569 0.019608
vt 0.921569 0.039216
vt 0.921569 0.058824
vt 0.921569 0.078431
vt 0.921569 0.098039
vt 0.921569 0.117647
vt 0.921569 0.137255
vt 0.921569 0.156863
vt 0.921569 0.176471
vt 0.921569 0.196078
vt 0.921569 0.215686
vt 0.921569 0.235294
vt 0.921569 0.254902
vt 0.921569 0.274510
vt 0.921569 0.294118
vt 0.921569 0.313726
vt 0.921569 0.333333
vt 0.921569 0.352941
vt 0.921569 0.372549
vt 0.921569 0.392157
vt 0.921569 0.411765
vt 0.921569 0.431373
vt 0.921569 0.450980
vt 0.921569 0.470588
vt 0.921569 0.490196
vt 0.921569 0.509804
vt 0.921569 0.529412
vt 0.921569 0.549020
vt 0.921569 0.568628
vt 0.921569 0.588235
vt 0.921569 0.607843
vt 0.921569 0.627451
vt 0.921569 0.647059
vt 0.921569 0.666667
vt 0.921569 0.686275
vt 0.921569 0.705882
vt 0.921569 0.725490
vt 0.921569 0.745098
vt 0.921569 0.764706
vt 0.921569 0.784314
vt 0.921569 0.803922
vt 0.921569 0.823529
vt 0.921569 0.843137
vt 0.921569 0.862745
vt 0.921569 0.882353
vt 0.921569 0.901961
vt 0.921569 0.921569
vt 0.921569 0.941176
vt 0.921569 0.960784
vt 0.941176 0.000000
vt 0.941176 0.019608
vt 0.941176 0.039216
vt 0.941176 0.058824
vt 0.941176 0.078431
vt 0.941176 0.098039
vt 0.941176 0.117647
vt 0.941176 0.137255
vt 0.941176 0.156863
vt 0.941176 0.176471
vt 0.941176 0.196078
vt 0.941177 0.215686
vt 0.941177 0.235294
vt 0.941177 0.254902
vt 0.941177 0.274510
vt 0.941177 0.294118
vt 0.941177 0.313726
vt 0.941177 0.333333
vt 0.941176 0.352941
vt 0.941177 0.372549
vt 0.941177 0.392157
vt 0.941177 0.411765
vt 0.941176 0.431373
vt 0.941176 0.450980
vt 0.941176 0.470588
vt 0.941177 0.490196
vt 0.941176 0.509804
vt 0.941176 0.529412
vt 0.941176 0.549020
vt 0.941176 0.568628
vt 0.941176 0.588235
vt 0.941176 0.607843
vt 0.941176 0.627451
vt 0.941177 0.647059
vt 0.941176 0.666667
vt 0.941176 0.686275
vt 0.941176 0.705882
vt 0.941176 0.725490
vt 0.941176 0.745098
vt 0.941176 0.764706
vt 0.941176 0.784314
vt 0.941176 0.803922
vt 0.941176 0.823529
vt 0.941176 0.843137
vt 0.941176 0.862745
vt 0.941176 0.882353
vt 0.941176 0.901961
vt 0.941176 0.921569
vt 0.941176 0.941176
vt 0.941176 0.960784
vt 0.960784 0.000000
vt 0.960784 0.019608
vt 0.960784 0.039216
vt 0.960784 0.058824
vt 0.960784 0.078431
vt 0.960784 0.098039
vt 0.960784 0.117647
vt 0.960784 0.137255
vt 0.960784 0.156863
vt 0.960784 0.176471
vt 0.960784 0.196078
vt 0.960784 0.215686
vt 0.960784 0.235294
vt 0.960784 0.254902
vt 0.960784 0.274510
vt 0.960784 0.294118
vt 0.960784 0.313726
vt 0.960784 0.333333
vt 0.960784 0.352941
vt 0.960784 0.372549
vt 0.960784 0.392157
vt 0.960784 0.411765
vt 0.960784 0.431373
vt 0.960784 0.450980
vt 0.960784 0.470588
vt 0.960784 0.490196
vt 0.960784 0.509804
vt 0.960784 0.529412
vt 0.960784 0.549020
vt 0.960784 0.568628
vt 0.960784 0.588235
vt 0.960784 0.607843
vt 0.960784 0.627451
vt 0.960784 0.647059
vt 0.960784 0.666667
vt 0.960784 0.686275
vt 0.960784 0.705882
vt 0.960784 0.725490
vt 0.960784 0.745098
vt 0.960784 0.764706
vt 0.960784 0.784314
vt 0.960784 0.803922
vt 0.960784 0.823529
vt 0.960784 0.843137
vt 0.960784 0.862745
vt 0.960784 0.882353
vt 0.960784 0.901961
vt 0.960784 0.921569
vt 0.960784 0.941176
vt 0.960784 0.960784
vt 0.980392 0.000000
vt 0.980392 0.019608
vt 0.980392 0.039216
vt 0.980392 0.058824
vt 0.980392 0.078431
vt 0.980392 0.098039
vt 0.980392 0.117647
vt 0.980392 0.137255
vt 0.980392 0.156863
vt 0.980392 0.176471
vt 0.980392 0.196078
vt 0.980392 0.215686
vt 0.980392 0.235294
vt 0.980392 0.254902
vt 0.980392 0.274510
vt 0.980392 0.294118
vt 0.980392 0.313726
vt 0.980392 0.333333
vt 0.980392 0.352941
vt 0.980392 0.372549
vt 0.980392 0.392157
vt 0.980392 0.411765
vt 0.980392 0.431373
vt 0.980392 0.450980
vt 0.980392 0.470588
vt 0.980392 0.490196
vt 0.980392 0.509804
vt 0.980392 0.529412
vt 0.980392 0.549020
vt 0.980392 0.568628
vt 0.980392 0.588235
vt 0.980392 0.607843
vt 0.980392 0.627451
vt 0.980392 0.647059
vt 0.980392 0.666667
vt 0.980392 0.686275
vt 0.980392 0.705882
vt 0.980392 0.725490
vt 0.980392 0.745098
vt 0.980392 0.764706
vt 0.980392 0.784314
vt 0.980392 0.803922
vt 0.980392 0.823529
vt 0.980392 0.843137
vt 0.980392 0.862745
vt 0.980392 0.882353
vt 0.980392 0.901961
vt 0.980392 0.921569
vt 0.980392 0.941176
vt 0.980392 0.960784
vt 1.000000 0.000000
vt 1.000000 0.019608
vt 1.000000 0.039216
vt 1.000000 0.058824
vt 1.000000 0.078431
vt 1.000000 0.098039
vt 1.000000 0.117647
vt 1.000000 0.137255
vt 1.000000 0.156863
vt 1.000000 0.176471
vt 1.000000 0.196078
vt 1.000000 0.215686
vt 1.000000 0.235294
vt 1.000000 0.254902
vt 1.000000 0.274510
vt 1.000000 0.294118
vt 1.000000 0.313726
vt 1.000000 0.333333
vt 1.000000 0.352941
vt 1.000000 0.372549
vt 1.000000 0.392157
vt 1.000000 0.411765
vt 1.000000 0.431373
vt 1.000000 0.450980
vt 1.000000 0.470588
vt 1.000000 0.490196
vt 1.000000 0.509804
vt 1.000000 0.529412
vt 1.000000 0.549020
vt 1.000000 0.568628
vt 1.000000 0.588235
vt 1.000000 0.607843
vt 1.000000 0.627451
vt 1.000000 0.647059
vt 1.000000 0.666667
vt 1.000000 0.686275
vt 1.000000 0.705882
vt 1.000000 0.725490
vt 1.000000 0.745098
vt 1.000000 0.764706
vt 1.000000 0.784314
vt 1.000000 0.803922
vt 1.000000 0.823529
vt 1.000000 0.843137
vt 1.000000 0.862745
vt 1.000000 0.882353
vt 1.000000 0.901961
vt 1.000000 0.921569
vt 1.000000 0.941176
vt 1.000000 0.960784
s 0
f 2704/1/1 154/2/1 4/3/1 155/4/1
f 5/5/2 254/6/2 204/7/2 3/8/2
f 254/6/3 304/9/3 203/10/3 204/7/3
f 304/9/4 354/11/4 202/12/4 203/10/4
f 354/11/5 404/13/5 201/14/5 202/12/5
f 404/13/6 454/15/6 200/16/6 201/14/6
f 454/15/7 504/17/7 199/18/7 200/16/7
f 504/17/8 554/19/8 198/20/8 199/18/8
f 554/19/9 604/21/9 197/22/9 198/20/9
f 604/21/10 654/23/10 196/24/10 197/22/10
f 654/23/11 704/25/11 195/26/11 196/24/11
f 704/25/12 754/27/12 194/28/12 195/26/12
f 754/27/13 804/29/13 193/30/13 194/28/13
f 804/29/14 854/31/14 192/32/14 193/30/14
f 854/31/15 904/33/15 191/34/15 192/32/15
f 904/33/16 954/35/16 190/36/16 191/34/16
f 954/35/17 1004/37/17 189/38/17 190/36/17
f 1004/37/18 1054/39/18 188/40/18 189/38/18
f 1054/39/19 1104/41/19 187/42/19 188/40/19
f 1104/41/20 1154/43/20 186/44/20 187/42/20
f 1154/43/21 1204/45/21 185/46/21 186/44/21
f 1204/45/22 1254/47/22 184/48/22 185/46/22
f 1254/47/23 1304/49/23 183/50/23 184/48/23
f 1304/49/24 1354/51/24 182/52/24 183/50/24
f 1354/51/25 1404/53/25 181/54/25 182/52/25
f 1404/53/26 1454/55/26 180/56/26 181/54/26
f 1454/55/27 1504/57/27 179/58/27 180/56/27
f 1504/57/28 1554/59/28 178/60/28 179/58/28
f 1554/59/29 1604/61/29 177/62/29 178/60/29
f 1604/61/30 1654/63/30 176/64/30 177/62/30
f 1654/63/31 1704/65/31 175/66/31 176/64/31
f 1704/65/32 1754/67/32 174/68/32 175/66/32
f 1754/67/33 1804/69/33 173/70/33 174/68/33
f 1804/69/34 1854/71/34 172/72/34 173/70/34
f 1854/71/35 1904/73/35 171/74/35 172/72/35
f 1904/73/36 1954/75/36 170/76/36 171/74/36
f 1954/75/37 2004/77/37 169/78/37 170/76/37
f 2004/77/38 2054/79/38 168/80/38 169/78/38
f 2054/79/39 2104/81/39 167/82/39 168/80/39
f 2104/81/40 2154/83/40 166/84/40 167/82/40
f 2154/83/41 2204/85/41 165/86/41 166/84/41
f 2204/85/42 2254/87/42 164/88/42 165/86/42
f 2254/87/43 2304/89/43 163/90/43 164/88/43
f 2304/89/44 2354/91/44 162/92/44 163/90/44
f 2354/91/45 2404/93/45 161/94/45 162/92/45
f 2404/93/46 2454/95/46 160/96/46 161/94/46
f 2454/95/47 2504/97/47 159/98/47 160/96/47
f 2504/97/48 2554/99/48 158/100/48 159/98/48
f 2554/99/49 2604/101/49 157/102/49 158/100/49
f 2604/101/50 2654/103/50 156/104/50 157/102/50
f 2654/103/51 2704/1/51 155/4/51 156/104/51
f 1/105/52 55/106/52 205/107/52 54/108/52
f 54/108/53 205/107/53 206/109/53 53/110/53
f 53/110/54 206/109/54 207/111/54 52/112/54
f 52/112/55 207/111/55 208/113/55 51/114/55
f 51/114/56 208/113/56 209/115/56 50/116/56
f 50/116/57 209/115/57 210/117/57 49/118/57
f 49/118/58 210/117/58 211/119/58 48/120/58
f 48/120/59 211/119/59 212/121/59 47/122/59
f 47/122/60 212/121/60 213/123/60 46/124/60
f 46/124/61 213/123/61 214/125/61 45/126/61
f 45/126/62 214/125/62 215/127/62 44/128/62
f 44/128/63 215/127/63 216/129/63 43/130/63
f 43/130/64 216/129/64 217/131/64 42/132/64
f 42/132/65 217/131/65 218/133/65 41/134/65
f 41/134/66 218/133/66 219/135/66 40/136/66
f 40/136/67 219/135/67 220/137/67 39/138/67
f 39/138/68 220/137/68 221/139/68 38/140/68
f 38/140/69 221/139/69 222/141/69 37/142/69
f 37/142/70 222/141/70 223/143/70 36/144/70
f 36/144/71 223/143/71 224/145/71 35/146/71
f 35/146/72 224/145/72 225/147/72 34/148/72
f 34/148/73 225/147/73 226/149/73 33/150/73
f 33/150/74 226/149/74 227/151/74 32/152/74
f 32/152/75 227/151/75 228/153/75 31/154/75
f 31/154/76 228/153/76 229/155/76 30/156/76
f 30/156/77 229/155/77 230/157/77 29/158/77
f 29/158/78 230/157/78 231/159/78 28/160/78
f 28/160/79 231/159/79 232/161/79 27/162/79
f 27/162/80 232/161/80 233/163/80 26/164/80
f 26/164/81 233/163/81 234/165/81 25/166/81
f 25/166/82 234/165/82 235/167/82 24/168/82
f 24/168/83 235/167/83 236/169/83 23/170/83
f 23/170/84 236/169/84 237/171/84 22/172/84
f 22/172/85 237/171/85 238/173/85 21/174/85
f 21/174/86 238/173/86 239/175/86 20/176/86
f 20/176/87 239/175/87 240/177/87 19/178/87
f 19/178/88 240/177/88 241/179/88 18/180/88
f 18/180/89 241/179/89 242/181/89 17/182/89
f 17/182/90 242/181/90 243/183/90 16/184/90
f 16/184/91 243/183/91 244/185/91 15/186/91
f 15/186/92 244/185/92 245/187/92 14/188/92
f 14/188/93 245/187/93 246/189/93 13/190/93
f 13/190/94 246/189/94 247/191/94 12/192/94
f 12/192/95 247/191/95 248/193/95 11/194/95
f 11/194/96 248/193/96 249/195/96 10/196/96
f 10/196/97 249/195/97 250/197/97 9/198/97
f 9/198/98 250/197/98 251/199/98 8/200/98
f 8/200/99 251/199/99 252/201/99 7/202/99
f 7/202/100 252/201/100 253/203/100 6/204/100
f 6/204/101 253/203/101 254/6/101 5/5/101
f 55/106/102 56/205/102 255/206/102 205/107/102
f 205/107/103 255/206/103 256/207/103 206/109/103
f 206/109/104 256/207/104 257/208/104 207/111/104
f 207/111/105 257/208/105 258/209/105 208/113/105
f 208/113/106 258/209/106 259/210/106 209/115/106
f 209/115/107 259/210/107 260/211/107 210/117/107
f 210/117/108 260/211/108 261/212/108 211/119/108
f 211/119/109 261/212/109 262/213/109 212/121/109
f 212/121/110 262/213/110 263/214/110 213/123/110
f 213/123/111 263/214/111 264/215/111 214/125/111
f 214/125/112 264/215/112 265/216/112 215/127/112
f 215/127/113 265/216/113 266/217/113 216/129/113
f 216/129/114 266/217/114 267/218/114 217/131/114
f 217/131/115 267/218/115 268/219/115 218/133/115
f 218/133/116 268/219/116 269/220/116 219/135/116
f 219/135/117 269/220/117 270/221/117 220/137/117
f 220/137/118 270/221/118 271/222/118 221/139/118
f 221/139/119 271/222/119 272/223/119 222/141/119
f 222/141/120 272/223/120 273/224/120 223/143/120
f 223/143/121 273/224/121 274/225/121 224/145/121
f 224/145/122 274/225/122 275/226/122 225/147/122
f 225/147/123 275/226/123 276/227/123 226/149/123
f 226/149/124 276/227/124 277/228/124 227/151/124
f 227/151/125 277/228/125 278/229/125 228/153/125
f 228/153/126 278/229/126 279/230/126 229/155/126
f 229/155/127 279/230/127 280/231/127 230/157/127
f 230/157/128 280/231/128 281/232/128 231/159/128
f 231/159/129 281/232/129 282/233/129 232/161/129
f 232/161/130 282/233/130 283/234/130 233/163/130
f 233/163/131 283/234/131 284/235/131 234/165/131
f 234/165/132 284/235/132 285/236/132 235/167/132
f 235/167/133 285/236/133 286/237/133 236/169/133
f 236/169/134 286/237/134 287/238/134 237/171/134
f 237/171/135 287/238/135 288/239/135 238/173/135
f 238/173/136 288/239/136 289/240/136 239/175/136
f 239/175/137 289/240/137 290/241/137 240/177/137
f 240/177/138 290/241/138 291/242/138 241/179/138
f 241/179/139 291/242/139 292/243/139 242/181/139
f 242/181/140 292/243/140 293/244/140 243/183/140
f 243/183/141 293/244/141 294/245/141 244/185/141
f 244/185/142 294/245/142 295/246/142 245/187/142
f 245/187/143 295/246/143 296/247/143 246/189/143
f 246/189/144 296/247/144 297/248/144 247/191/144
f 247/191/145 297/248/145 298/249/145 248/193/145
f 248/193/146 298/249/146 299/250/146 249/195/146
f 249/195/147 299/250/147 300/251/147 250/197/147
f 250/197/148 300/251/148 301/252/148 251/199/148
f 251/199/149 301/252/149 302/253/149 252/201/149
f 252/201/150 302/253/150 303/254/150 253/203/150
f 253/203/151 303/254/151 304/9/151 254/6/151
f 56/205/152 57/255/152 305/256/152 255/206/152
f 255/206/153 305/256/153 306/257/153 256/207/153
f 256/207/154 306/257/154 307/258/154 257/208/154
f 257/208/155 307/258/155 308/259/155 258/209/155
f 258/209/156 308/259/156 309/260/156 259/210/156
f 259/210/157 309/260/157 310/261/157 260/211/157
f 260/211/158 310/261/158 311/262/158 261/212/158
f 261/212/159 311/262/159 312/263/159 262/213/159
f 262/213/160 312/263/160 313/264/160 263/214/160
f 263/214/161 313/264/161 314/265/161 264/215/161
f 264/215/162 314/265/162 315/266/162 265/216/162
f 265/216/163 315/266/163 316/267/163 266/217/163
f 266/217/164 316/267/164 317/268/164 267/218/164
f 267/218/165 317/268/165 318/269/165 268/219/165
f 268/219/166 318/269/166 319/270/166 269/220/166
f 269/220/167 319/270/167 320/271/167 270/221/167
f 270/221/168 320/271/168 321/272/168 271/222/168
f 271/222/169 321/272/169 322/273/169 272/223/169
f 272/223/170 322/273/170 323/274/170 273/224/170
f 273/224/171 323/274/171 324/275/171 274/225/171
f 274/225/172 324/275/172 325/276/172 275/226/172
f 275/226/173 325/276/173 326/277/173 276/227/173
f 276/227/174 326/277/174 327/278/174 277/228/174
f 277/228/175 327/278/175 328/279/175 278/229/175
f 278/229/176 328/279/176 329/280/176 279/230/176
f 279/230/177 329/280/177 330/281/177 280/231/177
f 280/231/178 330/281/178 331/282/178 281/232/178
f 281/232/179 331/282/179 332/283/179 282/233/179
f 282/233/180 332/283/180 333/284/180 283/234/180
f 283/234/181 333/284/181 334/285/181 284/235/181
f 284/235/182 334/285/182 335/286/182 285/236/182
f 285/236/183 335/286/183 336/287/183 286/237/183
f 286/237/184 336/287/184 337/288/184 287/238/184
f 287/238/185 337/288/185 338/289/185 288/239/185
f 288/239/186 338/289/186 339/290/186 289/240/186
f 289/240/187 339/290/187 340/291/187 290/241/187
f 290/241/188 340/291/188 341/292/188 291/242/188
f 291/242/189 341/292/189 342/293/189 292/243/189
f 292/243/190 342/293/190 343/294/190 293/244/190
f 293/244/191 343/294/191 344/295/191 294/245/191
f 294/245/192 344/295/192 345/296/192 295/246/192
f 295/246/193 345/296/193 346/297/193 296/247/193
f 296/247/194 346/297/194 347/298/194 297/248/194
f 297/248/195 347/298/195 348/299/195 298/249/195
f 298/249/196 348/299/196 349/300/196 299/250/196
f 299/250/197 349/300/197 350/301/197 300/251/197
f 300/251/198 350/301/198 351/302/198 301/252/198
f 301/252/199 351/302/199 352/303/199 302/253/199
f 302/253/200 352/303/200 353/304/200 303/254/200
f 303/254/201 353/304/201 354/11/201 304/9/201
f 57/255/202 58/305/202 355/306/202 305/256/202
f 305/256/203 355/306/203 356/307/203 306/257/203
f 306/257/204 356/307/204 357/308/204 307/258/204
f 307/258/205 357/308/205 358/309/205 308/259/205
f 308/259/206 358/309/206 359/310/206 309/260/206
f 309/260/207 359/310/207 360/311/207 310/261/207
f 310/261/208 360/311/208 361/312/208 311/262/208
f 311/262/209 361/312/209 362/313/209 312/263/209
f 312/263/210 362/313/210 363/314/210 313/264/210
f 313/264/211 363/314/211 364/315/211 314/265/211
f 314/265/212 364/315/212 365/316/212 315/266/212
f 315/266/213 365/316/213 366/317/213 316/267/213
f 316/267/214 366/317/214 367/318/214 317/268/214
f 317/268/215 367/318/215 368/319/215 318/269/215
f 318/269/216 368/319/216 369/320/216 319/270/216
f 319/270/217 369/320/217 370/321/217 320/271/217
f 320/271/218 370/321/218 371/322/218 321/272/218
f 321/272/219 371/322/219 372/323/219 322/273/219
f 322/273/220 372/323/220 373/324/220 323/274/220
f 323/274/221 373/324/221 374/325/221 324/275/221
f 324/275/222 374/325/222 375/326/222 325/276/222
f 325/276/223 375/326/223 376/327/223 326/277/223
f 326/277/224 376/327/224 377/328/224 327/278/224
f 327/278/225 377/328/225 378/329/225 328/279/225
f 328/279/226 378/329/226 379/330/226 329/280/226
f 329/280/227 379/330/227 380/331/227 330/281/227
f 330/281/228 380/331/228 381/332/228 331/282/228
f 331/282/229 381/332/229 382/333/229 332/283/229
f 332/283/230 382/333/230 383/334/230 333/284/230
f 333/284/231 383/334/231 384/335/231 334/285/231
f 334/285/232 384/335/232 385/336/232 335/286/232
f 335/286/233 385/336/233 386/337/233 336/287/233
f 336/287/234 386/337/234 387/338/234 337/288/234
f 337/288/235 387/338/235 388/339/235 338/289/235
f 338/289/236 388/339/236 389/340/236 339/290/236
f 339/290/237 389/340/237 390/341/237 340/291/237
f 340/291/238 390/341/238 391/342/238 341/292/238
f 341/292/239 391/342/239 392/343/239 342/293/239
f 342/293/240 392/343/240 393/344/240 343/294/240
f 343/294/241 393/344/241 394/345/241 344/295/241
f 344/295/242 394/345/242 395/346/242 345/296/242
f 345/296/243 395/346/243 396/347/243 346/297/243
f 346/297/244 396/347/244 397/348/244 347/298/244
f 347/298/245 397/348/245 398/349/245 348/299/245
f 348/299/246 398/349/246 399/350/246 349/300/246
f 349/300/247 399/350/247 400/351/247 350/301/247
f 350/301/248 400/351/248 401/352/248 351/302/248
f 351/302/249 401/352/249 402/353/249 352/303/249
f 352/303/250 402/353/250 403/354/250 353/304/250
f 353/304/251 403/354/251 404/13/251 354/11/251
f 58/305/252 59/355/252 405/356/252 355/306/252
f 355/306/253 405/356/253 406/357/253 356/307/253
f 356/307/254 406/357/254 407/358/254 357/308/254
f 357/308/255 407/358/255 408/359/255 358/309/255
f 358/309/256 408/359/256 409/360/256 359/310/256
f 359/310/257 409/360/257 410/361/257 360/311/257
f 360/311/258 410/361/258 411/362/258 361/312/258
f 361/312/259 411/362/259 412/363/259 362/313/259
f 362/313/260 412/363/260 413/364/260 363/314/260
f 363/314/261 413/364/261 414/365/261 364/315/261
f 364/315/262 414/365/262 415/366/262 365/316/262
f 365/316/263 415/366/263 416/367/263 366/317/263
f 366/317/264 416/367/264 417/368/264 367/318/264
f 367/318/265 417/368/265 418/369/265 368/319/265
f 368/319/266 418/369/266 419/370/266 369/320/266
f 369/320/267 419/370/267 420/371/267 370/321/267
f 370/321/268 420/371/268 421/372/268 371/322/268
f 371/322/269 421/372/269 422/373/269 372/323/269
f 372/323/270 422/373/270 423/374/270 373/324/270
f 373/324/271 423/374/271 424/375/271 374/325/271
f 374/325/272 424/375/272 425/376/272 375/326/272
f 375/326/273 425/376/273 426/377/273 376/327/273
f 376/327/274 426/377/274 427/378/274 377/328/274
f 377/328/275 427/378/275 428/379/275 378/329/275
f 378/329/276 428/379/276 429/380/276 379/330/276
f 379/330/277 429/380/277 430/381/277 380/331/277
f 380/331/278 430/381/278 431/382/278 381/332/278
f 381/332/279 431/382/279 432/383/279 382/333/279
f 382/333/280 432/383/280 433/384/280 383/334/280
f 383/334/281 433/384/281 434/385/281 384/335/281
f 384/335/282 434/385/282 435/386/282 385/336/282
f 385/336/283 435/386/283 436/387/283 386/337/283
f 386/337/284 436/387/284 437/388/284 387/338/284
f 387/338/285 437/388/285 438/389/285 388/339/285
f 388/339/286 438/389/286 439/390/286 389/340/286
f 389/340/287 439/390/287 440/391/287 390/341/287
f 390/341/288 440/391/288 441/392/288 391/342/288
f 391/342/289 441/392/289 442/393/289 392/343/289
f 392/343/290 442/393/290 443/394/290 393/344/290
f 393/344/291 443/394/291 444/395/291 394/345/291
f 394/345/292 444/395/292 445/396/292 395/346/292
f 395/346/293 445/396/293 446/397/293 396/347/293
f 396/347/294 446/397/294 447/398/294 397/348/294
f 397/348/295 447/398/295 448/399/295 398/349/295
f 398/349/296 448/399/296 449/400/296 399/350/296
f 399/350/297 449/400/297 450/401/297 400/351/297
f 400/351/298 450/401/298 451/402/298 401/352/298
f 401/352/299 451/402/299 452/403/299 402/353/299
f 402/353/300 452/403/300 453/404/300 403/354/300
f 403/354/301 453/404/301 454/15/301 404/13/301
f 59/355/302 60/405/302 455/406/302 405/356/302
f 405/356/303 455/406/303 456/407/303 406/357/303
f 406/357/304 456/407/304 457/408/304 407/358/304
f 407/358/305 457/408/305 458/409/305 408/359/305
f 408/359/306 458/409/306 459/410/306 409/360/306
f 409/360/307 459/410/307 460/411/307 410/361/307
f 410/361/308 460/411/308 461/412/308 411/362/308
f 411/362/309 461/412/309 462/413/309 412/363/309
f 412/363/310 462/413/310 463/414/310 413/364/310
f 413/364/311 463/414/311 464/415/311 414/365/311
f 414/365/312 464/415/312 465/416/312 415/366/312
f 415/366/313 465/416/313 466/417/313 416/367/313
f 416/367/314 466/417/314 467/418/314 417/368/314
f 417/368/315 467/418/315 468/419/315 418/369/315
f 418/369/316 468/419/316 469/420/316 419/370/316
f 419/370/317 469/420/317 470/421/317 420/371/317
f 420/371/318 470/421/318 471/422/318 421/372/318
f 421/372/319 471/422/319 472/423/319 422/373/319
f 422/373/320 472/423/320 473/424/320 423/374/320
f 423/374/321 473/424/321 474/425/321 424/375/321
f 424/375/322 474/425/322 475/426/322 425/376/322
f 425/376/323 475/426/323 476/427/323 426/377/323
f 426/377/324 476/427/324 477/428/324 427/378/324
f 427/378/325 477/428/325 478/429/325 428/379/325
f 428/379/326 478/429/326 479/430/326 429/380/326
f 429/380/327 479/430/327 480/431/327 430/381/327
f 430/381/328 480/431/328 481/432/328 431/382/328
f 431/382/329 481/432/329 482/433/329 432/383/329
f 432/383/330 482/433/330 483/434/330 433/384/330
f 433/384/331 483/434/331 484/435/331 434/385/331
f 434/385/332 484/435/332 485/436/332 435/386/332
f 435/386/333 485/436/333 486/437/333 436/387/333
f 436/387/334 486/437/334 487/438/334 437/388/334
f 437/388/335 487/438/335 488/439/335 438/389/335
f 438/389/336 488/439/336 489/440/336 439/390/336
f 439/390/337 489/440/337 490/441/337 440/391/337
f 440/391/338 490/441/338 491/442/338 441/392/338
f 441/392/339 491/442/339 492/443/339 442/393/339
f 442/393/340 492/443/340 493/444/340 443/394/340
f 443/394/341 493/444/341 494/445/341 444/395/341
f 444/395/342 494/445/342 495/446/342 445/396/342
f 445/396/343 495/446/343 496/447/343 446/397/343
f 446/397/344 496/447/344 497/448/344 447/398/344
f 447/398/345 497/448/345 498/449/345 448/399/345
f 448/399/346 498/449/346 499/450/346 449/400/346
f 449/400/347 499/450/347 500/451/347 450/401/347
f 450/401/348 500/451/348 501/452/348 451/402/348
f 451/402/349 501/452/349 502/453/349 452/403/349
f 452/403/350 502/453/350 503/454/350 453/404/350
f 453/404/351 503/454/351 504/17/351 454/15/351
f 60/405/352 61/455/352 505/456/352 455/406/352
f 455/406/353 505/456/353 506/457/353 456/407/353
f 456/407/354 506/457/354 507/458/354 457/408/354
f 457/408/355 507/458/355 508/459/355 458/409/355
f 458/409/356 508/459/356 509/460/356 459/410/356
f 459/410/357 509/460/357 510/461/357 460/411/357
f 460/411/358 510/461/358 511/462/358 461/412/358
f 461/412/359 511/462/359 512/463/359 462/413/359
f 462/413/360 512/463/360 513/464/360 463/414/360
f 463/414/361 513/464/361 514/465/361 464/415/361
f 464/415/362 514/465/362 515/466/362 465/416/362
f 465/416/363 515/466/363 516/467/363 466/417/363
f 466/417/364 516/467/364 517/468/364 467/418/364
f 467/418/365 517/468/365 518/469/365 468/419/365
f 468/419/366 518/469/366 519/470/366 469/420/366
f 469/420/367 519/470/367 520/471/367 470/421/367
f 470/421/368 520/471/368 521/472/368 471/422/368
f 471/422/369 521/472/369 522/473/369 472/423/369
f 472/423/370 522/473/370 523/474/370 473/424/370
f 473/424/371 523/474/371 524/475/371 474/425/371
f 474/425/372 524/475/372 525/476/372 475/426/372
f 475/426/373 525/476/373 526/477/373 476/427/373
f 476/427/374 526/477/374 527/478/374 477/428/374
f 477/428/375 527/478/375 528/479/375 478/429/375
f 478/429/376 528/479/376 529/480/376 479/430/376
f 479/430/377 529/480/377 530/481/377 480/431/377
f 480/431/378 530/481/378 531/482/378 481/432/378
f 481/432/379 531/482/379 532/483/379 482/433/379
f 482/433/380 532/483/380 533/484/380 483/434/380
f 483/434/381 533/484/381 534/485/381 484/435/381
f 484/435/382 534/485/382 535/486/382 485/436/382
f 485/436/383 535/486/383 536/487/383 486/437/383
f 486/437/384 536/487/384 537/488/384 487/438/384
f 487/438/385 537/488/385 538/489/385 488/439/385
f 488/439/386 538/489/386 539/490/386 489/440/386
f 489/440/387 539/490/387 540/491/387 490/441/387
f 490/441/388 540/491/388 541/492/388 491/442/388
f 491/442/389 541/492/389 542/493/389 492/443/389
f 492/443/390 542/493/390 543/494/390 493/444/390
f 493/444/391 543/494/391 544/495/391 494/445/391
f 494/445/392 544/495/392 545/496/392 495/446/392
f 495/446/393 545/496/393 546/497/393 496/447/393
f 496/447/394 546/497/394 547/498/394 497/448/394
f 497/448/395 547/498/395 548/499/395 498/449/395
f 498/449/396 548/499/396 549/500/396 499/450/396
f 499/450/397 549/500/397 550/501/397 500/451/397
f 500/451/398 550/501/398 551/502/398 501/452/398
f 501/452/399 551/502/399 552/503/399 502/453/399
f 502/453/400 552/503/400 553/504/400 503/454/400
f 503/454/401 553/504/401 554/19/401 504/17/401
f 61/455/402 62/505/402 555/506/402 505/456/402
f 505/456/403 555/506/403 556/507/403 506/457/403
f 506/457/404 556/507/404 557/508/404 507/458/404
f 507/458/405 557/508/405 558/509/405 508/459/405
f 508/459/406 558/509/406 559/510/406 509/460/406
f 509/460/407 559/510/407 560/511/407 510/461/407
f 510/461/408 560/511/408 561/512/408 511/462/408
f 511/462/409 561/512/409 562/513/409 512/463/409
f 512/463/410 562/513/410 563/514/410 513/464/410
f 513/464/411 563/514/411 564/515/411 514/465/411
f 514/465/412 564/515/412 565/516/412 515/466/412
f 515/466/413 565/516/413 566/517/413 516/467/413
f 516/467/414 566/517/414 567/518/414 517/468/414
f 517/468/415 567/518/415 568/519/415 518/469/415
f 518/469/416 568/519/416 569/520/416 519/470/416
f 519/470/417 569/520/417 570/521/417 520/471/417
f 520/471/418 570/521/418 571/522/418 521/472/418
f 521/472/419 571/522/419 572/523/419 522/473/419
f 522/473/420 572/523/420 573/524/420 523/474/420
f 523/474/421 573/524/421 574/525/421 524/475/421
f 524/475/422 574/525/422 575/526/422 525/476/422
f 525/476/423 575/526/423 576/527/423 526/477/423
f 526/477/424 576/527/424 577/528/424 527/478/424
f 527/478/425 577/528/425 578/529/425 528/479/425
f 528/479/426 578/529/426 579/530/426 529/480/426
f 529/480/427 579/530/427 580/531/427 530/481/427
f 530/481/428 580/531/428 581/532/428 531/482/428
f 531/482/429 581/532/429 582/533/429 532/483/429
f 532/483/430 582/533/430 583/534/430 533/484/430
f 533/484/431 583/534/431 584/535/431 534/485/431
f 534/485/432 584/535/432 585/536/432 535/486/432
f 535/486/433 585/536/433 586/537/433 536/487/433
f 536/487/434 586/537/434 587/538/434 537/488/434
f 537/488/435 587/538/435 588/539/435 538/489/435
f 538/489/436 588/539/436 589/540/436 539/490/436
f 539/490/437 589/540/437 590/541/437 540/491/437
f 540/491/438 590/541/438 591/542/438 541/492/438
f 541/492/439 591/542/439 592/543/439 542/493/439
f 542/493/440 592/543/440 593/544/440 543/494/440
f 543/494/441 593/544/441 594/545/441 544/495/441
f 544/495/442 594/545/442 595/546/442 545/496/442
f 545/496/443 595/546/443 596/547/443 546/497/443
f 546/497/444 596/547/444 597/548/444 547/498/444
f 547/498/445 597/548/445 598/549/445 548/499/445
f 548/499/446 598/549/446 599/550/446 549/500/446
f 549/500/447 599/550/447 600/551/447 550/501/447
f 550/501/448 600/551/448 601/552/448 551/502/448
f 551/502/449 601/552/449 602/553/449 552/503/449
f 552/503/450 602/553/450 603/554/450 553/504/450
f 553/504/451 603/554/451 604/21/451 554/19/451
f 62/505/452 63/555/452 605/556/452 555/506/452
f 555/506/453 605/556/453 606/557/453 556/507/453
f 556/507/454 606/557/454 607/558/454 557/508/454
f 557/508/455 607/558/455 608/559/455 558/509/455
f 558/509/456 608/559/456 609/560/456 559/510/456
f 559/510/457 609/560/457 610/561/457 560/511/457
f 560/511/458 610/561/458 611/562/458 561/512/458
f 561/512/459 611/562/459 612/563/459 562/513/459
f 562/513/460 612/563/460 613/564/460 563/514/460
f 563/514/461 613/564/461 614/565/461 564/515/461
f 564/515/462 614/565/462 615/566/462 565/516/462
f 565/516/463 615/566/463 616/567/463 566/517/463
f 566/517/464 616/567/464 617/568/464 567/518/464
f 567/518/465 617/568/465 618/569/465 568/519/465
f 568/519/466 618/569/466 619/570/466 569/520/466
f 569/520/467 619/570/467 620/571/467 570/521/467
f 570/521/468 620/571/468 621/572/468 571/522/468
f 571/522/469 621/572/469 622/573/469 572/523/469
f 572/523/470 622/573/470 623/574/470 573/524/470
f 573/524/471 623/574/471 624/575/471 574/525/471
f 574/525/472 624/575/472 625/576/472 575/526/472
f 575/526/473 625/576/473 626/577/473 576/527/473
f 576/527/474 626/577/474 627/578/474 577/528/474
f 577/528/475 627/578/475 628/579/475 578/529/475
f 578/529/476 628/579/476 629/580/476 579/530/476
f 579/530/477 629/580/477 630/581/477 580/531/477
f 580/531/478 630/581/478 631/582/478 581/532/478
f 581/532/479 631/582/479 632/583/479 582/533/479
f 582/533/480 632/583/480 633/584/480 583/534/480
f 583/534/481 633/584/481 634/585/481 584/535/481
f 584/535/482 634/585/482 635/586/482 585/536/482
f 585/536/483 635/586/483 636/587/483 586/537/483
f 586/537/484 636/587/484 637/588/484 587/538/484
f 587/538/485 637/588/485 638/589/485 588/539/485
f 588/539/486 638/589/486 639/590/486 589/540/486
f 589/540/487 639/590/487 640/591/487 590/541/487
f 590/541/488 640/591/488 641/592/488 591/542/488
f 591/542/489 641/592/489 642/593/489 592/543/489
f 592/543/490 642/593/490 643/594/490 593/544/490
f 593/544/491 643/594/491 644/595/491 594/545/491
f 594/545/492 644/595/492 645/596/492 595/546/492
f 595/546/493 645/596/493 646/597/493 596/547/493
f 596/547/494 646/597/494 647/598/494 597/548/494
f 597/548/495 647/598/495 648/599/495 598/549/495
f 598/549/496 648/599/496 649/600/496 599/550/496
f 599/550/497 649/600/497 650/601/497 600/551/497
f 600/551/498 650/601/498 651/602/498 601/552/498
f 601/552/499 651/602/499 652/603/499 602/553/499
f 602/553/500 652/603/500 653/604/500 603/554/500
f 603/554/501 653/604/501 654/23/501 604/21/501
f 63/555/502 64/605/502 655/606/502 605/556/502
f 605/556/503 655/606/503 656/607/503 606/557/503
f 606/557/504 656/607/504 657/608/504 607/558/504
f 607/558/505 657/608/505 658/609/505 608/559/505
f 608/559/506 658/609/506 659/610/506 609/560/506
f 609/560/507 659/610/507 660/611/507 610/561/507
f 610/561/508 660/611/508 661/612/508 611/562/508
f 611/562/509 661/612/509 662/613/509 612/563/509
f 612/563/510 662/613/510 663/614/510 613/564/510
f 613/564/511 663/614/511 664/615/511 614/565/511
f 614/565/512 664/615/512 665/616/512 615/566/512
f 615/566/513 665/616/513 666/617/513 616/567/513
f 616/567/514 666/617/514 667/618/514 617/568/514
f 617/568/515 667/618/515 668/619/515 618/569/515
f 618/569/516 668/619/516 669/620/516 619/570/516
f 619/570/517 669/620/517 670/621/517 620/571/517
f 620/571/518 670/621/518 671/622/518 621/572/518
f 621/572/519 671/622/519 672/623/519 622/573/519
f 622/573/520 672/623/520 673/624/520 623/574/520
f 623/574/521 673/624/521 674/625/521 624/575/521
f 624/575/522 674/625/522 675/626/522 625/576/522
f 625/576/523 675/626/523 676/627/523 626/577/523
f 626/577/524 676/627/524 677/628/524 627/578/524
f 627/578/525 677/628/525 678/629/525 628/579/525
f 628/579/526 678/629/526 679/630/526 629/580/526
f 629/580/527 679/630/527 680/631/527 630/581/527
f 630/581/528 680/631/528 681/632/528 631/582/528
f 631/582/529 681/632/529 682/633/529 632/583/529
f 632/583/530 682/633/530 683/634/530 633/584/530
f 633/584/531 683/634/531 684/635/531 634/585/531
f 634/585/532 684/635/532 685/636/532 635/586/532
f 635/586/533 685/636/533 686/637/533 636/587/533
f 636/587/534 686/637/534 687/638/534 637/588/534
f 637/588/535 687/638/535 688/639/535 638/589/535
f 638/589/536 688/639/536 689/640/536 639/590/536
f 639/590/537 689/640/537 690/641/537 640/591/537
f 640/591/538 690/641/538 691/642/538 641/592/538
f 641/592/539 691/642/539 692/643/539 642/593/539
f 642/593/540 692/643/540 693/644/540 643/594/540
f 643/594/541 693/644/541 694/645/541 644/595/541
f 644/595/542 694/645/542 695/646/542 645/596/542
f 645/596/543 695/646/543 696/647/543 646/597/543
f 646/597/544 696/647/544 697/648/544 647/598/544
f 647/598/545 697/648/545 698/649/545 648/599/545
f 648/599/546 698/649/546 699/650/546 649/600/546
f 649/600/547 699/650/547 700/651/547 650/601/547
f 650/601/548 700/651/548 701/652/548 651/602/548
f 651/602/549 701/652/549 702/653/549 652/603/549
f 652/603/550 702/653/550 703/654/550 653/604/550
f 653/604/551 703/654/551 704/25/551 654/23/551
f 64/605/552 65/655/552 705/656/552 655/606/552
f 655/606/553 705/656/553 706/657/553 656/607/553
f 656/607/554 706/657/554 707/658/554 657/608/554
f 657/608/555 707/658/555 708/659/555 658/609/555
f 658/609/556 708/659/556 709/660/556 659/610/556
f 659/610/557 709/660/557 710/661/557 660/611/557
f 660/611/558 710/661/558 711/662/558 661/612/558
f 661/612/559 711/662/559 712/663/559 662/613/559
f 662/613/560 712/663/560 713/664/560 663/614/560
f 663/614/561 713/664/561 714/665/561 664/615/561
f 664/615/562 714/665/562 715/666/562 665/616/562
f 665/616/563 715/666/563 716/667/563 666/617/563
f 666/617/564 716/667/564 717/668/564 667/618/564
f 667/618/565 717/668/565 718/669/565 668/619/565
f 668/619/566 718/669/566 719/670/566 669/620/566
f 669/620/567 719/670/567 720/671/567 670/621/567
f 670/621/568 720/671/568 721/672/568 671/622/568
f 671/622/569 721/672/569 722/673/569 672/623/569
f 672/623/570 722/673/570 723/674/570 673/624/570
f 673/624/571 723/674/571 724/675/571 674/625/571
f 674/625/572 724/675/572 725/676/572 675/626/572
f 675/626/573 725/676/573 726/677/573 676/627/573
f 676/627/574 726/677/574 727/678/574 677/628/574
f 677/628/575 727/678/575 728/679/575 678/629/575
f 678/629/576 728/679/576 729/680/576 679/630/576
f 679/630/577 729/680/577 730/681/577 680/631/577
f 680/631/578 730/681/578 731/682/578 681/632/578
f 681/632/579 731/682/579 732/683/579 682/633/579
f 682/633/580 732/683/580 733/684/580 683/634/580
f 683/634/581 733/684/581 734/685/581 684/635/581
f 684/635/582 734/685/582 735/686/582 685/636/582
f 685/636/583 735/686/583 736/687/583 686/637/583
f 686/637/584 736/687/584 737/688/584 687/638/584
f 687/638/585 737/688/585 738/689/585 688/639/585
f 688/639/586 738/689/586 739/690/586 689/640/586
f 689/640/587 739/690/587 740/691/587 690/641/587
f 690/641/588 740/691/588 741/692/588 691/642/588
f 691/642/589 741/692/589 742/693/589 692/643/589
f 692/643/590 742/693/590 743/694/590 693/644/590
f 693/644/591 743/694/591 744/695/591 694/645/591
f 694/645/592 744/695/592 745/696/592 695/646/592
f 695/646/593 745/696/593 746/697/593 696/647/593
f 696/647/594 746/697/594 747/698/594 697/648/594
f 697/648/595 747/698/595 748/699/595 698/649/595
f 698/649/596 748/699/596 749/700/596 699/650/596
f 699/650/597 749/700/597 750/701/597 700/651/597
f 700/651/598 750/701/598 751/702/598 701/652/598
f 701/652/599 751/702/599 752/703/599 702/653/599
f 702/653/600 752/703/600 753/704/600 703/654/600
f 703/654/601 753/704/601 754/27/601 704/25/601
f 65/655/602 66/705/602 755/706/602 705/656/602
f 705/656/603 755/706/603 756/707/603 706/657/603
f 706/657/604 756/707/604 757/708/604 707/658/604
f 707/658/605 757/708/605 758/709/605 708/659/605
f 708/659/606 758/709/606 759/710/606 709/660/606
f 709/660/607 759/710/607 760/711/607 710/661/607
f 710/661/608 760/711/608 761/712/608 711/662/608
f 711/662/609 761/712/609 762/713/609 712/663/609
f 712/663/610 762/713/610 763/714/610 713/664/610
f 713/664/611 763/714/611 764/715/611 714/665/611
f 714/665/612 764/715/612 765/716/612 715/666/612
f 715/666/613 765/716/613 766/717/613 716/667/613
f 716/667/614 766/717/614 767/718/614 717/668/614
f 717/668/615 767/718/615 768/719/615 718/669/615
f 718/669/616 768/719/616 769/720/616 719/670/616
f 719/670/617 769/720/617 770/721/617 720/671/617
f 720/671/618 770/721/618 771/722/618 721/672/618
f 721/672/619 771/722/619 772/723/619 722/673/619
f 722/673/620 772/723/620 773/724/620 723/674/620
f 723/674/621 773/724/621 774/725/621 724/675/621
f 724/675/622 774/725/622 775/726/622 725/676/622
f 725/676/623 775/726/623 776/727/623 726/677/623
f 726/677/624 776/727/624 777/728/624 727/678/624
f 727/678/625 777/728/625 778/729/625 728/679/625
f 728/679/626 778/729/626 779/730/626 729/680/626
f 729/680/627 779/730/627 780/731/627 730/681/627
f 730/681/628 780/731/628 781/732/628 731/682/628
f 731/682/629 781/732/629 782/733/629 732/683/629
f 732/683/630 782/733/630 783/734/630 733/684/630
f 733/684/631 783/734/631 784/735/631 734/685/631
f 734/685/632 784/735/632 785/736/632 735/686/632
f 735/686/633 785/736/633 786/737/633 736/687/633
f 736/687/634 786/737/634 787/738/634 737/688/634
f 737/688/635 787/738/635 788/739/635 738/689/635
f 738/689/636 788/739/636 789/740/636 739/690/636
f 739/690/637 789/740/637 790/741/637 740/691/637
f 740/691/638 790/741/638 791/742/638 741/692/638
f 741/692/639 791/742/639 792/743/639 742/693/639
f 742/693/640 792/743/640 793/744/640 743/694/640
f 743/694/641 793/744/641 794/745/641 744/695/641
f 744/695/642 794/745/642 795/746/642 745/696/642
f 745/696/643 795/746/643 796/747/643 746/697/643
f 746/697/644 796/747/644 797/748/644 747/698/644
f 747/698/645 797/748/645 798/749/645 748/699/645
f 748/699/646 798/749/646 799/750/646 749/700/646
f 749/700/647 799/750/647 800/751/647 750/701/647
f 750/701/648 800/751/648 801/752/648 751/702/648
f 751/702/649 801/752/649 802/753/649 752/703/649
f 752/703/650 802/753/650 803/754/650 753/704/650
f 753/704/651 803/754/651 804/29/651 754/27/651
f 66/705/652 67/755/652 805/756/652 755/706/652
f 755/706/653 805/756/653 806/757/653 756/707/653
f 756/707/654 806/757/654 807/758/654 757/708/654
f 757/708/655 807/758/655 808/759/655 758/709/655
f 758/709/656 808/759/656 809/760/656 759/710/656
f 759/710/657 809/760/657 810/761/657 760/711/657
f 760/711/658 810/761/658 811/762/658 761/712/658
f 761/712/659 811/762/659 812/763/659 762/713/659
f 762/713/660 812/763/660 813/764/660 763/714/660
f 763/714/661 813/764/661 814/765/661 764/715/661
f 764/715/662 814/765/662 815/766/662 765/716/662
f 765/716/663 815/766/663 816/767/663 766/717/663
f 766/717/664 816/767/664 817/768/664 767/718/664
f 767/718/665 817/768/665 818/769/665 768/719/665
f 768/719/666 818/769/666 819/770/666 769/720/666
f 769/720/667 819/770/667 820/771/667 770/721/667
f 770/721/668 820/771/668 821/772/668 771/722/668
f 771/722/669 821/772/669 822/773/669 772/723/669
f 772/723/670 822/773/670 823/774/670 773/724/670
f 773/724/671 823/774/671 824/775/671 774/725/671
f 774/725/672 824/775/672 825/776/672 775/726/672
f 775/726/673 825/776/673 826/777/673 776/727/673
f 776/727/674 826/777/674 827/778/674 777/728/674
f 777/728/675 827/778/675 828/779/675 778/729/675
f 778/729/676 828/779/676 829/780/676 779/730/676
f 779/730/677 829/780/677 830/781/677 780/731/677
f 780/731/678 830/781/678 831/782/678 781/732/678
f 781/732/679 831/782/679 832/783/679 782/733/679
f 782/733/680 832/783/680 833/784/680 783/734/680
f 783/734/681 833/784/681 834/785/681 784/735/681
f 784/735/682 834/785/682 835/786/682 785/736/682
f 785/736/683 835/786/683 836/787/683 786/737/683
f 786/737/684 836/787/684 837/788/684 787/738/684
f 787/738/685 837/788/685 838/789/685 788/739/685
f 788/739/686 838/789/686 839/790/686 789/740/686
f 789/740/687 839/790/687 840/791/687 790/741/687
f 790/741/688 840/791/688 841/792/688 791/742/688
f 791/742/689 841/792/689 842/793/689 792/743/689
f 792/743/690 842/793/690 843/794/690 793/744/690
f 793/744/691 843/794/691 844/795/691 794/745/691
f 794/745/692 844/795/692 845/796/692 795/746/692
f 795/746/693 845/796/693 846/797/693 796/747/693
f 796/747/694 846/797/694 847/798/694 797/748/694
f 797/748/695 847/798/695 848/799/695 798/749/695
f 798/749/696 848/799/696 849/800/696 799/750/696
f 799/750/697 849/800/697 850/801/697 800/751/697
f 800/751/698 850/801/698 851/802/698 801/752/698
f 801/752/699 851/802/699 852/803/699 802/753/699
f 802/753/700 852/803/700 853/804/700 803/754/700
f 803/754/701 853/804/701 854/31/701 804/29/701
f 67/755/702 68/805/702 855/806/702 805/756/702
f 805/756/703 855/806/703 856/807/703 806/757/703
f 806/757/704 856/807/704 857/808/704 807/758/704
f 807/758/705 857/808/705 858/809/705 808/759/705
f 808/759/706 858/809/706 859/810/706 809/760/706
f 809/760/707 859/810/707 860/811/707 810/761/707
f 810/761/708 860/811/708 861/812/708 811/762/708
f 811/762/709 861/812/709 862/813/709 812/763/709
f 812/763/710 862/813/710 863/814/710 813/764/710
f 813/764/711 863/814/711 864/815/711 814/765/711
f 814/765/712 864/815/712 865/816/712 815/766/712
f 815/766/713 865/816/713 866/817/713 816/767/713
f 816/767/714 866/817/714 867/818/714 817/768/714
f 817/768/715 867/818/715 868/819/715 818/769/715
f 818/769/716 868/819/716 869/820/716 819/770/716
f 819/770/717 869/820/717 870/821/717 820/771/717
f 820/771/718 870/821/718 871/822/718 821/772/718
f 821/772/719 871/822/719 872/823/719 822/773/719
f 822/773/720 872/823/720 873/824/720 823/774/720
f 823/774/721 873/824/721 874/825/721 824/775/721
f 824/775/722 874/825/722 875/826/722 825/776/722
f 825/776/723 875/826/723 876/827/723 826/777/723
f 826/777/724 876/827/724 877/828/724 827/778/724
f 827/778/725 877/828/725 878/829/725 828/779/725
f 828/779/726 878/829/726 879/830/726 829/780/726
f 829/780/727 879/830/727 880/831/727 830/781/727
f 830/781/728 880/831/728 881/832/728 831/782/728
f 831/782/729 881/832/729 882/833/729 832/783/729
f 832/783/730 882/833/730 883/834/730 833/784/730
f 833/784/731 883/834/731 884/835/731 834/785/731
f 834/785/732 884/835/732 885/836/732 835/786/732
f 835/786/733 885/836/733 886/837/733 836/787/733
f 836/787/734 886/837/734 887/838/734 837/788/734
f 837/788/735 887/838/735 888/839/735 838/789/735
f 838/789/736 888/839/736 889/840/736 839/790/736
f 839/790/737 889/840/737 890/841/737 840/791/737
f 840/791/738 890/841/738 891/842/738 841/792/738
f 841/792/739 891/842/739 892/843/739 842/793/739
f 842/793/740 892/843/740 893/844/740 843/794/740
f 843/794/741 893/844/741 894/845/741 844/795/741
f 844/795/742 894/845/742 895/846/742 845/796/742
f 845/796/743 895/846/743 896/847/743 846/797/743
f 846/797/744 896/847/744 897/848/744 847/798/744
f 847/798/745 897/848/745 898/849/745 848/799/745
f 848/799/746 898/849/746 899/850/746 849/800/746
f 849/800/747 899/850/747 900/851/747 850/801/747
f 850/801/748 900/851/748 901/852/748 851/802/748
f 851/802/749 901/852/749 902/853/749 852/803/749
f 852/803/750 902/853/750 903/854/750 853/804/750
f 853/804/751 903/854/751 904/33/751 854/31/751
f 68/805/752 69/855/752 905/856/752 855/806/752
f 855/806/753 905/856/753 906/857/753 856/807/753
f 856/807/754 906/857/754 907/858/754 857/808/754
f 857/808/755 907/858/755 908/859/755 858/809/755
f 858/809/756 908/859/756 909/860/756 859/810/756
f 859/810/757 909/860/757 910/861/757 860/811/757
f 860/811/758 910/861/758 911/862/758 861/812/758
f 861/812/759 911/862/759 912/863/759 862/813/759
f 862/813/760 912/863/760 913/864/760 863/814/760
f 863/814/761 913/864/761 914/865/761 864/815/761
f 864/815/762 914/865/762 915/866/762 865/816/762
f 865/816/763 915/866/763 916/867/763 866/817/763
f 866/817/764 916/867/764 917/868/764 867/818/764
f 867/818/765 917/868/765 918/869/765 868/819/765
f 868/819/766 918/869/766 919/870/766 869/820/766
f 869/820/767 919/870/767 920/871/767 870/821/767
f 870/821/768 920/871/768 921/872/768 871/822/768
f 871/822/769 921/872/769 922/873/769 872/823/769
f 872/823/770 922/873/770 923/874/770 873/824/770
f 873/824/771 923/874/771 924/875/771 874/825/771
f 874/825/772 924/875/772 925/876/772 875/826/772
f 875/826/773 925/876/773 926/877/773 876/827/773
f 876/827/774 926/877/774 927/878/774 877/828/774
f 877/828/775 927/878/775 928/879/775 878/829/775
f 878/829/776 928/879/776 929/880/776 879/830/776
f 879/830/777 929/880/777 930/881/777 880/831/777
f 880/831/778 930/881/778 931/882/778 881/832/778
f 881/832/779 931/882/779 932/883/779 882/833/779
f 882/833/780 932/883/780 933/884/780 883/834/780
f 883/834/781 933/884/781 934/885/781 884/835/781
f 884/835/782 934/885/782 935/886/782 885/836/782
f 885/836/783 935/886/783 936/887/783 886/837/783
f 886/837/784 936/887/784 937/888/784 887/838/784
f 887/838/785 937/888/785 938/889/785 888/839/785
f 888/839/786 938/889/786 939/890/786 889/840/786
f 889/840/787 939/890/787 940/891/787 890/841/787
f 890/841/788 940/891/788 941/892/788 891/842/788
f 891/842/789 941/892/789 942/893/789 892/843/789
f 892/843/790 942/893/790 943/894/790 893/844/790
f 893/844/791 943/894/791 944/895/791 894/845/791
f 894/845/792 944/895/792 945/896/792 895/846/792
f 895/846/793 945/896/793 946/897/793 896/847/793
f 896/847/794 946/897/794 947/898/794 897/848/794
f 897/848/795 947/898/795 948/899/795 898/849/795
f 898/849/796 948/899/796 949/900/796 899/850/796
f 899/850/797 949/900/797 950/901/797 900/851/797
f 900/851/798 950/901/798 951/902/798 901/852/798
f 901/852/799 951/902/799 952/903/799 902/853/799
f 902/853/800 952/903/800 953/904/800 903/854/800
f 903/854/801 953/904/801 954/35/801 904/33/801
f 69/855/802 70/905/802 955/906/802 905/856/802
f 905/856/803 955/906/803 956/907/803 906/857/803
f 906/857/804 956/907/804 957/908/804 907/858/804
f 907/858/805 957/908/805 958/909/805 908/859/805
f 908/859/806 958/909/806 959/910/806 909/860/806
f 909/860/807 959/910/807 960/911/807 910/861/807
f 910/861/808 960/911/808 961/912/808 911/862/808
f 911/862/809 961/912/809 962/913/809 912/863/809
f 912/863/810 962/913/810 963/914/810 913/864/810
f 913/864/811 963/914/811 964/915/811 914/865/811
f 914/865/812 964/915/812 965/916/812 915/866/812
f 915/866/813 965/916/813 966/917/813 916/867/813
f 916/867/814 966/917/814 967/918/814 917/868/814
f 917/868/815 967/918/815 968/919/815 918/869/815
f 918/869/816 968/919/816 969/920/816 919/870/816
f 919/870/817 969/920/817 970/921/817 920/871/817
f 920/871/818 970/921/818 971/922/818 921/872/818
f 921/872/819 971/922/819 972/923/819 922/873/819
f 922/873/820 972/923/820 973/924/820 923/874/820
f 923/874/821 973/924/821 974/925/821 924/875/821
f 924/875/822 974/925/822 975/926/822 925/876/822
f 925/876/823 975/926/823 976/927/823 926/877/823
f 926/877/824 976/927/824 977/928/824 927/878/824
f 927/878/825 977/928/825 978/929/825 928/879/825
f 928/879/826 978/929/826 979/930/826 929/880/826
f 929/880/827 979/930/827 980/931/827 930/881/827
f 930/881/828 980/931/828 981/932/828 931/882/828
f 931/882/829 981/932/829 982/933/829 932/883/829
f 932/883/830 982/933/830 983/934/830 933/884/830
f 933/884/831 983/934/831 984/935/831 934/885/831
f 934/885/832 984/935/832 985/936/832 935/886/832
f 935/886/833 985/936/833 986/937/833 936/887/833
f 936/887/834 986/937/834 987/938/834 937/888/834
f 937/888/835 987/938/835 988/939/835 938/889/835
f 938/889/836 988/939/836 989/940/836 939/890/836
f 939/890/837 989/940/837 990/941/837 940/891/837
f 940/891/838 990/941/838 991/942/838 941/892/838
f 941/892/839 991/942/839 992/943/839 942/893/839
f 942/893/840 992/943/840 993/944/840 943/894/840
f 943/894/841 993/944/841 994/945/841 944/895/841
f 944/895/842 994/945/842 995/946/842 945/896/842
f 945/896/843 995/946/843 996/947/843 946/897/843
f 946/897/844 996/947/844 997/948/844 947/898/844
f 947/898/845 997/948/845 998/949/845 948/899/845
f 948/899/846 998/949/846 999/950/846 949/900/846
f 949/900/847 999/950/847 1000/951/847 950/901/847
f 950/901/848 1000/951/848 1001/952/848 951/902/848
f 951/902/849 1001/952/849 1002/953/849 952/903/849
f 952/903/850 1002/953/850 1003/954/850 953/904/850
f 953/904/851 1003/954/851 1004/37/851 954/35/851
f 70/905/852 71/955/852 1005/956/852 955/906/852
f 955/906/853 1005/956/853 1006/957/853 956/907/853
f 956/907/854 1006/957/854 1007/958/854 957/908/854
f 957/908/855 1007/958/855 1008/959/855 958/909/855
f 958/909/856 1008/959/856 1009/960/856 959/910/856
f 959/910/857 1009/960/857 1010/961/857 960/911/857
f 960/911/858 1010/961/858 1011/962/858 961/912/858
f 961/912/859 1011/962/859 1012/963/859 962/913/859
f 962/913/860 1012/963/860 1013/964/860 963/914/860
f 963/914/861 1013/964/861 1014/965/861 964/915/861
f 964/915/862 1014/965/862 1015/966/862 965/916/862
f 965/916/863 1015/966/863 1016/967/863 966/917/863
f 966/917/864 1016/967/864 1017/968/864 967/918/864
f 967/918/865 1017/968/865 1018/969/865 968/919/865
f 968/919/866 1018/969/866 1019/970/866 969/920/866
f 969/920/867 1019/970/867 1020/971/867 970/921/867
f 970/921/868 1020/971/868 1021/972/868 971/922/868
f 971/922/869 1021/972/869 1022/973/869 972/923/869
f 972/923/870 1022/973/870 1023/974/870 973/924/870
f 973/924/871 1023/974/871 1024/975/871 974/925/871
f 974/925/872 1024/975/872 1025/976/872 975/926/872
f 975/926/873 1025/976/873 1026/977/873 976/927/873
f 976/927/874 1026/977/874 1027/978/874 977/928/874
f 977/928/875 1027/978/875 1028/979/875 978/929/875
f 978/929/876 1028/979/876 1029/980/876 979/930/876
f 979/930/877 1029/980/877 1030/981/877 980/931/877
f 980/931/878 1030/981/878 1031/982/878 981/932/878
f 981/932/879 1031/982/879 1032/983/879 982/933/879
f 982/933/880 1032/983/880 1033/984/880 983/934/880
f 983/934/881 1033/984/881 1034/985/881 984/935/881
f 984/935/882 1034/985/882 1035/986/882 985/936/882
f 985/936/883 1035/986/883 1036/987/883 986/937/883
f 986/937/884 1036/987/884 1037/988/884 987/938/884
f 987/938/885 1037/988/885 1038/989/885 988/939/885
f 988/939/886 1038/989/886 1039/990/886 989/940/886
f 989/940/887 1039/990/887 1040/991/887 990/941/887
f 990/941/888 1040/991/888 1041/992/888 991/942/888
f 991/942/889 1041/992/889 1042/993/889 992/943/889
f 992/943/890 1042/993/890 1043/994/890 993/944/890
f 993/944/891 1043/994/891 1044/995/891 994/945/891
f 994/945/892 1044/995/892 1045/996/892 995/946/892
f 995/946/893 1045/996/893 1046/997/893 996/947/893
f 996/947/894 1046/997/894 1047/998/894 997/948/894
f 997/948/895 1047/998/895 1048/999/895 998/949/895
f 998/949/896 1048/999/896 1049/1000/896 999/950/896
f 999/950/897 1049/1000/897 1050/1001/897 1000/951/897
f 1000/951/898 1050/1001/898 1051/1002/898 1001/952/898
f 1001/952/899 1051/1002/899 1052/1003/899 1002/953/899
f 1002/953/900 1052/1003/900 1053/1004/900 1003/954/900
f 1003/954/901 1053/1004/901 1054/39/901 1004/37/901
f 71/955/902 72/1005/902 1055/1006/902 1005/956/902
f 1005/956/903 1055/1006/903 1056/1007/903 1006/957/903
f 1006/957/904 1056/1007/904 1057/1008/904 1007/958/904
f 1007/958/905 1057/1008/905 1058/1009/905 1008/959/905
f 1008/959/906 1058/1009/906 1059/1010/906 1009/960/906
f 1009/960/907 1059/1010/907 1060/1011/907 1010/961/907
f 1010/961/908 1060/1011/908 1061/1012/908 1011/962/908
f 1011/962/909 1061/1012/909 1062/1013/909 1012/963/909
f 1012/963/910 1062/1013/910 1063/1014/910 1013/964/910
f 1013/964/911 1063/1014/911 1064/1015/911 1014/965/911
f 1014/965/912 1064/1015/912 1065/1016/912 1015/966/912
f 1015/966/913 1065/1016/913 1066/1017/913 1016/967/913
f 1016/967/914 1066/1017/914 1067/1018/914 1017/968/914
f 1017/968/915 1067/1018/915 1068/1019/915 1018/969/915
f 1018/969/916 1068/1019/916 1069/1020/916 1019/970/916
f 1019/970/917 1069/1020/917 1070/1021/917 1020/971/917
f 1020/971/918 1070/1021/918 1071/1022/918 1021/972/918
f 1021/972/919 1071/1022/919 1072/1023/919 1022/973/919
f 1022/973/920 1072/1023/920 1073/1024/920 1023/974/920
f 1023/974/921 1073/1024/921 1074/1025/921 1024/975/921
f 1024/975/922 1074/1025/922 1075/1026/922 1025/976/922
f 1025/976/923 1075/1026/923 1076/1027/923 1026/977/923
f 1026/977/924 1076/1027/924 1077/1028/924 1027/978/924
f 1027/978/925 1077/1028/925 1078/1029/925 1028/979/925
f 1028/979/926 1078/1029/926 1079/1030/926 1029/980/926
f 1029/980/927 1079/1030/927 1080/1031/927 1030/981/927
f 1030/981/928 1080/1031/928 1081/1032/928 1031/982/928
f 1031/982/929 1081/1032/929 1082/1033/929 1032/983/929
f 1032/983/930 1082/1033/930 1083/1034/930 1033/984/930
f 1033/984/931 1083/1034/931 1084/1035/931 1034/985/931
f 1034/985/932 1084/1035/932 1085/1036/932 1035/986/932
f 1035/986/933 1085/1036/933 1086/1037/933 1036/987/933
f 1036/987/934 1086/1037/934 1087/1038/934 1037/988/934
f 1037/988/935 1087/1038/935 1088/1039/935 1038/989/935
f 1038/989/936 1088/1039/936 1089/1040/936 1039/990/936
f 1039/990/937 1089/1040/937 1090/1041/937 1040/991/937
f 1040/991/938 1090/1041/938 1091/1042/938 1041/992/938
f 1041/992/939 1091/1042/939 1092/1043/939 1042/993/939
f 1042/993/940 1092/1043/940 1093/1044/940 1043/994/940
f 1043/994/941 1093/1044/941 1094/1045/941 1044/995/941
f 1044/995/942 1094/1045/942 1095/1046/942 1045/996/942
f 1045/996/943 1095/1046/943 1096/1047/943 1046/997/943
f 1046/997/944 1096/1047/944 1097/1048/944 1047/998/944
f 1047/998/945 1097/1048/945 1098/1049/945 1048/999/945
f 1048/999/946 1098/1049/946 1099/1050/946 1049/1000/946
f 1049/1000/947 1099/1050/947 1100/1051/947 1050/1001/947
f 1050/1001/948 1100/1051/948 1101/1052/948 1051/1002/948
f 1051/1002/949 1101/1052/949 1102/1053/949 1052/1003/949
f 1052/1003/950 1102/1053/950 1103/1054/950 1053/1004/950
f 1053/1004/951 1103/1054/951 1104/41/951 1054/39/951
f 72/1005/952 73/1055/952 1105/1056/952 1055/1006/952
f 1055/1006/953 1105/1056/953 1106/1057/953 1056/1007/953
f 1056/1007/954 1106/1057/954 1107/1058/954 1057/1008/954
f 1057/1008/955 1107/1058/955 1108/1059/955 1058/1009/955
f 1058/1009/956 1108/1059/956 1109/1060/956 1059/1010/956
f 1059/1010/957 1109/1060/957 1110/1061/957 1060/1011/957
f 1060/1011/958 1110/1061/958 1111/1062/958 1061/1012/958
f 1061/1012/959 1111/1062/959 1112/1063/959 1062/1013/959
f 1062/1013/960 1112/1063/960 1113/1064/960 1063/1014/960
f 1063/1014/961 1113/1064/961 1114/1065/961 1064/1015/961
f 1064/1015/962 1114/1065/962 1115/1066/962 1065/1016/962
f 1065/1016/963 1115/1066/963 1116/1067/963 1066/1017/963
f 1066/1017/964 1116/1067/964 1117/1068/964 1067/1018/964
f 1067/1018/965 1117/1068/965 1118/1069/965 1068/1019/965
f 1068/1019/966 1118/1069/966 1119/1070/966 1069/1020/966
f 1069/1020/967 1119/1070/967 1120/1071/967 1070/1021/967
f 1070/1021/968 1120/1071/968 1121/1072/968 1071/1022/968
f 1071/1022/969 1121/1072/969 1122/1073/969 1072/1023/969
f 1072/1023/970 1122/1073/970 1123/1074/970 1073/1024/970
f 1073/1024/971 1123/1074/971 1124/1075/971 1074/1025/971
f 1074/1025/972 1124/1075/972 1125/1076/972 1075/1026/972
f 1075/1026/973 1125/1076/973 1126/1077/973 1076/1027/973
f 1076/1027/974 1126/1077/974 1127/1078/974 1077/1028/974
f 1077/1028/975 1127/1078/975 1128/1079/975 1078/1029/975
f 1078/1029/976 1128/1079/976 1129/1080/976 1079/1030/976
f 1079/1030/977 1129/1080/977 1130/1081/977 1080/1031/977
f 1080/1031/978 1130/1081/978 1131/1082/978 1081/1032/978
f 1081/1032/979 1131/1082/979 1132/1083/979 1082/1033/979
f 1082/1033/980 1132/1083/980 1133/1084/980 1083/1034/980
f 1083/1034/981 1133/1084/981 1134/1085/981 1084/1035/981
f 1084/1035/982 1134/1085/982 1135/1086/982 1085/1036/982
f 1085/1036/983 1135/1086/983 1136/1087/983 1086/1037/983
f 1086/1037/984 1136/1087/984 1137/1088/984 1087/1038/984
f 1087/1038/985 1137/1088/985 1138/1089/985 1088/1039/985
f 1088/1039/986 1138/1089/986 1139/1090/986 1089/1040/986
f 1089/1040/987 1139/1090/987 1140/1091/987 1090/1041/987
f 1090/1041/988 1140/1091/988 1141/1092/988 1091/1042/988
f 1091/1042/989 1141/1092/989 1142/1093/989 1092/1043/989
f 1092/1043/990 1142/1093/990 1143/1094/990 1093/1044/990
f 1093/1044/991 1143/1094/991 1144/1095/991 1094/1045/991
f 1094/1045/992 1144/1095/992 1145/1096/992 1095/1046/992
f 1095/1046/993 1145/1096/993 1146/1097/993 1096/1047/993
f 1096/1047/994 1146/1097/994 1147/1098/994 1097/1048/994
f 1097/1048/995 1147/1098/995 1148/1099/995 1098/1049/995
f 1098/1049/996 1148/1099/996 1149/1100/996 1099/1050/996
f 1099/1050/997 1149/1100/997 1150/1101/997 1100/1051/997
f 1100/1051/998 1150/1101/998 1151/1102/998 1101/1052/998
f 1101/1052/999 1151/1102/999 1152/1103/999 1102/1053/999
f 1102/1053/1000 1152/1103/1000 1153/1104/1000 1103/1054/1000
f 1103/1054/1001 1153/1104/1001 1154/43/1001 1104/41/1001
f 73/1055/1002 74/1105/1002 1155/1106/1002 1105/1056/1002
f 1105/1056/1003 1155/1106/1003 1156/1107/1003 1106/1057/1003
f 1106/1057/1004 1156/1107/1004 1157/1108/1004 1107/1058/1004
f 1107/1058/1005 1157/1108/1005 1158/1109/1005 1108/1059/1005
f 1108/1059/1006 1158/1109/1006 1159/1110/1006 1109/1060/1006
f 1109/1060/1007 1159/1110/1007 1160/1111/1007 1110/1061/1007
f 1110/1061/1008 1160/1111/1008 1161/1112/1008 1111/1062/1008
f 1111/1062/1009 1161/1112/1009 1162/1113/1009 1112/1063/1009
f 1112/1063/1010 1162/1113/1010 1163/1114/1010 1113/1064/1010
f 1113/1064/1011 1163/1114/1011 1164/1115/1011 1114/1065/1011
f 1114/1065/1012 1164/1115/1012 1165/1116/1012 1115/1066/1012
f 1115/1066/1013 1165/1116/1013 1166/1117/1013 1116/1067/1013
f 1116/1067/1014 1166/1117/1014 1167/1118/1014 1117/1068/1014
f 1117/1068/1015 1167/1118/1015 1168/1119/1015 1118/1069/1015
f 1118/1069/1016 1168/1119/1016 1169/1120/1016 1119/1070/1016
f 1119/1070/1017 1169/1120/1017 1170/1121/1017 1120/1071/1017
f 1120/1071/1018 1170/1121/1018 1171/1122/1018 1121/1072/1018
f 1121/1072/1019 1171/1122/1019 1172/1123/1019 1122/1073/1019
f 1122/1073/1020 1172/1123/1020 1173/1124/1020 1123/1074/1020
f 1123/1074/1021 1173/1124/1021 1174/1125/1021 1124/1075/1021
f 1124/1075/1022 1174/1125/1022 1175/1126/1022 1125/1076/1022
f 1125/1076/1023 1175/1126/1023 1176/1127/1023 1126/1077/1023
f 1126/1077/1024 1176/1127/1024 1177/1128/1024 1127/1078/1024
f 1127/1078/1025 1177/1128/1025 1178/1129/1025 1128/1079/1025
f 1128/1079/1026 1178/1129/1026 1179/1130/1026 1129/1080/1026
f 1129/1080/1027 1179/1130/1027 1180/1131/1027 1130/1081/1027
f 1130/1081/1028 1180/1131/1028 1181/1132/1028 1131/1082/1028
f 1131/1082/1029 1181/1132/1029 1182/1133/1029 1132/1083/1029
f 1132/1083/1030 1182/1133/1030 1183/1134/1030 1133/1084/1030
f 1133/1084/1031 1183/1134/1031 1184/1135/1031 1134/1085/1031
f 1134/1085/1032 1184/1135/1032 1185/1136/1032 1135/1086/1032
f 1135/1086/1033 1185/1136/1033 1186/1137/1033 1136/1087/1033
f 1136/1087/1034 1186/1137/1034 1187/1138/1034 1137/1088/1034
f 1137/1088/1035 1187/1138/1035 1188/1139/1035 1138/1089/1035
f 1138/1089/1036 1188/1139/1036 1189/1140/1036 1139/1090/1036
f 1139/1090/1037 1189/1140/1037 1190/1141/1037 1140/1091/1037
f 1140/1091/1038 1190/1141/1038 1191/1142/1038 1141/1092/1038
f 1141/1092/1039 1191/1142/1039 1192/1143/1039 1142/1093/1039
f 1142/1093/1040 1192/1143/1040 1193/1144/1040 1143/1094/1040
f 1143/1094/1041 1193/1144/1041 1194/1145/1041 1144/1095/1041
f 1144/1095/1042 1194/1145/1042 1195/1146/1042 1145/1096/1042
f 1145/1096/1043 1195/1146/1043 1196/1147/1043 1146/1097/1043
f 1146/1097/1044 1196/1147/1044 1197/1148/1044 1147/1098/1044
f 1147/1098/1045 1197/1148/1045 1198/1149/1045 1148/1099/1045
f 1148/1099/1046 1198/1149/1046 1199/1150/1046 1149/1100/1046
f 1149/1100/1047 1199/1150/1047 1200/1151/1047 1150/1101/1047
f 1150/1101/1048 1200/1151/1048 1201/1152/1048 1151/1102/1048
f 1151/1102/1049 1201/1152/1049 1202/1153/1049 1152/1103/1049
f 1152/1103/1050 1202/1153/1050 1203/1154/1050 1153/1104/1050
f 1153/1104/1051 1203/1154/1051 1204/45/1051 1154/43/1051
f 74/1105/1052 75/1155/1052 1205/1156/1052 1155/1106/1052
f 1155/1106/1053 1205/1156/1053 1206/1157/1053 1156/1107/1053
f 1156/1107/1054 1206/1157/1054 1207/1158/1054 1157/1108/1054
f 1157/1108/1055 1207/1158/1055 1208/1159/1055 1158/1109/1055
f 1158/1109/1056 1208/1159/1056 1209/1160/1056 1159/1110/1056
f 1159/1110/1057 1209/1160/1057 1210/1161/1057 1160/1111/1057
f 1160/1111/1058 1210/1161/1058 1211/1162/1058 1161/1112/1058
f 1161/1112/1059 1211/1162/1059 1212/1163/1059 1162/1113/1059
f 1162/1113/1060 1212/1163/1060 1213/1164/1060 1163/1114/1060
f 1163/1114/1061 1213/1164/1061 1214/1165/1061 1164/1115/1061
f 1164/1115/1062 1214/1165/1062 1215/1166/1062 1165/1116/1062
f 1165/1116/1063 1215/1166/1063 1216/1167/1063 1166/1117/1063
f 1166/1117/1064 1216/1167/1064 1217/1168/1064 1167/1118/1064
f 1167/1118/1065 1217/1168/1065 1218/1169/1065 1168/1119/1065
f 1168/1119/1066 1218/1169/1066 1219/1170/1066 1169/1120/1066
f 1169/1120/1067 1219/1170/1067 1220/1171/1067 1170/1121/1067
f 1170/1121/1068 1220/1171/1068 1221/1172/1068 1171/1122/1068
f 1171/1122/1069 1221/1172/1069 1222/1173/1069 1172/1123/1069
f 1172/1123/1070 1222/1173/1070 1223/1174/1070 1173/1124/1070
f 1173/1124/1071 1223/1174/1071 1224/1175/1071 1174/1125/1071
f 1174/1125/1072 1224/1175/1072 1225/1176/1072 1175/1126/1072
f 1175/1126/1073 1225/1176/1073 1226/1177/1073 1176/1127/1073
f 1176/1127/1074 1226/1177/1074 1227/1178/1074 1177/1128/1074
f 1177/1128/1075 1227/1178/1075 1228/1179/1075 1178/1129/1075
f 1178/1129/1076 1228/1179/1076 1229/1180/1076 1179/1130/1076
f 1179/1130/1077 1229/1180/1077 1230/1181/1077 1180/1131/1077
f 1180/1131/1078 1230/1181/1078 1231/1182/1078 1181/1132/1078
f 1181/1132/1079 1231/1182/1079 1232/1183/1079 1182/1133/1079
f 1182/1133/1080 1232/1183/1080 1233/1184/1080 1183/1134/1080
f 1183/1134/1081 1233/1184/1081 1234/1185/1081 1184/1135/1081
f 1184/1135/1082 1234/1185/1082 1235/1186/1082 1185/1136/1082
f 1185/1136/1083 1235/1186/1083 1236/1187/1083 1186/1137/1083
f 1186/1137/1084 1236/1187/1084 1237/1188/1084 1187/1138/1084
f 1187/1138/1085 1237/1188/1085 1238/1189/1085 1188/1139/1085
f 1188/1139/1086 1238/1189/1086 1239/1190/1086 1189/1140/1086
f 1189/1140/1087 1239/1190/1087 1240/1191/1087 1190/1141/1087
f 1190/1141/1088 1240/1191/1088 1241/1192/1088 1191/1142/1088
f 1191/1142/1089 1241/1192/1089 1242/1193/1089 1192/1143/1089
f 1192/1143/1090 1242/1193/1090 1243/1194/1090 1193/1144/1090
f 1193/1144/1091 1243/1194/1091 1244/1195/1091 1194/1145/1091
f 1194/1145/1092 1244/1195/1092 1245/1196/1092 1195/1146/1092
f 1195/1146/1093 1245/1196/1093 1246/1197/1093 1196/1147/1093
f 1196/1147/1094 1246/1197/1094 1247/1198/1094 1197/1148/1094
f 1197/1148/1095 1247/1198/1095 1248/1199/1095 1198/1149/1095
f 1198/1149/1096 1248/1199/1096 1249/1200/1096 1199/1150/1096
f 1199/1150/1097 1249/1200/1097 1250/1201/1097 1200/1151/1097
f 1200/1151/1098 1250/1201/1098 1251/1202/1098 1201/1152/1098
f 1201/1152/1099 1251/1202/1099 1252/1203/1099 1202/1153/1099
f 1202/1153/1100 1252/1203/1100 1253/1204/1100 1203/1154/1100
f 1203/1154/1101 1253/1204/1101 1254/47/1101 1204/45/1101
f 75/1155/1102 76/1205/1102 1255/1206/1102 1205/1156/1102
f 1205/1156/1103 1255/1206/1103 1256/1207/1103 1206/1157/1103
f 1206/1157/1104 1256/1207/1104 1257/1208/1104 1207/1158/1104
f 1207/1158/1105 1257/1208/1105 1258/1209/1105 1208/1159/1105
f 1208/1159/1106 1258/1209/1106 1259/1210/1106 1209/1160/1106
f 1209/1160/1107 1259/1210/1107 1260/1211/1107 1210/1161/1107
f 1210/1161/1108 1260/1211/1108 1261/1212/1108 1211/1162/1108
f 1211/1162/1109 1261/1212/1109 1262/1213/1109 1212/1163/1109
f 1212/1163/1110 1262/1213/1110 1263/1214/1110 1213/1164/1110
f 1213/1164/1111 1263/1214/1111 1264/1215/1111 1214/1165/1111
f 1214/1165/1112 1264/1215/1112 1265/1216/1112 1215/1166/1112
f 1215/1166/1113 1265/1216/1113 1266/1217/1113 1216/1167/1113
f 1216/1167/1114 1266/1217/1114 1267/1218/1114 1217/1168/1114
f 1217/1168/1115 1267/1218/1115 1268/1219/1115 1218/1169/1115
f 1218/1169/1116 1268/1219/1116 1269/1220/1116 1219/1170/1116
f 1219/1170/1117 1269/1220/1117 1270/1221/1117 1220/1171/1117
f 1220/1171/1118 1270/1221/1118 1271/1222/1118 1221/1172/1118
f 1221/1172/1119 1271/1222/1119 1272/1223/1119 1222/1173/1119
f 1222/1173/1120 1272/1223/1120 1273/1224/1120 1223/1174/1120
f 1223/1174/1121 1273/1224/1121 1274/1225/1121 1224/1175/1121
f 1224/1175/1122 1274/1225/1122 1275/1226/1122 1225/1176/1122
f 1225/1176/1123 1275/1226/1123 1276/1227/1123 1226/1177/1123
f 1226/1177/1124 1276/1227/1124 1277/1228/1124 1227/1178/1124
f 1227/1178/1125 1277/1228/1125 1278/1229/1125 1228/1179/1125
f 1228/1179/1126 1278/1229/1126 1279/1230/1126 1229/1180/1126
f 1229/1180/1127 1279/1230/1127 1280/1231/1127 1230/1181/1127
f 1230/1181/1128 1280/1231/1128 1281/1232/1128 1231/1182/1128
f 1231/1182/1129 1281/1232/1129 1282/1233/1129 1232/1183/1129
f 1232/1183/1130 1282/1233/1130 1283/1234/1130 1233/1184/1130
f 1233/1184/1131 1283/1234/1131 1284/1235/1131 1234/1185/1131
f 1234/1185/1132 1284/1235/1132 1285/1236/1132 1235/1186/1132
f 1235/1186/1133 1285/1236/1133 1286/1237/1133 1236/1187/1133
f 1236/1187/1134 1286/1237/1134 1287/1238/1134 1237/1188/1134
f 1237/1188/1135 1287/1238/1135 1288/1239/1135 1238/1189/1135
f 1238/1189/1136 1288/1239/1136 1289/1240/1136 1239/1190/1136
f 1239/1190/1137 1289/1240/1137 1290/1241/1137 1240/1191/1137
f 1240/1191/1138 1290/1241/1138 1291/1242/1138 1241/1192/1138
f 1241/1192/1139 1291/1242/1139 1292/1243/1139 1242/1193/1139
f 1242/1193/1140 1292/1243/1140 1293/1244/1140 1243/1194/1140
f 1243/1194/1141 1293/1244/1141 1294/1245/1141 1244/1195/1141
f 1244/1195/1142 1294/1245/1142 1295/1246/1142 1245/1196/1142
f 1245/1196/1143 1295/1246/1143 1296/1247/1143 1246/1197/1143
f 1246/1197/1144 1296/1247/1144 1297/1248/1144 1247/1198/1144
f 1247/1198/1145 1297/1248/1145 1298/1249/1145 1248/1199/1145
f 1248/1199/1146 1298/1249/1146 1299/1250/1146 1249/1200/1146
f 1249/1200/1147 1299/1250/1147 1300/1251/1147 1250/1201/1147
f 1250/1201/1148 1300/1251/1148 1301/1252/1148 1251/1202/1148
f 1251/1202/1149 1301/1252/1149 1302/1253/1149 1252/1203/1149
f 1252/1203/1150 1302/1253/1150 1303/1254/1150 1253/1204/1150
f 1253/1204/1151 1303/1254/1151 1304/49/1151 1254/47/1151
f 76/1205/1152 77/1255/1152 1305/1256/1152 1255/1206/1152
f 1255/1206/1153 1305/1256/1153 1306/1257/1153 1256/1207/1153
f 1256/1207/1154 1306/1257/1154 1307/1258/1154 1257/1208/1154
f 1257/1208/1155 1307/1258/1155 1308/1259/1155 1258/1209/1155
f 1258/1209/1156 1308/1259/1156 1309/1260/1156 1259/1210/1156
f 1259/1210/1157 1309/1260/1157 1310/1261/1157 1260/1211/1157
f 1260/1211/1158 1310/1261/1158 1311/1262/1158 1261/1212/1158
f 1261/1212/1159 1311/1262/1159 1312/1263/1159 1262/1213/1159
f 1262/1213/1160 1312/1263/1160 1313/1264/1160 1263/1214/1160
f 1263/1214/1161 1313/1264/1161 1314/1265/1161 1264/1215/1161
f 1264/1215/1162 1314/1265/1162 1315/1266/1162 1265/1216/1162
f 1265/1216/1163 1315/1266/1163 1316/1267/1163 1266/1217/1163
f 1266/1217/1164 1316/1267/1164 1317/1268/1164 1267/1218/1164
f 1267/1218/1165 1317/1268/1165 1318/1269/1165 1268/1219/1165
f 1268/1219/1166 1318/1269/1166 1319/1270/1166 1269/1220/1166
f 1269/1220/1167 1319/1270/1167 1320/1271/1167 1270/1221/1167
f 1270/1221/1168 1320/1271/1168 1321/1272/1168 1271/1222/1168
f 1271/1222/1169 1321/1272/1169 1322/1273/1169 1272/1223/1169
f 1272/1223/1170 1322/1273/1170 1323/1274/1170 1273/1224/1170
f 1273/1224/1171 1323/1274/1171 1324/1275/1171 1274/1225/1171
f 1274/1225/1172 1324/1275/1172 1325/1276/1172 1275/1226/1172
f 1275/1226/1173 1325/1276/1173 1326/1277/1173 1276/1227/1173
f 1276/1227/1174 1326/1277/1174 1327/1278/1174 1277/1228/1174
f 1277/1228/1175 1327/1278/1175 1328/1279/1175 1278/1229/1175
f 1278/1229/1176 1328/1279/1176 1329/1280/1176 1279/1230/1176
f 1279/1230/1177 1329/1280/1177 1330/1281/1177 1280/1231/1177
f 1280/1231/1178 1330/1281/1178 1331/1282/1178 1281/1232/1178
f 1281/1232/1179 1331/1282/1179 1332/1283/1179 1282/1233/1179
f 1282/1233/1180 1332/1283/1180 1333/1284/1180 1283/1234/1180
f 1283/1234/1181 1333/1284/1181 1334/1285/1181 1284/1235/1181
f 1284/1235/1182 1334/1285/1182 1335/1286/1182 1285/1236/1182
f 1285/1236/1183 1335/1286/1183 1336/1287/1183 1286/1237/1183
f 1286/1237/1184 1336/1287/1184 1337/1288/1184 1287/1238/1184
f 1287/1238/1185 1337/1288/1185 1338/1289/1185 1288/1239/1185
f 1288/1239/1186 1338/1289/1186 1339/1290/1186 1289/1240/1186
f 1289/1240/1187 1339/1290/1187 1340/1291/1187 1290/1241/1187
f 1290/1241/1188 1340/1291/1188 1341/1292/1188 1291/1242/1188
f 1291/1242/1189 1341/1292/1189 1342/1293/1189 1292/1243/1189
f 1292/1243/1190 1342/1293/1190 1343/1294/1190 1293/1244/1190
f 1293/1244/1191 1343/1294/1191 1344/1295/1191 1294/1245/1191
f 1294/1245/1192 1344/1295/1192 1345/1296/1192 1295/1246/1192
f 1295/1246/1193 1345/1296/1193 1346/1297/1193 1296/1247/1193
f 1296/1247/1194 1346/1297/1194 1347/1298/1194 1297/1248/1194
f 1297/1248/1195 1347/1298/1195 1348/1299/1195 1298/1249/1195
f 1298/1249/1196 1348/1299/1196 1349/1300/1196 1299/1250/1196
f 1299/1250/1197 1349/1300/1197 1350/1301/1197 1300/1251/1197
f 1300/1251/1198 1350/1301/1198 1351/1302/1198 1301/1252/1198
f 1301/1252/1199 1351/1302/1199 1352/1303/1199 1302/1253/1199
f 1302/1253/1200 1352/1303/1200 1353/1304/1200 1303/1254/1200
f 1303/1254/1201 1353/1304/1201 1354/51/1201 1304/49/1201
f 77/1255/1202 78/1305/1202 1355/1306/1202 1305/1256/1202
f 1305/1256/1203 1355/1306/1203 1356/1307/1203 1306/1257/1203
f 1306/1257/1204 1356/1307/1204 1357/1308/1204 1307/1258/1204
f 1307/1258/1205 1357/1308/1205 1358/1309/1205 1308/1259/1205
f 1308/1259/1206 1358/1309/1206 1359/1310/1206 1309/1260/1206
f 1309/1260/1207 1359/1310/1207 1360/1311/1207 1310/1261/1207
f 1310/1261/1208 1360/1311/1208 1361/1312/1208 1311/1262/1208
f 1311/1262/1209 1361/1312/1209 1362/1313/1209 1312/1263/1209
f 1312/1263/1210 1362/1313/1210 1363/1314/1210 1313/1264/1210
f 1313/1264/1211 1363/1314/1211 1364/1315/1211 1314/1265/1211
f 1314/1265/1212 1364/1315/1212 1365/1316/1212 1315/1266/1212
f 1315/1266/1213 1365/1316/1213 1366/1317/1213 1316/1267/1213
f 1316/1267/1214 1366/1317/1214 1367/1318/1214 1317/1268/1214
f 1317/1268/1215 1367/1318/1215 1368/1319/1215 1318/1269/1215
f 1318/1269/1216 1368/1319/1216 1369/1320/1216 1319/1270/1216
f 1319/1270/1217 1369/1320/1217 1370/1321/1217 1320/1271/1217
f 1320/1271/1218 1370/1321/1218 1371/1322/1218 1321/1272/1218
f 1321/1272/1219 1371/1322/1219 1372/1323/1219 1322/1273/1219
f 1322/1273/1220 1372/1323/1220 1373/1324/1220 1323/1274/1220
f 1323/1274/1221 1373/1324/1221 1374/1325/1221 1324/1275/1221
f 1324/1275/1222 1374/1325/1222 1375/1326/1222 1325/1276/1222
f 1325/1276/1223 1375/1326/1223 1376/1327/1223 1326/1277/1223
f 1326/1277/1224 1376/1327/1224 1377/1328/1224 1327/1278/1224
f 1327/1278/1225 1377/1328/1225 1378/1329/1225 1328/1279/1225
f 1328/1279/1226 1378/1329/1226 1379/1330/1226 1329/1280/1226
f 1329/1280/1227 1379/1330/1227 1380/1331/1227 1330/1281/1227
f 1330/1281/1228 1380/1331/1228 1381/1332/1228 1331/1282/1228
f 1331/1282/1229 1381/1332/1229 1382/1333/1229 1332/1283/1229
f 1332/1283/1230 1382/1333/1230 1383/1334/1230 1333/1284/1230
f 1333/1284/1231 1383/1334/1231 1384/1335/1231 1334/1285/1231
f 1334/1285/1232 1384/1335/1232 1385/1336/1232 1335/1286/1232
f 1335/1286/1233 1385/1336/1233 1386/1337/1233 1336/1287/1233
f 1336/1287/1234 1386/1337/1234 1387/1338/1234 1337/1288/1234
f 1337/1288/1235 1387/1338/1235 1388/1339/1235 1338/1289/1235
f 1338/1289/1236 1388/1339/1236 1389/1340/1236 1339/1290/1236
f 1339/1290/1237 1389/1340/1237 1390/1341/1237 1340/1291/1237
f 1340/1291/1238 1390/1341/1238 1391/1342/1238 1341/1292/1238
f 1341/1292/1239 1391/1342/1239 1392/1343/1239 1342/1293/1239
f 1342/1293/1240 1392/1343/1240 1393/1344/1240 1343/1294/1240
f 1343/1294/1241 1393/1344/1241 1394/1345/1241 1344/1295/1241
f 1344/1295/1242 1394/1345/1242 1395/1346/1242 1345/1296/1242
f 1345/1296/1243 1395/1346/1243 1396/1347/1243 1346/1297/1243
f 1346/1297/1244 1396/1347/1244 1397/1348/1244 1347/1298/1244
f 1347/1298/1245 1397/1348/1245 1398/1349/1245 1348/1299/1245
f 1348/1299/1246 1398/1349/1246 1399/1350/1246 1349/1300/1246
f 1349/1300/1247 1399/1350/1247 1400/1351/1247 1350/1301/1247
f 1350/1301/1248 1400/1351/1248 1401/1352/1248 1351/1302/1248
f 1351/1302/1249 1401/1352/1249 1402/1353/1249 1352/1303/1249
f 1352/1303/1250 1402/1353/1250 1403/1354/1250 1353/1304/1250
f 1353/1304/1251 1403/1354/1251 1404/53/1251 1354/51/1251
f 78/1305/1252 79/1355/1252 1405/1356/1252 1355/1306/1252
f 1355/1306/1253 1405/1356/1253 1406/1357/1253 1356/1307/1253
f 1356/1307/1254 1406/1357/1254 1407/1358/1254 1357/1308/1254
f 1357/1308/1255 1407/1358/1255 1408/1359/1255 1358/1309/1255
f 1358/1309/1256 1408/1359/1256 1409/1360/1256 1359/1310/1256
f 1359/1310/1257 1409/1360/1257 1410/1361/1257 1360/1311/1257
f 1360/1311/1258 1410/1361/1258 1411/1362/1258 1361/1312/1258
f 1361/1312/1259 1411/1362/1259 1412/1363/1259 1362/1313/1259
f 1362/1313/1260 1412/1363/1260 1413/1364/1260 1363/1314/1260
f 1363/1314/1261 1413/1364/1261 1414/1365/1261 1364/1315/1261
f 1364/1315/1262 1414/1365/1262 1415/1366/1262 1365/1316/1262
f 1365/1316/1263 1415/1366/1263 1416/1367/1263 1366/1317/1263
f 1366/1317/1264 1416/1367/1264 1417/1368/1264 1367/1318/1264
f 1367/1318/1265 1417/1368/1265 1418/1369/1265 1368/1319/1265
f 1368/1319/1266 1418/1369/1266 1419/1370/1266 1369/1320/1266
f 1369/1320/1267 1419/1370/1267 1420/1371/1267 1370/1321/1267
f 1370/1321/1268 1420/1371/1268 1421/1372/1268 1371/1322/1268
f 1371/1322/1269 1421/1372/1269 1422/1373/1269 1372/1323/1269
f 1372/1323/1270 1422/1373/1270 1423/1374/1270 1373/1324/1270
f 1373/1324/1271 1423/1374/1271 1424/1375/1271 1374/1325/1271
f 1374/1325/1272 1424/1375/1272 1425/1376/1272 1375/1326/1272
f 1375/1326/1273 1425/1376/1273 1426/1377/1273 1376/1327/1273
f 1376/1327/1274 1426/1377/1274 1427/1378/1274 1377/1328/1274
f 1377/1328/1275 1427/1378/1275 1428/1379/1275 1378/1329/1275
f 1378/1329/1276 1428/1379/1276 1429/1380/1276 1379/1330/1276
f 1379/1330/1277 1429/1380/1277 1430/1381/1277 1380/1331/1277
f 1380/1331/1278 1430/1381/1278 1431/1382/1278 1381/1332/1278
f 1381/1332/1279 1431/1382/1279 1432/1383/1279 1382/1333/1279
f 1382/1333/1280 1432/1383/1280 1433/1384/1280 1383/1334/1280
f 1383/1334/1281 1433/1384/1281 1434/1385/1281 1384/1335/1281
f 1384/1335/1282 1434/1385/1282 1435/1386/1282 1385/1336/1282
f 1385/1336/1283 1435/1386/1283 1436/1387/1283 1386/1337/1283
f 1386/1337/1284 1436/1387/1284 1437/1388/1284 1387/1338/1284
f 1387/1338/1285 1437/1388/1285 1438/1389/1285 1388/1339/1285
f 1388/1339/1286 1438/1389/1286 1439/1390/1286 1389/1340/1286
f 1389/1340/1287 1439/1390/1287 1440/1391/1287 1390/1341/1287
f 1390/1341/1288 1440/1391/1288 1441/1392/1288 1391/1342/1288
f 1391/1342/1289 1441/1392/1289 1442/1393/1289 1392/1343/1289
f 1392/1343/1290 1442/1393/1290 1443/1394/1290 1393/1344/1290
f 1393/1344/1291 1443/1394/1291 1444/1395/1291 1394/1345/1291
f 1394/1345/1292 1444/1395/1292 1445/1396/1292 1395/1346/1292
f 1395/1346/1293 1445/1396/1293 1446/1397/1293 1396/1347/1293
f 1396/1347/1294 1446/1397/1294 1447/1398/1294 1397/1348/1294
f 1397/1348/1295 1447/1398/1295 1448/1399/1295 1398/1349/1295
f 1398/1349/1296 1448/1399/1296 1449/1400/1296 1399/1350/1296
f 1399/1350/1297 1449/1400/1297 1450/1401/1297 1400/1351/1297
f 1400/1351/1298 1450/1401/1298 1451/1402/1298 1401/1352/1298
f 1401/1352/1299 1451/1402/1299 1452/1403/1299 1402/1353/1299
f 1402/1353/1300 1452/1403/1300 1453/1404/1300 1403/1354/1300
f 1403/1354/1301 1453/1404/1301 1454/55/1301 1404/53/1301
f 79/1355/1302 80/1405/1302 1455/1406/1302 1405/1356/1302
f 1405/1356/1303 1455/1406/1303 1456/1407/1303 1406/1357/1303
f 1406/1357/1304 1456/1407/1304 1457/1408/1304 1407/1358/1304
f 1407/1358/1305 1457/1408/1305 1458/1409/1305 1408/1359/1305
f 1408/1359/1306 1458/1409/1306 1459/1410/1306 1409/1360/1306
f 1409/1360/1307 1459/1410/1307 1460/1411/1307 1410/1361/1307
f 1410/1361/1308 1460/1411/1308 1461/1412/1308 1411/1362/1308
f 1411/1362/1309 1461/1412/1309 1462/1413/1309 1412/1363/1309
f 1412/1363/1310 1462/1413/1310 1463/1414/1310 1413/1364/1310
f 1413/1364/1311 1463/1414/1311 1464/1415/1311 1414/1365/1311
f 1414/1365/1312 1464/1415/1312 1465/1416/1312 1415/1366/1312
f 1415/1366/1313 1465/1416/1313 1466/1417/1313 1416/1367/1313
f 1416/1367/1314 1466/1417/1314 1467/1418/1314 1417/1368/1314
f 1417/1368/1315 1467/1418/1315 1468/1419/1315 1418/1369/1315
f 1418/1369/1316 1468/1419/1316 1469/1420/1316 1419/1370/1316
f 1419/1370/1317 1469/1420/1317 1470/1421/1317 1420/1371/1317
f 1420/1371/1318 1470/1421/1318 1471/1422/1318 1421/1372/1318
f 1421/1372/1319 1471/1422/1319 1472/1423/1319 1422/1373/1319
f 1422/1373/1320 1472/1423/1320 1473/1424/1320 1423/1374/1320
f 1423/1374/1321 1473/1424/1321 1474/1425/1321 1424/1375/1321
f 1424/1375/1322 1474/1425/1322 1475/1426/1322 1425/1376/1322
f 1425/1376/1323 1475/1426/1323 1476/1427/1323 1426/1377/1323
f 1426/1377/1324 1476/1427/1324 1477/1428/1324 1427/1378/1324
f 1427/1378/1325 1477/1428/1325 1478/1429/1325 1428/1379/1325
f 1428/1379/1326 1478/1429/1326 1479/1430/1326 1429/1380/1326
f 1429/1380/1327 1479/1430/1327 1480/1431/1327 1430/1381/1327
f 1430/1381/1328 1480/1431/1328 1481/1432/1328 1431/1382/1328
f 1431/1382/1329 1481/1432/1329 1482/1433/1329 1432/1383/1329
f 1432/1383/1330 1482/1433/1330 1483/1434/1330 1433/1384/1330
f 1433/1384/1331 1483/1434/1331 1484/1435/1331 1434/1385/1331
f 1434/1385/1332 1484/1435/1332 1485/1436/1332 1435/1386/1332
f 1435/1386/1333 1485/1436/1333 1486/1437/1333 1436/1387/1333
f 1436/1387/1334 1486/1437/1334 1487/1438/1334 1437/1388/1334
f 1437/1388/1335 1487/1438/1335 1488/1439/1335 1438/1389/1335
f 1438/1389/1336 1488/1439/1336 1489/1440/1336 1439/1390/1336
f 1439/1390/1337 1489/1440/1337 1490/1441/1337 1440/1391/1337
f 1440/1391/1338 1490/1441/1338 1491/1442/1338 1441/1392/1338
f 1441/1392/1339 1491/1442/1339 1492/1443/1339 1442/1393/1339
f 1442/1393/1340 1492/1443/1340 1493/1444/1340 1443/1394/1340
f 1443/1394/1341 1493/1444/1341 1494/1445/1341 1444/1395/1341
f 1444/1395/1342 1494/1445/1342 1495/1446/1342 1445/1396/1342
f 1445/1396/1343 1495/1446/1343 1496/1447/1343 1446/1397/1343
f 1446/1397/1344 1496/1447/1344 1497/1448/1344 1447/1398/1344
f 1447/1398/1345 1497/1448/1345 1498/1449/1345 1448/1399/1345
f 1448/1399/1346 1498/1449/1346 1499/1450/1346 1449/1400/1346
f 1449/1400/1347 1499/1450/1347 1500/1451/1347 1450/1401/1347
f 1450/1401/1348 1500/1451/1348 1501/1452/1348 1451/1402/1348
f 1451/1402/1349 1501/1452/1349 1502/1453/1349 1452/1403/1349
f 1452/1403/1350 1502/1453/1350 1503/1454/1350 1453/1404/1350
f 1453/1404/1351 1503/1454/1351 1504/57/1351 1454/55/1351
f 80/1405/1352 81/1455/1352 1505/1456/1352 1455/1406/1352
f 1455/1406/1353 1505/1456/1353 1506/1457/1353 1456/1407/1353
f 1456/1407/1354 1506/1457/1354 1507/1458/1354 1457/1408/1354
f 1457/1408/1355 1507/1458/1355 1508/1459/1355 1458/1409/1355
f 1458/1409/1356 1508/1459/1356 1509/1460/1356 1459/1410/1356
f 1459/1410/1357 1509/1460/1357 1510/1461/1357 1460/1411/1357
f 1460/1411/1358 1510/1461/1358 1511/1462/1358 1461/1412/1358
f 1461/1412/1359 1511/1462/1359 1512/1463/1359 1462/1413/1359
f 1462/1413/1360 1512/1463/1360 1513/1464/1360 1463/1414/1360
f 1463/1414/1361 1513/1464/1361 1514/1465/1361 1464/1415/1361
f 1464/1415/1362 1514/1465/1362 1515/1466/1362 1465/1416/1362
f 1465/1416/1363 1515/1466/1363 1516/1467/1363 1466/1417/1363
f 1466/1417/1364 1516/1467/1364 1517/1468/1364 1467/1418/1364
f 1467/1418/1365 1517/1468/1365 1518/1469/1365 1468/1419/1365
f 1468/1419/1366 1518/1469/1366 1519/1470/1366 1469/1420/1366
f 1469/1420/1367 1519/1470/1367 1520/1471/1367 1470/1421/1367
f 1470/1421/1368 1520/1471/1368 1521/1472/1368 1471/1422/1368
f 1471/1422/1369 1521/1472/1369 1522/1473/1369 1472/1423/1369
f 1472/1423/1370 1522/1473/1370 1523/1474/1370 1473/1424/1370
f 1473/1424/1371 1523/1474/1371 1524/1475/1371 1474/1425/1371
f 1474/1425/1372 1524/1475/1372 1525/1476/1372 1475/1426/1372
f 1475/1426/1373 1525/1476/1373 1526/1477/1373 1476/1427/1373
f 1476/1427/1374 1526/1477/1374 1527/1478/1374 1477/1428/1374
f 1477/1428/1375 1527/1478/1375 1528/1479/1375 1478/1429/1375
f 1478/1429/1376 1528/1479/1376 1529/1480/1376 1479/1430/1376
f 1479/1430/1377 1529/1480/1377 1530/1481/1377 1480/1431/1377
f 1480/1431/1378 1530/1481/1378 1531/1482/1378 1481/1432/1378
f 1481/1432/1379 1531/1482/1379 1532/1483/1379 1482/1433/1379
f 1482/1433/1380 1532/1483/1380 1533/1484/1380 1483/1434/1380
f 1483/1434/1381 1533/1484/1381 1534/1485/1381 1484/1435/1381
f 1484/1435/1382 1534/1485/1382 1535/1486/1382 1485/1436/1382
f 1485/1436/1383 1535/1486/1383 1536/1487/1383 1486/1437/1383
f 1486/1437/1384 1536/1487/1384 1537/1488/1384 1487/1438/1384
f 1487/1438/1385 1537/1488/1385 1538/1489/1385 1488/1439/1385
f 1488/1439/1386 1538/1489/1386 1539/1490/1386 1489/1440/1386
f 1489/1440/1387 1539/1490/1387 1540/1491/1387 1490/1441/1387
f 1490/1441/1388 1540/1491/1388 1541/1492/1388 1491/1442/1388
f 1491/1442/1389 1541/1492/1389 1542/1493/1389 1492/1443/1389
f 1492/1443/1390 1542/1493/1390 1543/1494/1390 1493/1444/1390
f 1493/1444/1391 1543/1494/1391 1544/1495/1391 1494/1445/1391
f 1494/1445/1392 1544/1495/1392 1545/1496/1392 1495/1446/1392
f 1495/1446/1393 1545/1496/1393 1546/1497/1393 1496/1447/1393
f 1496/1447/1394 1546/1497/1394 1547/1498/1394 1497/1448/1394
f 1497/1448/1395 1547/1498/1395 1548/1499/1395 1498/1449/1395
f 1498/1449/1396 1548/1499/1396 1549/1500/1396 1499/1450/1396
f 1499/1450/1397 1549/1500/1397 1550/1501/1397 1500/1451/1397
f 1500/1451/1398 1550/1501/1398 1551/1502/1398 1501/1452/1398
f 1501/1452/1399 1551/1502/1399 1552/1503/1399 1502/1453/1399
f 1502/1453/1400 1552/1503/1400 1553/1504/1400 1503/1454/1400
f 1503/1454/1401 1553/1504/1401 1554/59/1401 1504/57/1401
f 81/1455/1402 82/1505/1402 1555/1506/1402 1505/1456/1402
f 1505/1456/1403 1555/1506/1403 1556/1507/1403 1506/1457/1403
f 1506/1457/1404 1556/1507/1404 1557/1508/1404 1507/1458/1404
f 1507/1458/1405 1557/1508/1405 1558/1509/1405 1508/1459/1405
f 1508/1459/1406 1558/1509/1406 1559/1510/1406 1509/1460/1406
f 1509/1460/1407 1559/1510/1407 1560/1511/1407 1510/1461/1407
f 1510/1461/1408 1560/1511/1408 1561/1512/1408 1511/1462/1408
f 1511/1462/1409 1561/1512/1409 1562/1513/1409 1512/1463/1409
f 1512/1463/1410 1562/1513/1410 1563/1514/1410 1513/1464/1410
f 1513/1464/1411 1563/1514/1411 1564/1515/1411 1514/1465/1411
f 1514/1465/1412 1564/1515/1412 1565/1516/1412 1515/1466/1412
f 1515/1466/1413 1565/1516/1413 1566/1517/1413 1516/1467/1413
f 1516/1467/1414 1566/1517/1414 1567/1518/1414 1517/1468/1414
f 1517/1468/1415 1567/1518/1415 1568/1519/1415 1518/1469/1415
f 1518/1469/1416 1568/1519/1416 1569/1520/1416 1519/1470/1416
f 1519/1470/1417 1569/1520/1417 1570/1521/1417 1520/1471/1417
f 1520/1471/1418 1570/1521/1418 1571/1522/1418 1521/1472/1418
f 1521/1472/1419 1571/1522/1419 1572/1523/1419 1522/1473/1419
f 1522/1473/1420 1572/1523/1420 1573/1524/1420 1523/1474/1420
f 1523/1474/1421 1573/1524/1421 1574/1525/1421 1524/1475/1421
f 1524/1475/1422 1574/1525/1422 1575/1526/1422 1525/1476/1422
f 1525/1476/1423 1575/1526/1423 1576/1527/1423 1526/1477/1423
f 1526/1477/1424 1576/1527/1424 1577/1528/1424 1527/1478/1424
f 1527/1478/1425 1577/1528/1425 1578/1529/1425 1528/1479/1425
f 1528/1479/1426 1578/1529/1426 1579/1530/1426 1529/1480/1426
f 1529/1480/1427 1579/1530/1427 1580/1531/1427 1530/1481/1427
f 1530/1481/1428 1580/1531/1428 1581/1532/1428 1531/1482/1428
f 1531/1482/1429 1581/1532/1429 1582/1533/1429 1532/1483/1429
f 1532/1483/1430 1582/1533/1430 1583/1534/1430 1533/1484/1430
f 1533/1484/1431 1583/1534/1431 1584/1535/1431 1534/1485/1431
f 1534/1485/1432 1584/1535/1432 1585/1536/1432 1535/1486/1432
f 1535/1486/1433 1585/1536/1433 1586/1537/1433 1536/1487/1433
f 1536/1487/1434 1586/1537/1434 1587/1538/1434 1537/1488/1434
f 1537/1488/1435 1587/1538/1435 1588/1539/1435 1538/1489/1435
f 1538/1489/1436 1588/1539/1436 1589/1540/1436 1539/1490/1436
f 1539/1490/1437 1589/1540/1437 1590/1541/1437 1540/1491/1437
f 1540/1491/1438 1590/1541/1438 1591/1542/1438 1541/1492/1438
f 1541/1492/1439 1591/1542/1439 1592/1543/1439 1542/1493/1439
f 1542/1493/1440 1592/1543/1440 1593/1544/1440 1543/1494/1440
f 1543/1494/1441 1593/1544/1441 1594/1545/1441 1544/1495/1441
f 1544/1495/1442 1594/1545/1442 1595/1546/1442 1545/1496/1442
f 1545/1496/1443 1595/1546/1443 1596/1547/1443 1546/1497/1443
f 1546/1497/1444 1596/1547/1444 1597/1548/1444 1547/1498/1444
f 1547/1498/1445 1597/1548/1445 1598/1549/1445 1548/1499/1445
f 1548/1499/1446 1598/1549/1446 1599/1550/1446 1549/1500/1446
f 1549/1500/1447 1599/1550/1447 1600/1551/1447 1550/1501/1447
f 1550/1501/1448 1600/1551/1448 1601/1552/1448 1551/1502/1448
f 1551/1502/1449 1601/1552/1449 1602/1553/1449 1552/1503/1449
f 1552/1503/1450 1602/1553/1450 1603/1554/1450 1553/1504/1450
f 1553/1504/1451 1603/1554/1451 1604/61/1451 1554/59/1451
f 82/1505/1452 83/1555/1452 1605/1556/1452 1555/1506/1452
f 1555/1506/1453 1605/1556/1453 1606/1557/1453 1556/1507/1453
f 1556/1507/1454 1606/1557/1454 1607/1558/1454 1557/1508/1454
f 1557/1508/1455 1607/1558/1455 1608/1559/1455 1558/1509/1455
f 1558/1509/1456 1608/1559/1456 1609/1560/1456 1559/1510/1456
f 1559/1510/1457 1609/1560/1457 1610/1561/1457 1560/1511/1457
f 1560/1511/1458 1610/1561/1458 1611/1562/1458 1561/1512/1458
f 1561/1512/1459 1611/1562/1459 1612/1563/1459 1562/1513/1459
f 1562/1513/1460 1612/1563/1460 1613/1564/1460 1563/1514/1460
f 1563/1514/1461 1613/1564/1461 1614/1565/1461 1564/1515/1461
f 1564/1515/1462 1614/1565/1462 1615/1566/1462 1565/1516/1462
f 1565/1516/1463 1615/1566/1463 1616/1567/1463 1566/1517/1463
f 1566/1517/1464 1616/1567/1464 1617/1568/1464 1567/1518/1464
f 1567/1518/1465 1617/1568/1465 1618/1569/1465 1568/1519/1465
f 1568/1519/1466 1618/1569/1466 1619/1570/1466 1569/1520/1466
f 1569/1520/1467 1619/1570/1467 1620/1571/1467 1570/1521/1467
f 1570/1521/1468 1620/1571/1468 1621/1572/1468 1571/1522/1468
f 1571/1522/1469 1621/1572/1469 1622/1573/1469 1572/1523/1469
f 1572/1523/1470 1622/1573/1470 1623/1574/1470 1573/1524/1470
f 1573/1524/1471 1623/1574/1471 1624/1575/1471 1574/1525/1471
f 1574/1525/1472 1624/1575/1472 1625/1576/1472 1575/1526/1472
f 1575/1526/1473 1625/1576/1473 1626/1577/1473 1576/1527/1473
f 1576/1527/1474 1626/1577/1474 1627/1578/1474 1577/1528/1474
f 1577/1528/1475 1627/1578/1475 1628/1579/1475 1578/1529/1475
f 1578/1529/1476 1628/1579/1476 1629/1580/1476 1579/1530/1476
f 1579/1530/1477 1629/1580/1477 1630/1581/1477 1580/1531/1477
f 1580/1531/1478 1630/1581/1478 1631/1582/1478 1581/1532/1478
f 1581/1532/1479 1631/1582/1479 1632/1583/1479 1582/1533/1479
f 1582/1533/1480 1632/1583/1480 1633/1584/1480 1583/1534/1480
f 1583/1534/1481 1633/1584/1481 1634/1585/1481 1584/1535/1481
f 1584/1535/1482 1634/1585/1482 1635/1586/1482 1585/1536/1482
f 1585/1536/1483 1635/1586/1483 1636/1587/1483 1586/1537/1483
f 1586/1537/1484 1636/1587/1484 1637/1588/1484 1587/1538/1484
f 1587/1538/1485 1637/1588/1485 1638/1589/1485 1588/1539/1485
f 1588/1539/1486 1638/1589/1486 1639/1590/1486 1589/1540/1486
f 1589/1540/1487 1639/1590/1487 1640/1591/1487 1590/1541/1487
f 1590/1541/1488 1640/1591/1488 1641/1592/1488 1591/1542/1488
f 1591/1542/1489 1641/1592/1489 1642/1593/1489 1592/1543/1489
f 1592/1543/1490 1642/1593/1490 1643/1594/1490 1593/1544/1490
f 1593/1544/1491 1643/1594/1491 1644/1595/1491 1594/1545/1491
f 1594/1545/1492 1644/1595/1492 1645/1596/1492 1595/1546/1492
f 1595/1546/1493 1645/1596/1493 1646/1597/1493 1596/1547/1493
f 1596/1547/1494 1646/1597/1494 1647/1598/1494 1597/1548/1494
f 1597/1548/1495 1647/1598/1495 1648/1599/1495 1598/1549/1495
f 1598/1549/1496 1648/1599/1496 1649/1600/1496 1599/1550/1496
f 1599/1550/1497 1649/1600/1497 1650/1601/1497 1600/1551/1497
f 1600/1551/1498 1650/1601/1498 1651/1602/1498 1601/1552/1498
f 1601/1552/1499 1651/1602/1499 1652/1603/1499 1602/1553/1499
f 1602/1553/1500 1652/1603/1500 1653/1604/1500 1603/1554/1500
f 1603/1554/1501 1653/1604/1501 1654/63/1501 1604/61/1501
f 83/1555/1502 84/1605/1502 1655/1606/1502 1605/1556/1502
f 1605/1556/1503 1655/1606/1503 1656/1607/1503 1606/1557/1503
f 1606/1557/1504 1656/1607/1504 1657/1608/1504 1607/1558/1504
f 1607/1558/1505 1657/1608/1505 1658/1609/1505 1608/1559/1505
f 1608/1559/1506 1658/1609/1506 1659/1610/1506 1609/1560/1506
f 1609/1560/1507 1659/1610/1507 1660/1611/1507 1610/1561/1507
f 1610/1561/1508 1660/1611/1508 1661/1612/1508 1611/1562/1508
f 1611/1562/1509 1661/1612/1509 1662/1613/1509 1612/1563/1509
f 1612/1563/1510 1662/1613/1510 1663/1614/1510 1613/1564/1510
f 1613/1564/1511 1663/1614/1511 1664/1615/1511 1614/1565/1511
f 1614/1565/1512 1664/1615/1512 1665/1616/1512 1615/1566/1512
f 1615/1566/1513 1665/1616/1513 1666/1617/1513 1616/1567/1513
f 1616/1567/1514 1666/1617/1514 1667/1618/1514 1617/1568/1514
f 1617/1568/1515 1667/1618/1515 1668/1619/1515 1618/1569/1515
f 1618/1569/1516 1668/1619/1516 1669/1620/1516 1619/1570/1516
f 1619/1570/1517 1669/1620/1517 1670/1621/1517 1620/1571/1517
f 1620/1571/1518 1670/1621/1518 1671/1622/1518 1621/1572/1518
f 1621/1572/1519 1671/1622/1519 1672/1623/1519 1622/1573/1519
f 1622/1573/1520 1672/1623/1520 1673/1624/1520 1623/1574/1520
f 1623/1574/1521 1673/1624/1521 1674/1625/1521 1624/1575/1521
f 1624/1575/1522 1674/1625/1522 1675/1626/1522 1625/1576/1522
f 1625/1576/1523 1675/1626/1523 1676/1627/1523 1626/1577/1523
f 1626/1577/1524 1676/1627/1524 1677/1628/1524 1627/1578/1524
f 1627/1578/1525 1677/1628/1525 1678/1629/1525 1628/1579/1525
f 1628/1579/1526 1678/1629/1526 1679/1630/1526 1629/1580/1526
f 1629/1580/1527 1679/1630/1527 1680/1631/1527 1630/1581/1527
f 1630/1581/1528 1680/1631/1528 1681/1632/1528 1631/1582/1528
f 1631/1582/1529 1681/1632/1529 1682/1633/1529 1632/1583/1529
f 1632/1583/1530 1682/1633/1530 1683/1634/1530 1633/1584/1530
f 1633/1584/1531 1683/1634/1531 1684/1635/1531 1634/1585/1531
f 1634/1585/1532 1684/1635/1532 1685/1636/1532 1635/1586/1532
f 1635/1586/1533 1685/1636/1533 1686/1637/1533 1636/1587/1533
f 1636/1587/1534 1686/1637/1534 1687/1638/1534 1637/1588/1534
f 1637/1588/1535 1687/1638/1535 1688/1639/1535 1638/1589/1535
f 1638/1589/1536 1688/1639/1536 1689/1640/1536 1639/1590/1536
f 1639/1590/1537 1689/1640/1537 1690/1641/1537 1640/1591/1537
f 1640/1591/1538 1690/1641/1538 1691/1642/1538 1641/1592/1538
f 1641/1592/1539 1691/1642/1539 1692/1643/1539 1642/1593/1539
f 1642/1593/1540 1692/1643/1540 1693/1644/1540 1643/1594/1540
f 1643/1594/1541 1693/1644/1541 1694/1645/1541 1644/1595/1541
f 1644/1595/1542 1694/1645/1542 1695/1646/1542 1645/1596/1542
f 1645/1596/1543 1695/1646/1543 1696/1647/1543 1646/1597/1543
f 1646/1597/1544 1696/1647/1544 1697/1648/1544 1647/1598/1544
f 1647/1598/1545 1697/1648/1545 1698/1649/1545 1648/1599/1545
f 1648/1599/1546 1698/1649/1546 1699/1650/1546 1649/1600/1546
f 1649/1600/1547 1699/1650/1547 1700/1651/1547 1650/1601/1547
f 1650/1601/1548 1700/1651/1548 1701/1652/1548 1651/1602/1548
f 1651/1602/1549 1701/1652/1549 1702/1653/1549 1652/1603/1549
f 1652/1603/1550 1702/1653/1550 1703/1654/1550 1653/1604/1550
f 1653/1604/1551 1703/1654/1551 1704/65/1551 1654/63/1551
f 84/1605/1552 85/1655/1552 1705/1656/1552 1655/1606/1552
f 1655/1606/1553 1705/1656/1553 1706/1657/1553 1656/1607/1553
f 1656/1607/1554 1706/1657/1554 1707/1658/1554 1657/1608/1554
f 1657/1608/1555 1707/1658/1555 1708/1659/1555 1658/1609/1555
f 1658/1609/1556 1708/1659/1556 1709/1660/1556 1659/1610/1556
f 1659/1610/1557 1709/1660/1557 1710/1661/1557 1660/1611/1557
f 1660/1611/1558 1710/1661/1558 1711/1662/1558 1661/1612/1558
f 1661/1612/1559 1711/1662/1559 1712/1663/1559 1662/1613/1559
f 1662/1613/1560 1712/1663/1560 1713/1664/1560 1663/1614/1560
f 1663/1614/1561 1713/1664/1561 1714/1665/1561 1664/1615/1561
f 1664/1615/1562 1714/1665/1562 1715/1666/1562 1665/1616/1562
f 1665/1616/1563 1715/1666/1563 1716/1667/1563 1666/1617/1563
f 1666/1617/1564 1716/1667/1564 1717/1668/1564 1667/1618/1564
f 1667/1618/1565 1717/1668/1565 1718/1669/1565 1668/1619/1565
f 1668/1619/1566 1718/1669/1566 1719/1670/1566 1669/1620/1566
f 1669/1620/1567 1719/1670/1567 1720/1671/1567 1670/1621/1567
f 1670/1621/1568 1720/1671/1568 1721/1672/1568 1671/1622/1568
f 1671/1622/1569 1721/1672/1569 1722/1673/1569 1672/1623/1569
f 1672/1623/1570 1722/1673/1570 1723/1674/1570 1673/1624/1570
f 1673/1624/1571 1723/1674/1571 1724/1675/1571 1674/1625/1571
f 1674/1625/1572 1724/1675/1572 1725/1676/1572 1675/1626/1572
f 1675/1626/1573 1725/1676/1573 1726/1677/1573 1676/1627/1573
f 1676/1627/1574 1726/1677/1574 1727/1678/1574 1677/1628/1574
f 1677/1628/1575 1727/1678/1575 1728/1679/1575 1678/1629/1575
f 1678/1629/1576 1728/1679/1576 1729/1680/1576 1679/1630/1576
f 1679/1630/1577 1729/1680/1577 1730/1681/1577 1680/1631/1577
f 1680/1631/1578 1730/1681/1578 1731/1682/1578 1681/1632/1578
f 1681/1632/1579 1731/1682/1579 1732/1683/1579 1682/1633/1579
f 1682/1633/1580 1732/1683/1580 1733/1684/1580 1683/1634/1580
f 1683/1634/1581 1733/1684/1581 1734/1685/1581 1684/1635/1581
f 1684/1635/1582 1734/1685/1582 1735/1686/1582 1685/1636/1582
f 1685/1636/1583 1735/1686/1583 1736/1687/1583 1686/1637/1583
f 1686/1637/1584 1736/1687/1584 1737/1688/1584 1687/1638/1584
f 1687/1638/1585 1737/1688/1585 1738/1689/1585 1688/1639/1585
f 1688/1639/1586 1738/1689/1586 1739/1690/1586 1689/1640/1586
f 1689/1640/1587 1739/1690/1587 1740/1691/1587 1690/1641/1587
f 1690/1641/1588 1740/1691/1588 1741/1692/1588 1691/1642/1588
f 1691/1642/1589 1741/1692/1589 1742/1693/1589 1692/1643/1589
f 1692/1643/1590 1742/1693/1590 1743/1694/1590 1693/1644/1590
f 1693/1644/1591 1743/1694/1591 1744/1695/1591 1694/1645/1591
f 1694/1645/1592 1744/1695/1592 1745/1696/1592 1695/1646/1592
f 1695/1646/1593 1745/1696/1593 1746/1697/1593 1696/1647/1593
f 1696/1647/1594 1746/1697/1594 1747/1698/1594 1697/1648/1594
f 1697/1648/1595 1747/1698/1595 1748/1699/1595 1698/1649/1595
f 1698/1649/1596 1748/1699/1596 1749/1700/1596 1699/1650/1596
f 1699/1650/1597 1749/1700/1597 1750/1701/1597 1700/1651/1597
f 1700/1651/1598 1750/1701/1598 1751/1702/1598 1701/1652/1598
f 1701/1652/1599 1751/1702/1599 1752/1703/1599 1702/1653/1599
f 1702/1653/1600 1752/1703/1600 1753/1704/1600 1703/1654/1600
f 1703/1654/1601 1753/1704/1601 1754/67/1601 1704/65/1601
f 85/1655/1602 86/1705/1602 1755/1706/1602 1705/1656/1602
f 1705/1656/1603 1755/1706/1603 1756/1707/1603 1706/1657/1603
f 1706/1657/1604 1756/1707/1604 1757/1708/1604 1707/1658/1604
f 1707/1658/1605 1757/1708/1605 1758/1709/1605 1708/1659/1605
f 1708/1659/1606 1758/1709/1606 1759/1710/1606 1709/1660/1606
f 1709/1660/1607 1759/1710/1607 1760/1711/1607 1710/1661/1607
f 1710/1661/1608 1760/1711/1608 1761/1712/1608 1711/1662/1608
f 1711/1662/1609 1761/1712/1609 1762/1713/1609 1712/1663/1609
f 1712/1663/1610 1762/1713/1610 1763/1714/1610 1713/1664/1610
f 1713/1664/1611 1763/1714/1611 1764/1715/1611 1714/1665/1611
f 1714/1665/1612 1764/1715/1612 1765/1716/1612 1715/1666/1612
f 1715/1666/1613 1765/1716/1613 1766/1717/1613 1716/1667/1613
f 1716/1667/1614 1766/1717/1614 1767/1718/1614 1717/1668/1614
f 1717/1668/1615 1767/1718/1615 1768/1719/1615 1718/1669/1615
f 1718/1669/1616 1768/1719/1616 1769/1720/1616 1719/1670/1616
f 1719/1670/1617 1769/1720/1617 1770/1721/1617 1720/1671/1617
f 1720/1671/1618 1770/1721/1618 1771/1722/1618 1721/1672/1618
f 1721/1672/1619 1771/1722/1619 1772/1723/1619 1722/1673/1619
f 1722/1673/1620 1772/1723/1620 1773/1724/1620 1723/1674/1620
f 1723/1674/1621 1773/1724/1621 1774/1725/1621 1724/1675/1621
f 1724/1675/1622 1774/1725/1622 1775/1726/1622 1725/1676/1622
f 1725/1676/1623 1775/1726/1623 1776/1727/1623 1726/1677/1623
f 1726/1677/1624 1776/1727/1624 1777/1728/1624 1727/1678/1624
f 1727/1678/1625 1777/1728/1625 1778/1729/1625 1728/1679/1625
f 1728/1679/1626 1778/1729/1626 1779/1730/1626 1729/1680/1626
f 1729/1680/1627 1779/1730/1627 1780/1731/1627 1730/1681/1627
f 1730/1681/1628 1780/1731/1628 1781/1732/1628 1731/1682/1628
f 1731/1682/1629 1781/1732/1629 1782/1733/1629 1732/1683/1629
f 1732/1683/1630 1782/1733/1630 1783/1734/1630 1733/1684/1630
f 1733/1684/1631 1783/1734/1631 1784/1735/1631 1734/1685/1631
f 1734/1685/1632 1784/1735/1632 1785/1736/1632 1735/1686/1632
f 1735/1686/1633 1785/1736/1633 1786/1737/1633 1736/1687/1633
f 1736/1687/1634 1786/1737/1634 1787/1738/1634 1737/1688/1634
f 1737/1688/1635 1787/1738/1635 1788/1739/1635 1738/1689/1635
f 1738/1689/1636 1788/1739/1636 1789/1740/1636 1739/1690/1636
f 1739/1690/1637 1789/1740/1637 1790/1741/1637 1740/1691/1637
f 1740/1691/1638 1790/1741/1638 1791/1742/1638 1741/1692/1638
f 1741/1692/1639 1791/1742/1639 1792/1743/1639 1742/1693/1639
f 1742/1693/1640 1792/1743/1640 1793/1744/1640 1743/1694/1640
f 1743/1694/1641 1793/1744/1641 1794/1745/1641 1744/1695/1641
f 1744/1695/1642 1794/1745/1642 1795/1746/1642 1745/1696/1642
f 1745/1696/1643 1795/1746/1643 1796/1747/1643 1746/1697/1643
f 1746/1697/1644 1796/1747/1644 1797/1748/1644 1747/1698/1644
f 1747/1698/1645 1797/1748/1645 1798/1749/1645 1748/1699/1645
f 1748/1699/1646 1798/1749/1646 1799/1750/1646 1749/1700/1646
f 1749/1700/1647 1799/1750/1647 1800/1751/1647 1750/1701/1647
f 1750/1701/1648 1800/1751/1648 1801/1752/1648 1751/1702/1648
f 1751/1702/1649 1801/1752/1649 1802/1753/1649 1752/1703/1649
f 1752/1703/1650 1802/1753/1650 1803/1754/1650 1753/1704/1650
f 1753/1704/1651 1803/1754/1651 1804/69/1651 1754/67/1651
f 86/1705/1652 87/1755/1652 1805/1756/1652 1755/1706/1652
f 1755/1706/1653 1805/1756/1653 1806/1757/1653 1756/1707/1653
f 1756/1707/1654 1806/1757/1654 1807/1758/1654 1757/1708/1654
f 1757/1708/1655 1807/1758/1655 1808/1759/1655 1758/1709/1655
f 1758/1709/1656 1808/1759/1656 1809/1760/1656 1759/1710/1656
f 1759/1710/1657 1809/1760/1657 1810/1761/1657 1760/1711/1657
f 1760/1711/1658 1810/1761/1658 1811/1762/1658 1761/1712/1658
f 1761/1712/1659 1811/1762/1659 1812/1763/1659 1762/1713/1659
f 1762/1713/1660 1812/1763/1660 1813/1764/1660 1763/1714/1660
f 1763/1714/1661 1813/1764/1661 1814/1765/1661 1764/1715/1661
f 1764/1715/1662 1814/1765/1662 1815/1766/1662 1765/1716/1662
f 1765/1716/1663 1815/1766/1663 1816/1767/1663 1766/1717/1663
f 1766/1717/1664 1816/1767/1664 1817/1768/1664 1767/1718/1664
f 1767/1718/1665 1817/1768/1665 1818/1769/1665 1768/1719/1665
f 1768/1719/1666 1818/1769/1666 1819/1770/1666 1769/1720/1666
f 1769/1720/1667 1819/1770/1667 1820/1771/1667 1770/1721/1667
f 1770/1721/1668 1820/1771/1668 1821/1772/1668 1771/1722/1668
f 1771/1722/1669 1821/1772/1669 1822/1773/1669 1772/1723/1669
f 1772/1723/1670 1822/1773/1670 1823/1774/1670 1773/1724/1670
f 1773/1724/1671 1823/1774/1671 1824/1775/1671 1774/1725/1671
f 1774/1725/1672 1824/1775/1672 1825/1776/1672 1775/1726/1672
f 1775/1726/1673 1825/1776/1673 1826/1777/1673 1776/1727/1673
f 1776/1727/1674 1826/1777/1674 1827/1778/1674 1777/1728/1674
f 1777/1728/1675 1827/1778/1675 1828/1779/1675 1778/1729/1675
f 1778/1729/1676 1828/1779/1676 1829/1780/1676 1779/1730/1676
f 1779/1730/1677 1829/1780/1677 1830/1781/1677 1780/1731/1677
f 1780/1731/1678 1830/1781/1678 1831/1782/1678 1781/1732/1678
f 1781/1732/1679 1831/1782/1679 1832/1783/1679 1782/1733/1679
f 1782/1733/1680 1832/1783/1680 1833/1784/1680 1783/1734/1680
f 1783/1734/1681 1833/1784/1681 1834/1785/1681 1784/1735/1681
f 1784/1735/1682 1834/1785/1682 1835/1786/1682 1785/1736/1682
f 1785/1736/1683 1835/1786/1683 1836/1787/1683 1786/1737/1683
f 1786/1737/1684 1836/1787/1684 1837/1788/1684 1787/1738/1684
f 1787/1738/1685 1837/1788/1685 1838/1789/1685 1788/1739/1685
f 1788/1739/1686 1838/1789/1686 1839/1790/1686 1789/1740/1686
f 1789/1740/1687 1839/1790/1687 1840/1791/1687 1790/1741/1687
f 1790/1741/1688 1840/1791/1688 1841/1792/1688 1791/1742/1688
f 1791/1742/1689 1841/1792/1689 1842/1793/1689 1792/1743/1689
f 1792/1743/1690 1842/1793/1690 1843/1794/1690 1793/1744/1690
f 1793/1744/1691 1843/1794/1691 1844/1795/1691 1794/1745/1691
f 1794/1745/1692 1844/1795/1692 1845/1796/1692 1795/1746/1692
f 1795/1746/1693 1845/1796/1693 1846/1797/1693 1796/1747/1693
f 1796/1747/1694 1846/1797/1694 1847/1798/1694 1797/1748/1694
f 1797/1748/1695 1847/1798/1695 1848/1799/1695 1798/1749/1695
f 1798/1749/1696 1848/1799/1696 1849/1800/1696 1799/1750/1696
f 1799/1750/1697 1849/1800/1697 1850/1801/1697 1800/1751/1697
f 1800/1751/1698 1850/1801/1698 1851/1802/1698 1801/1752/1698
f 1801/1752/1699 1851/1802/1699 1852/1803/1699 1802/1753/1699
f 1802/1753/1700 1852/1803/1700 1853/1804/1700 1803/1754/1700
f 1803/1754/1701 1853/1804/1701 1854/71/1701 1804/69/1701
f 87/1755/1702 88/1805/1702 1855/1806/1702 1805/1756/1702
f 1805/1756/1703 1855/1806/1703 1856/1807/1703 1806/1757/1703
f 1806/1757/1704 1856/1807/1704 1857/1808/1704 1807/1758/1704
f 1807/1758/1705 1857/1808/1705 1858/1809/1705 1808/1759/1705
f 1808/1759/1706 1858/1809/1706 1859/1810/1706 1809/1760/1706
f 1809/1760/1707 1859/1810/1707 1860/1811/1707 1810/1761/1707
f 1810/1761/1708 1860/1811/1708 1861/1812/1708 1811/1762/1708
f 1811/1762/1709 1861/1812/1709 1862/1813/1709 1812/1763/1709
f 1812/1763/1710 1862/1813/1710 1863/1814/1710 1813/1764/1710
f 1813/1764/1711 1863/1814/1711 1864/1815/1711 1814/1765/1711
f 1814/1765/1712 1864/1815/1712 1865/1816/1712 1815/1766/1712
f 1815/1766/1713 1865/1816/1713 1866/1817/1713 1816/1767/1713
f 1816/1767/1714 1866/1817/1714 1867/1818/1714 1817/1768/1714
f 1817/1768/1715 1867/1818/1715 1868/1819/1715 1818/1769/1715
f 1818/1769/1716 1868/1819/1716 1869/1820/1716 1819/1770/1716
f 1819/1770/1717 1869/1820/1717 1870/1821/1717 1820/1771/1717
f 1820/1771/1718 1870/1821/1718 1871/1822/1718 1821/1772/1718
f 1821/1772/1719 1871/1822/1719 1872/1823/1719 1822/1773/1719
f 1822/1773/1720 1872/1823/1720 1873/1824/1720 1823/1774/1720
f 1823/1774/1721 1873/1824/1721 1874/1825/1721 1824/1775/1721
f 1824/1775/1722 1874/1825/1722 1875/1826/1722 1825/1776/1722
f 1825/1776/1723 1875/1826/1723 1876/1827/1723 1826/1777/1723
f 1826/1777/1724 1876/1827/1724 1877/1828/1724 1827/1778/1724
f 1827/1778/1725 1877/1828/1725 1878/1829/1725 1828/1779/1725
f 1828/1779/1726 1878/1829/1726 1879/1830/1726 1829/1780/1726
f 1829/1780/1727 1879/1830/1727 1880/1831/1727 1830/1781/1727
f 1830/1781/1728 1880/1831/1728 1881/1832/1728 1831/1782/1728
f 1831/1782/1729 1881/1832/1729 1882/1833/1729 1832/1783/1729
f 1832/1783/1730 1882/1833/1730 1883/1834/1730 1833/1784/1730
f 1833/1784/1731 1883/1834/1731 1884/1835/1731 1834/1785/1731
f 1834/1785/1732 1884/1835/1732 1885/1836/1732 1835/1786/1732
f 1835/1786/1733 1885/1836/1733 1886/1837/1733 1836/1787/1733
f 1836/1787/1734 1886/1837/1734 1887/1838/1734 1837/1788/1734
f 1837/1788/1735 1887/1838/1735 1888/1839/1735 1838/1789/1735
f 1838/1789/1736 1888/1839/1736 1889/1840/1736 1839/1790/1736
f 1839/1790/1737 1889/1840/1737 1890/1841/1737 1840/1791/1737
f 1840/1791/1738 1890/1841/1738 1891/1842/1738 1841/1792/1738
f 1841/1792/1739 1891/1842/1739 1892/1843/1739 1842/1793/1739
f 1842/1793/1740 1892/1843/1740 1893/1844/1740 1843/1794/1740
f 1843/1794/1741 1893/1844/1741 1894/1845/1741 1844/1795/1741
f 1844/1795/1742 1894/1845/1742 1895/1846/1742 1845/1796/1742
f 1845/1796/1743 1895/1846/1743 1896/1847/1743 1846/1797/1743
f 1846/1797/1744 1896/1847/1744 1897/1848/1744 1847/1798/1744
f 1847/1798/1745 1897/1848/1745 1898/1849/1745 1848/1799/1745
f 1848/1799/1746 1898/1849/1746 1899/1850/1746 1849/1800/1746
f 1849/1800/1747 1899/1850/1747 1900/1851/1747 1850/1801/1747
f 1850/1801/1748 1900/1851/1748 1901/1852/1748 1851/1802/1748
f 1851/1802/1749 1901/1852/1749 1902/1853/1749 1852/1803/1749
f 1852/1803/1750 1902/1853/1750 1903/1854/1750 1853/1804/1750
f 1853/1804/1751 1903/1854/1751 1904/73/1751 1854/71/1751
f 88/1805/1752 89/1855/1752 1905/1856/1752 1855/1806/1752
f 1855/1806/1753 1905/1856/1753 1906/1857/1753 1856/1807/1753
f 1856/1807/1754 1906/1857/1754 1907/1858/1754 1857/1808/1754
f 1857/1808/1755 1907/1858/1755 1908/1859/1755 1858/1809/1755
f 1858/1809/1756 1908/1859/1756 1909/1860/1756 1859/1810/1756
f 1859/1810/1757 1909/1860/1757 1910/1861/1757 1860/1811/1757
f 1860/1811/1758 1910/1861/1758 1911/1862/1758 1861/1812/1758
f 1861/1812/1759 1911/1862/1759 1912/1863/1759 1862/1813/1759
f 1862/1813/1760 1912/1863/1760 1913/1864/1760 1863/1814/1760
f 1863/1814/1761 1913/1864/1761 1914/1865/1761 1864/1815/1761
f 1864/1815/1762 1914/1865/1762 1915/1866/1762 1865/1816/1762
f 1865/1816/1763 1915/1866/1763 1916/1867/1763 1866/1817/1763
f 1866/1817/1764 1916/1867/1764 1917/1868/1764 1867/1818/1764
f 1867/1818/1765 1917/1868/1765 1918/1869/1765 1868/1819/1765
f 1868/1819/1766 1918/1869/1766 1919/1870/1766 1869/1820/1766
f 1869/1820/1767 1919/1870/1767 1920/1871/1767 1870/1821/1767
f 1870/1821/1768 1920/1871/1768 1921/1872/1768 1871/1822/1768
f 1871/1822/1769 1921/1872/1769 1922/1873/1769 1872/1823/1769
f 1872/1823/1770 1922/1873/1770 1923/1874/1770 1873/1824/1770
f 1873/1824/1771 1923/1874/1771 1924/1875/1771 1874/1825/1771
f 1874/1825/1772 1924/1875/1772 1925/1876/1772 1875/1826/1772
f 1875/1826/1773 1925/1876/1773 1926/1877/1773 1876/1827/1773
f 1876/1827/1774 1926/1877/1774 1927/1878/1774 1877/1828/1774
f 1877/1828/1775 1927/1878/1775 1928/1879/1775 1878/1829/1775
f 1878/1829/1776 1928/1879/1776 1929/1880/1776 1879/1830/1776
f 1879/1830/1777 1929/1880/1777 1930/1881/1777 1880/1831/1777
f 1880/1831/1778 1930/1881/1778 1931/1882/1778 1881/1832/1778
f 1881/1832/1779 1931/1882/1779 1932/1883/1779 1882/1833/1779
f 1882/1833/1780 1932/1883/1780 1933/1884/1780 1883/1834/1780
f 1883/1834/1781 1933/1884/1781 1934/1885/1781 1884/1835/1781
f 1884/1835/1782 1934/1885/1782 1935/1886/1782 1885/1836/1782
f 1885/1836/1783 1935/1886/1783 1936/1887/1783 1886/1837/1783
f 1886/1837/1784 1936/1887/1784 1937/1888/1784 1887/1838/1784
f 1887/1838/1785 1937/1888/1785 1938/1889/1785 1888/1839/1785
f 1888/1839/1786 1938/1889/1786 1939/1890/1786 1889/1840/1786
f 1889/1840/1787 1939/1890/1787 1940/1891/1787 1890/1841/1787
f 1890/1841/1788 1940/1891/1788 1941/1892/1788 1891/1842/1788
f 1891/1842/1789 1941/1892/1789 1942/1893/1789 1892/1843/1789
f 1892/1843/1790 1942/1893/1790 1943/1894/1790 1893/1844/1790
f 1893/1844/1791 1943/1894/1791 1944/1895/1791 1894/1845/1791
f 1894/1845/1792 1944/1895/1792 1945/1896/1792 1895/1846/1792
f 1895/1846/1793 1945/1896/1793 1946/1897/1793 1896/1847/1793
f 1896/1847/1794 1946/1897/1794 1947/1898/1794 1897/1848/1794
f 1897/1848/1795 1947/1898/1795 1948/1899/1795 1898/1849/1795
f 1898/1849/1796 1948/1899/1796 1949/1900/1796 1899/1850/1796
f 1899/1850/1797 1949/1900/1797 1950/1901/1797 1900/1851/1797
f 1900/1851/1798 1950/1901/1798 1951/1902/1798 1901/1852/1798
f 1901/1852/1799 1951/1902/1799 1952/1903/1799 1902/1853/1799
f 1902/1853/1800 1952/1903/1800 1953/1904/1800 1903/1854/1800
f 1903/1854/1801 1953/1904/1801 1954/75/1801 1904/73/1801
f 89/1855/1802 90/1905/1802 1955/1906/1802 1905/1856/1802
f 1905/1856/1803 1955/1906/1803 1956/1907/1803 1906/1857/1803
f 1906/1857/1804 1956/1907/1804 1957/1908/1804 1907/1858/1804
f 1907/1858/1805 1957/1908/1805 1958/1909/1805 1908/1859/1805
f 1908/1859/1806 1958/1909/1806 1959/1910/1806 1909/1860/1806
f 1909/1860/1807 1959/1910/1807 1960/1911/1807 1910/1861/1807
f 1910/1861/1808 1960/1911/1808 1961/1912/1808 1911/1862/1808
f 1911/1862/1809 1961/1912/1809 1962/1913/1809 1912/1863/1809
f 1912/1863/1810 1962/1913/1810 1963/1914/1810 1913/1864/1810
f 1913/1864/1811 1963/1914/1811 1964/1915/1811 1914/1865/1811
f 1914/1865/1812 1964/1915/1812 1965/1916/1812 1915/1866/1812
f 1915/1866/1813 1965/1916/1813 1966/1917/1813 1916/1867/1813
f 1916/1867/1814 1966/1917/1814 1967/1918/1814 1917/1868/1814
f 1917/1868/1815 1967/1918/1815 1968/1919/1815 1918/1869/1815
f 1918/1869/1816 1968/1919/1816 1969/1920/1816 1919/1870/1816
f 1919/1870/1817 1969/1920/1817 1970/1921/1817 1920/1871/1817
f 1920/1871/1818 1970/1921/1818 1971/1922/1818 1921/1872/1818
f 1921/1872/1819 1971/1922/1819 1972/1923/1819 1922/1873/1819
f 1922/1873/1820 1972/1923/1820 1973/1924/1820 1923/1874/1820
f 1923/1874/1821 1973/1924/1821 1974/1925/1821 1924/1875/1821
f 1924/1875/1822 1974/1925/1822 1975/1926/1822 1925/1876/1822
f 1925/1876/1823 1975/1926/1823 1976/1927/1823 1926/1877/1823
f 1926/1877/1824 1976/1927/1824 1977/1928/1824 1927/1878/1824
f 1927/1878/1825 1977/1928/1825 1978/1929/1825 1928/1879/1825
f 1928/1879/1826 1978/1929/1826 1979/1930/1826 1929/1880/1826
f 1929/1880/1827 1979/1930/1827 1980/1931/1827 1930/1881/1827
f 1930/1881/1828 1980/1931/1828 1981/1932/1828 1931/1882/1828
f 1931/1882/1829 1981/1932/1829 1982/1933/1829 1932/1883/1829
f 1932/1883/1830 1982/1933/1830 1983/1934/1830 1933/1884/1830
f 1933/1884/1831 1983/1934/1831 1984/1935/1831 1934/1885/1831
f 1934/1885/1832 1984/1935/1832 1985/1936/1832 1935/1886/1832
f 1935/1886/1833 1985/1936/1833 1986/1937/1833 1936/1887/1833
f 1936/1887/1834 1986/1937/1834 1987/1938/1834 1937/1888/1834
f 1937/1888/1835 1987/1938/1835 1988/1939/1835 1938/1889/1835
f 1938/1889/1836 1988/1939/1836 1989/1940/1836 1939/1890/1836
f 1939/1890/1837 1989/1940/1837 1990/1941/1837 1940/1891/1837
f 1940/1891/1838 1990/1941/1838 1991/1942/1838 1941/1892/1838
f 1941/1892/1839 1991/1942/1839 1992/1943/1839 1942/1893/1839
f 1942/1893/1840 1992/1943/1840 1993/1944/1840 1943/1894/1840
f 1943/1894/1841 1993/1944/1841 1994/1945/1841 1944/1895/1841
f 1944/1895/1842 1994/1945/1842 1995/1946/1842 1945/1896/1842
f 1945/1896/1843 1995/1946/1843 1996/1947/1843 1946/1897/1843
f 1946/1897/1844 1996/1947/1844 1997/1948/1844 1947/1898/1844
f 1947/1898/1845 1997/1948/1845 1998/1949/1845 1948/1899/1845
f 1948/1899/1846 1998/1949/1846 1999/1950/1846 1949/1900/1846
f 1949/1900/1847 1999/1950/1847 2000/1951/1847 1950/1901/1847
f 1950/1901/1848 2000/1951/1848 2001/1952/1848 1951/1902/1848
f 1951/1902/1849 2001/1952/1849 2002/1953/1849 1952/1903/1849
f 1952/1903/1850 2002/1953/1850 2003/1954/1850 1953/1904/1850
f 1953/1904/1851 2003/1954/1851 2004/77/1851 1954/75/1851
f 90/1905/1852 91/1955/1852 2005/1956/1852 1955/1906/1852
f 1955/1906/1853 2005/1956/1853 2006/1957/1853 1956/1907/1853
f 1956/1907/1854 2006/1957/1854 2007/1958/1854 1957/1908/1854
f 1957/1908/1855 2007/1958/1855 2008/1959/1855 1958/1909/1855
f 1958/1909/1856 2008/1959/1856 2009/1960/1856 1959/1910/1856
f 1959/1910/1857 2009/1960/1857 2010/1961/1857 1960/1911/1857
f 1960/1911/1858 2010/1961/1858 2011/1962/1858 1961/1912/1858
f 1961/1912/1859 2011/1962/1859 2012/1963/1859 1962/1913/1859
f 1962/1913/1860 2012/1963/1860 2013/1964/1860 1963/1914/1860
f 1963/1914/1861 2013/1964/1861 2014/1965/1861 1964/1915/1861
f 1964/1915/1862 2014/1965/1862 2015/1966/1862 1965/1916/1862
f 1965/1916/1863 2015/1966/1863 2016/1967/1863 1966/1917/1863
f 1966/1917/1864 2016/1967/1864 2017/1968/1864 1967/1918/1864
f 1967/1918/1865 2017/1968/1865 2018/1969/1865 1968/1919/1865
f 1968/1919/1866 2018/1969/1866 2019/1970/1866 1969/1920/1866
f 1969/1920/1867 2019/1970/1867 2020/1971/1867 1970/1921/1867
f 1970/1921/1868 2020/1971/1868 2021/1972/1868 1971/1922/1868
f 1971/1922/1869 2021/1972/1869 2022/1973/1869 1972/1923/1869
f 1972/1923/1870 2022/1973/1870 2023/1974/1870 1973/1924/1870
f 1973/1924/1871 2023/1974/1871 2024/1975/1871 1974/1925/1871
f 1974/1925/1872 2024/1975/1872 2025/1976/1872 1975/1926/1872
f 1975/1926/1873 2025/1976/1873 2026/1977/1873 1976/1927/1873
f 1976/1927/1874 2026/1977/1874 2027/1978/1874 1977/1928/1874
f 1977/1928/1875 2027/1978/1875 2028/1979/1875 1978/1929/1875
f 1978/1929/1876 2028/1979/1876 2029/1980/1876 1979/1930/1876
f 1979/1930/1877 2029/1980/1877 2030/1981/1877 1980/1931/1877
f 1980/1931/1878 2030/1981/1878 2031/1982/1878 1981/1932/1878
f 1981/1932/1879 2031/1982/1879 2032/1983/1879 1982/1933/1879
f 1982/1933/1880 2032/1983/1880 2033/1984/1880 1983/1934/1880
f 1983/1934/1881 2033/1984/1881 2034/1985/1881 1984/1935/1881
f 1984/1935/1882 2034/1985/1882 2035/1986/1882 1985/1936/1882
f 1985/1936/1883 2035/1986/1883 2036/1987/1883 1986/1937/1883
f 1986/1937/1884 2036/1987/1884 2037/1988/1884 1987/1938/1884
f 1987/1938/1885 2037/1988/1885 2038/1989/1885 1988/1939/1885
f 1988/1939/1886 2038/1989/1886 2039/1990/1886 1989/1940/1886
f 1989/1940/1887 2039/1990/1887 2040/1991/1887 1990/1941/1887
f 1990/1941/1888 2040/1991/1888 2041/1992/1888 1991/1942/1888
f 1991/1942/1889 2041/1992/1889 2042/1993/1889 1992/1943/1889
f 1992/1943/1890 2042/1993/1890 2043/1994/1890 1993/1944/1890
f 1993/1944/1891 2043/1994/1891 2044/1995/1891 1994/1945/1891
f 1994/1945/1892 2044/1995/1892 2045/1996/1892 1995/1946/1892
f 1995/1946/1893 2045/1996/1893 2046/1997/1893 1996/1947/1893
f 1996/1947/1894 2046/1997/1894 2047/1998/1894 1997/1948/1894
f 1997/1948/1895 2047/1998/1895 2048/1999/1895 1998/1949/1895
f 1998/1949/1896 2048/1999/1896 2049/2000/1896 1999/1950/1896
f 1999/1950/1897 2049/2000/1897 2050/2001/1897 2000/1951/1897
f 2000/1951/1898 2050/2001/1898 2051/2002/1898 2001/1952/1898
f 2001/1952/1899 2051/2002/1899 2052/2003/1899 2002/1953/1899
f 2002/1953/1900 2052/2003/1900 2053/2004/1900 2003/1954/1900
f 2003/1954/1901 2053/2004/1901 2054/79/1901 2004/77/1901
f 91/1955/1902 92/2005/1902 2055/2006/1902 2005/1956/1902
f 2005/1956/1903 2055/2006/1903 2056/2007/1903 2006/1957/1903
f 2006/1957/1904 2056/2007/1904 2057/2008/1904 2007/1958/1904
f 2007/1958/1905 2057/2008/1905 2058/2009/1905 2008/1959/1905
f 2008/1959/1906 2058/2009/1906 2059/2010/1906 2009/1960/1906
f 2009/1960/1907 2059/2010/1907 2060/2011/1907 2010/1961/1907
f 2010/1961/1908 2060/2011/1908 2061/2012/1908 2011/1962/1908
f 2011/1962/1909 2061/2012/1909 2062/2013/1909 2012/1963/1909
f 2012/1963/1910 2062/2013/1910 2063/2014/1910 2013/1964/1910
f 2013/1964/1911 2063/2014/1911 2064/2015/1911 2014/1965/1911
f 2014/1965/1912 2064/2015/1912 2065/2016/1912 2015/1966/1912
f 2015/1966/1913 2065/2016/1913 2066/2017/1913 2016/1967/1913
f 2016/1967/1914 2066/2017/1914 2067/2018/1914 2017/1968/1914
f 2017/1968/1915 2067/2018/1915 2068/2019/1915 2018/1969/1915
f 2018/1969/1916 2068/2019/1916 2069/2020/1916 2019/1970/1916
f 2019/1970/1917 2069/2020/1917 2070/2021/1917 2020/1971/1917
f 2020/1971/1918 2070/2021/1918 2071/2022/1918 2021/1972/1918
f 2021/1972/1919 2071/2022/1919 2072/2023/1919 2022/1973/1919
f 2022/1973/1920 2072/2023/1920 2073/2024/1920 2023/1974/1920
f 2023/1974/1921 2073/2024/1921 2074/2025/1921 2024/1975/1921
f 2024/1975/1922 2074/2025/1922 2075/2026/1922 2025/1976/1922
f 2025/1976/1923 2075/2026/1923 2076/2027/1923 2026/1977/1923
f 2026/1977/1924 2076/2027/1924 2077/2028/1924 2027/1978/1924
f 2027/1978/1925 2077/2028/1925 2078/2029/1925 2028/1979/1925
f 2028/1979/1926 2078/2029/1926 2079/2030/1926 2029/1980/1926
f 2029/1980/1927 2079/2030/1927 2080/2031/1927 2030/1981/1927
f 2030/1981/1928 2080/2031/1928 2081/2032/1928 2031/1982/1928
f 2031/1982/1929 2081/2032/1929 2082/2033/1929 2032/1983/1929
f 2032/1983/1930 2082/2033/1930 2083/2034/1930 2033/1984/1930
f 2033/1984/1931 2083/2034/1931 2084/2035/1931 2034/1985/1931
f 2034/1985/1932 2084/2035/1932 2085/2036/1932 2035/1986/1932
f 2035/1986/1933 2085/2036/1933 2086/2037/1933 2036/1987/1933
f 2036/1987/1934 2086/2037/1934 2087/2038/1934 2037/1988/1934
f 2037/1988/1935 2087/2038/1935 2088/2039/1935 2038/1989/1935
f 2038/1989/1936 2088/2039/1936 2089/2040/1936 2039/1990/1936
f 2039/1990/1937 2089/2040/1937 2090/2041/1937 2040/1991/1937
f 2040/1991/1938 2090/2041/1938 2091/2042/1938 2041/1992/1938
f 2041/1992/1939 2091/2042/1939 2092/2043/1939 2042/1993/1939
f 2042/1993/1940 2092/2043/1940 2093/2044/1940 2043/1994/1940
f 2043/1994/1941 2093/2044/1941 2094/2045/1941 2044/1995/1941
f 2044/1995/1942 2094/2045/1942 2095/2046/1942 2045/1996/1942
f 2045/1996/1943 2095/2046/1943 2096/2047/1943 2046/1997/1943
f 2046/1997/1944 2096/2047/1944 2097/2048/1944 2047/1998/1944
f 2047/1998/1945 2097/2048/1945 2098/2049/1945 2048/1999/1945
f 2048/1999/1946 2098/2049/1946 2099/2050/1946 2049/2000/1946
f 2049/2000/1947 2099/2050/1947 2100/2051/1947 2050/2001/1947
f 2050/2001/1948 2100/2051/1948 2101/2052/1948 2051/2002/1948
f 2051/2002/1949 2101/2052/1949 2102/2053/1949 2052/2003/1949
f 2052/2003/1950 2102/2053/1950 2103/2054/1950 2053/2004/1950
f 2053/2004/1951 2103/2054/1951 2104/81/1951 2054/79/1951
f 92/2005/1952 93/2055/1952 2105/2056/1952 2055/2006/1952
f 2055/2006/1953 2105/2056/1953 2106/2057/1953 2056/2007/1953
f 2056/2007/1954 2106/2057/1954 2107/2058/1954 2057/2008/1954
f 2057/2008/1955 2107/2058/1955 2108/2059/1955 2058/2009/1955
f 2058/2009/1956 2108/2059/1956 2109/2060/1956 2059/2010/1956
f 2059/2010/1957 2109/2060/1957 2110/2061/1957 2060/2011/1957
f 2060/2011/1958 2110/2061/1958 2111/2062/1958 2061/2012/1958
f 2061/2012/1959 2111/2062/1959 2112/2063/1959 2062/2013/1959
f 2062/2013/1960 2112/2063/1960 2113/2064/1960 2063/2014/1960
f 2063/2014/1961 2113/2064/1961 2114/2065/1961 2064/2015/1961
f 2064/2015/1962 2114/2065/1962 2115/2066/1962 2065/2016/1962
f 2065/2016/1963 2115/2066/1963 2116/2067/1963 2066/2017/1963
f 2066/2017/1964 2116/2067/1964 2117/2068/1964 2067/2018/1964
f 2067/2018/1965 2117/2068/1965 2118/2069/1965 2068/2019/1965
f 2068/2019/1966 2118/2069/1966 2119/2070/1966 2069/2020/1966
f 2069/2020/1967 2119/2070/1967 2120/2071/1967 2070/2021/1967
f 2070/2021/1968 2120/2071/1968 2121/2072/1968 2071/2022/1968
f 2071/2022/1969 2121/2072/1969 2122/2073/1969 2072/2023/1969
f 2072/2023/1970 2122/2073/1970 2123/2074/1970 2073/2024/1970
f 2073/2024/1971 2123/2074/1971 2124/2075/1971 2074/2025/1971
f 2074/2025/1972 2124/2075/1972 2125/2076/1972 2075/2026/1972
f 2075/2026/1973 2125/2076/1973 2126/2077/1973 2076/2027/1973
f 2076/2027/1974 2126/2077/1974 2127/2078/1974 2077/2028/1974
f 2077/2028/1975 2127/2078/1975 2128/2079/1975 2078/2029/1975
f 2078/2029/1976 2128/2079/1976 2129/2080/1976 2079/2030/1976
f 2079/2030/1977 2129/2080/1977 2130/2081/1977 2080/2031/1977
f 2080/2031/1978 2130/2081/1978 2131/2082/1978 2081/2032/1978
f 2081/2032/1979 2131/2082/1979 2132/2083/1979 2082/2033/1979
f 2082/2033/1980 2132/2083/1980 2133/2084/1980 2083/2034/1980
f 2083/2034/1981 2133/2084/1981 2134/2085/1981 2084/2035/1981
f 2084/2035/1982 2134/2085/1982 2135/2086/1982 2085/2036/1982
f 2085/2036/1983 2135/2086/1983 2136/2087/1983 2086/2037/1983
f 2086/2037/1984 2136/2087/1984 2137/2088/1984 2087/2038/1984
f 2087/2038/1985 2137/2088/1985 2138/2089/1985 2088/2039/1985
f 2088/2039/1986 2138/2089/1986 2139/2090/1986 2089/2040/1986
f 2089/2040/1987 2139/2090/1987 2140/2091/1987 2090/2041/1987
f 2090/2041/1988 2140/2091/1988 2141/2092/1988 2091/2042/1988
f 2091/2042/1989 2141/2092/1989 2142/2093/1989 2092/2043/1989
f 2092/2043/1990 2142/2093/1990 2143/2094/1990 2093/2044/1990
f 2093/2044/1991 2143/2094/1991 2144/2095/1991 2094/2045/1991
f 2094/2045/1992 2144/2095/1992 2145/2096/1992 2095/2046/1992
f 2095/2046/1993 2145/2096/1993 2146/2097/1993 2096/2047/1993
f 2096/2047/1994 2146/2097/1994 2147/2098/1994 2097/2048/1994
f 2097/2048/1995 2147/2098/1995 2148/2099/1995 2098/2049/1995
f 2098/2049/1996 2148/2099/1996 2149/2100/1996 2099/2050/1996
f 2099/2050/1997 2149/2100/1997 2150/2101/1997 2100/2051/1997
f 2100/2051/1998 2150/2101/1998 2151/2102/1998 2101/2052/1998
f 2101/2052/1999 2151/2102/1999 2152/2103/1999 2102/2053/1999
f 2102/2053/2000 2152/2103/2000 2153/2104/2000 2103/2054/2000
f 2103/2054/2001 2153/2104/2001 2154/83/2001 2104/81/2001
f 93/2055/2002 94/2105/2002 2155/2106/2002 2105/2056/2002
f 2105/2056/2003 2155/2106/2003 2156/2107/2003 2106/2057/2003
f 2106/2057/2004 2156/2107/2004 2157/2108/2004 2107/2058/2004
f 2107/2058/2005 2157/2108/2005 2158/2109/2005 2108/2059/2005
f 2108/2059/2006 2158/2109/2006 2159/2110/2006 2109/2060/2006
f 2109/2060/2007 2159/2110/2007 2160/2111/2007 2110/2061/2007
f 2110/2061/2008 2160/2111/2008 2161/2112/2008 2111/2062/2008
f 2111/2062/2009 2161/2112/2009 2162/2113/2009 2112/2063/2009
f 2112/2063/2010 2162/2113/2010 2163/2114/2010 2113/2064/2010
f 2113/2064/2011 2163/2114/2011 2164/2115/2011 2114/2065/2011
f 2114/2065/2012 2164/2115/2012 2165/2116/2012 2115/2066/2012
f 2115/2066/2013 2165/2116/2013 2166/2117/2013 2116/2067/2013
f 2116/2067/2014 2166/2117/2014 2167/2118/2014 2117/2068/2014
f 2117/2068/2015 2167/2118/2015 2168/2119/2015 2118/2069/2015
f 2118/2069/2016 2168/2119/2016 2169/2120/2016 2119/2070/2016
f 2119/2070/2017 2169/2120/2017 2170/2121/2017 2120/2071/2017
f 2120/2071/2018 2170/2121/2018 2171/2122/2018 2121/2072/2018
f 2121/2072/1874 2171/2122/1874 2172/2123/1874 2122/2073/1874
f 2122/2073/2019 2172/2123/2019 2173/2124/2019 2123/2074/2019
f 2123/2074/2020 2173/2124/2020 2174/2125/2020 2124/2075/2020
f 2124/2075/2021 2174/2125/2021 2175/2126/2021 2125/2076/2021
f 2125/2076/2022 2175/2126/2022 2176/2127/2022 2126/2077/2022
f 2126/2077/2023 2176/2127/2023 2177/2128/2023 2127/2078/2023
f 2127/2078/2024 2177/2128/2024 2178/2129/2024 2128/2079/2024
f 2128/2079/2025 2178/2129/2025 2179/2130/2025 2129/2080/2025
f 2129/2080/2026 2179/2130/2026 2180/2131/2026 2130/2081/2026
f 2130/2081/2027 2180/2131/2027 2181/2132/2027 2131/2082/2027
f 2131/2082/2028 2181/2132/2028 2182/2133/2028 2132/2083/2028
f 2132/2083/2029 2182/2133/2029 2183/2134/2029 2133/2084/2029
f 2133/2084/2030 2183/2134/2030 2184/2135/2030 2134/2085/2030
f 2134/2085/2031 2184/2135/2031 2185/2136/2031 2135/2086/2031
f 2135/2086/2032 2185/2136/2032 2186/2137/2032 2136/2087/2032
f 2136/2087/2033 2186/2137/2033 2187/2138/2033 2137/2088/2033
f 2137/2088/2034 2187/2138/2034 2188/2139/2034 2138/2089/2034
f 2138/2089/2035 2188/2139/2035 2189/2140/2035 2139/2090/2035
f 2139/2090/2036 2189/2140/2036 2190/2141/2036 2140/2091/2036
f 2140/2091/2037 2190/2141/2037 2191/2142/2037 2141/2092/2037
f 2141/2092/2038 2191/2142/2038 2192/2143/2038 2142/2093/2038
f 2142/2093/2039 2192/2143/2039 2193/2144/2039 2143/2094/2039
f 2143/2094/2040 2193/2144/2040 2194/2145/2040 2144/2095/2040
f 2144/2095/2041 2194/2145/2041 2195/2146/2041 2145/2096/2041
f 2145/2096/2042 2195/2146/2042 2196/2147/2042 2146/2097/2042
f 2146/2097/2043 2196/2147/2043 2197/2148/2043 2147/2098/2043
f 2147/2098/2044 2197/2148/2044 2198/2149/2044 2148/2099/2044
f 2148/2099/2045 2198/2149/2045 2199/2150/2045 2149/2100/2045
f 2149/2100/2046 2199/2150/2046 2200/2151/2046 2150/2101/2046
f 2150/2101/2047 2200/2151/2047 2201/2152/2047 2151/2102/2047
f 2151/2102/2048 2201/2152/2048 2202/2153/2048 2152/2103/2048
f 2152/2103/2049 2202/2153/2049 2203/2154/2049 2153/2104/2049
f 2153/2104/2050 2203/2154/2050 2204/85/2050 2154/83/2050
f 94/2105/2051 95/2155/2051 2205/2156/2051 2155/2106/2051
f 2155/2106/2052 2205/2156/2052 2206/2157/2052 2156/2107/2052
f 2156/2107/2053 2206/2157/2053 2207/2158/2053 2157/2108/2053
f 2157/2108/2054 2207/2158/2054 2208/2159/2054 2158/2109/2054
f 2158/2109/2055 2208/2159/2055 2209/2160/2055 2159/2110/2055
f 2159/2110/2056 2209/2160/2056 2210/2161/2056 2160/2111/2056
f 2160/2111/2057 2210/2161/2057 2211/2162/2057 2161/2112/2057
f 2161/2112/2058 2211/2162/2058 2212/2163/2058 2162/2113/2058
f 2162/2113/2059 2212/2163/2059 2213/2164/2059 2163/2114/2059
f 2163/2114/2060 2213/2164/2060 2214/2165/2060 2164/2115/2060
f 2164/2115/2061 2214/2165/2061 2215/2166/2061 2165/2116/2061
f 2165/2116/2062 2215/2166/2062 2216/2167/2062 2166/2117/2062
f 2166/2117/2063 2216/2167/2063 2217/2168/2063 2167/2118/2063
f 2167/2118/2064 2217/2168/2064 2218/2169/2064 2168/2119/2064
f 2168/2119/2065 2218/2169/2065 2219/2170/2065 2169/2120/2065
f 2169/2120/2066 2219/2170/2066 2220/2171/2066 2170/2121/2066
f 2170/2121/2067 2220/2171/2067 2221/2172/2067 2171/2122/2067
f 2171/2122/2068 2221/2172/2068 2222/2173/2068 2172/2123/2068
f 2172/2123/2069 2222/2173/2069 2223/2174/2069 2173/2124/2069
f 2173/2124/2070 2223/2174/2070 2224/2175/2070 2174/2125/2070
f 2174/2125/2071 2224/2175/2071 2225/2176/2071 2175/2126/2071
f 2175/2126/2072 2225/2176/2072 2226/2177/2072 2176/2127/2072
f 2176/2127/2073 2226/2177/2073 2227/2178/2073 2177/2128/2073
f 2177/2128/2074 2227/2178/2074 2228/2179/2074 2178/2129/2074
f 2178/2129/2075 2228/2179/2075 2229/2180/2075 2179/2130/2075
f 2179/2130/2076 2229/2180/2076 2230/2181/2076 2180/2131/2076
f 2180/2131/2077 2230/2181/2077 2231/2182/2077 2181/2132/2077
f 2181/2132/2078 2231/2182/2078 2232/2183/2078 2182/2133/2078
f 2182/2133/2079 2232/2183/2079 2233/2184/2079 2183/2134/2079
f 2183/2134/2080 2233/2184/2080 2234/2185/2080 2184/2135/2080
f 2184/2135/2081 2234/2185/2081 2235/2186/2081 2185/2136/2081
f 2185/2136/2082 2235/2186/2082 2236/2187/2082 2186/2137/2082
f 2186/2137/2083 2236/2187/2083 2237/2188/2083 2187/2138/2083
f 2187/2138/2084 2237/2188/2084 2238/2189/2084 2188/2139/2084
f 2188/2139/2085 2238/2189/2085 2239/2190/2085 2189/2140/2085
f 2189/2140/2086 2239/2190/2086 2240/2191/2086 2190/2141/2086
f 2190/2141/2087 2240/2191/2087 2241/2192/2087 2191/2142/2087
f 2191/2142/2088 2241/2192/2088 2242/2193/2088 2192/2143/2088
f 2192/2143/2089 2242/2193/2089 2243/2194/2089 2193/2144/2089
f 2193/2144/2090 2243/2194/2090 2244/2195/2090 2194/2145/2090
f 2194/2145/2091 2244/2195/2091 2245/2196/2091 2195/2146/2091
f 2195/2146/2092 2245/2196/2092 2246/2197/2092 2196/2147/2092
f 2196/2147/2093 2246/2197/2093 2247/2198/2093 2197/2148/2093
f 2197/2148/2094 2247/2198/2094 2248/2199/2094 2198/2149/2094
f 2198/2149/2095 2248/2199/2095 2249/2200/2095 2199/2150/2095
f 2199/2150/2096 2249/2200/2096 2250/2201/2096 2200/2151/2096
f 2200/2151/2097 2250/2201/2097 2251/2202/2097 2201/2152/2097
f 2201/2152/2098 2251/2202/2098 2252/2203/2098 2202/2153/2098
f 2202/2153/2099 2252/2203/2099 2253/2204/2099 2203/2154/2099
f 2203/2154/2100 2253/2204/2100 2254/87/2100 2204/85/2100
f 95/2155/2101 96/2205/2101 2255/2206/2101 2205/2156/2101
f 2205/2156/2102 2255/2206/2102 2256/2207/2102 2206/2157/2102
f 2206/2157/2103 2256/2207/2103 2257/2208/2103 2207/2158/2103
f 2207/2158/2104 2257/2208/2104 2258/2209/2104 2208/2159/2104
f 2208/2159/2105 2258/2209/2105 2259/2210/2105 2209/2160/2105
f 2209/2160/2106 2259/2210/2106 2260/2211/2106 2210/2161/2106
f 2210/2161/2107 2260/2211/2107 2261/2212/2107 2211/2162/2107
f 2211/2162/2108 2261/2212/2108 2262/2213/2108 2212/2163/2108
f 2212/2163/2109 2262/2213/2109 2263/2214/2109 2213/2164/2109
f 2213/2164/2110 2263/2214/2110 2264/2215/2110 2214/2165/2110
f 2214/2165/2111 2264/2215/2111 2265/2216/2111 2215/2166/2111
f 2215/2166/2112 2265/2216/2112 2266/2217/2112 2216/2167/2112
f 2216/2167/2113 2266/2217/2113 2267/2218/2113 2217/2168/2113
f 2217/2168/2114 2267/2218/2114 2268/2219/2114 2218/2169/2114
f 2218/2169/2115 2268/2219/2115 2269/2220/2115 2219/2170/2115
f 2219/2170/2116 2269/2220/2116 2270/2221/2116 2220/2171/2116
f 2220/2171/2117 2270/2221/2117 2271/2222/2117 2221/2172/2117
f 2221/2172/2118 2271/2222/2118 2272/2223/2118 2222/2173/2118
f 2222/2173/2119 2272/2223/2119 2273/2224/2119 2223/2174/2119
f 2223/2174/2120 2273/2224/2120 2274/2225/2120 2224/2175/2120
f 2224/2175/2121 2274/2225/2121 2275/2226/2121 2225/2176/2121
f 2225/2176/2122 2275/2226/2122 2276/2227/2122 2226/2177/2122
f 2226/2177/2123 2276/2227/2123 2277/2228/2123 2227/2178/2123
f 2227/2178/2124 2277/2228/2124 2278/2229/2124 2228/2179/2124
f 2228/2179/2125 2278/2229/2125 2279/2230/2125 2229/2180/2125
f 2229/2180/2126 2279/2230/2126 2280/2231/2126 2230/2181/2126
f 2230/2181/2127 2280/2231/2127 2281/2232/2127 2231/2182/2127
f 2231/2182/2128 2281/2232/2128 2282/2233/2128 2232/2183/2128
f 2232/2183/2129 2282/2233/2129 2283/2234/2129 2233/2184/2129
f 2233/2184/2130 2283/2234/2130 2284/2235/2130 2234/2185/2130
f 2234/2185/2131 2284/2235/2131 2285/2236/2131 2235/2186/2131
f 2235/2186/2132 2285/2236/2132 2286/2237/2132 2236/2187/2132
f 2236/2187/2133 2286/2237/2133 2287/2238/2133 2237/2188/2133
f 2237/2188/2134 2287/2238/2134 2288/2239/2134 2238/2189/2134
f 2238/2189/2135 2288/2239/2135 2289/2240/2135 2239/2190/2135
f 2239/2190/2136 2289/2240/2136 2290/2241/2136 2240/2191/2136
f 2240/2191/2137 2290/2241/2137 2291/2242/2137 2241/2192/2137
f 2241/2192/2138 2291/2242/2138 2292/2243/2138 2242/2193/2138
f 2242/2193/2139 2292/2243/2139 2293/2244/2139 2243/2194/2139
f 2243/2194/2140 2293/2244/2140 2294/2245/2140 2244/2195/2140
f 2244/2195/2141 2294/2245/2141 2295/2246/2141 2245/2196/2141
f 2245/2196/2142 2295/2246/2142 2296/2247/2142 2246/2197/2142
f 2246/2197/2143 2296/2247/2143 2297/2248/2143 2247/2198/2143
f 2247/2198/2144 2297/2248/2144 2298/2249/2144 2248/2199/2144
f 2248/2199/2145 2298/2249/2145 2299/2250/2145 2249/2200/2145
f 2249/2200/2146 2299/2250/2146 2300/2251/2146 2250/2201/2146
f 2250/2201/2147 2300/2251/2147 2301/2252/2147 2251/2202/2147
f 2251/2202/2148 2301/2252/2148 2302/2253/2148 2252/2203/2148
f 2252/2203/2149 2302/2253/2149 2303/2254/2149 2253/2204/2149
f 2253/2204/2150 2303/2254/2150 2304/89/2150 2254/87/2150
f 96/2205/2151 97/2255/2151 2305/2256/2151 2255/2206/2151
f 2255/2206/2152 2305/2256/2152 2306/2257/2152 2256/2207/2152
f 2256/2207/2153 2306/2257/2153 2307/2258/2153 2257/2208/2153
f 2257/2208/2154 2307/2258/2154 2308/2259/2154 2258/2209/2154
f 2258/2209/2155 2308/2259/2155 2309/2260/2155 2259/2210/2155
f 2259/2210/2156 2309/2260/2156 2310/2261/2156 2260/2211/2156
f 2260/2211/2157 2310/2261/2157 2311/2262/2157 2261/2212/2157
f 2261/2212/2158 2311/2262/2158 2312/2263/2158 2262/2213/2158
f 2262/2213/2159 2312/2263/2159 2313/2264/2159 2263/2214/2159
f 2263/2214/2160 2313/2264/2160 2314/2265/2160 2264/2215/2160
f 2264/2215/2161 2314/2265/2161 2315/2266/2161 2265/2216/2161
f 2265/2216/2162 2315/2266/2162 2316/2267/2162 2266/2217/2162
f 2266/2217/2163 2316/2267/2163 2317/2268/2163 2267/2218/2163
f 2267/2218/2164 2317/2268/2164 2318/2269/2164 2268/2219/2164
f 2268/2219/2165 2318/2269/2165 2319/2270/2165 2269/2220/2165
f 2269/2220/2166 2319/2270/2166 2320/2271/2166 2270/2221/2166
f 2270/2221/2167 2320/2271/2167 2321/2272/2167 2271/2222/2167
f 2271/2222/2168 2321/2272/2168 2322/2273/2168 2272/2223/2168
f 2272/2223/2169 2322/2273/2169 2323/2274/2169 2273/2224/2169
f 2273/2224/2170 2323/2274/2170 2324/2275/2170 2274/2225/2170
f 2274/2225/2171 2324/2275/2171 2325/2276/2171 2275/2226/2171
f 2275/2226/2172 2325/2276/2172 2326/2277/2172 2276/2227/2172
f 2276/2227/2173 2326/2277/2173 2327/2278/2173 2277/2228/2173
f 2277/2228/2174 2327/2278/2174 2328/2279/2174 2278/2229/2174
f 2278/2229/2175 2328/2279/2175 2329/2280/2175 2279/2230/2175
f 2279/2230/2176 2329/2280/2176 2330/2281/2176 2280/2231/2176
f 2280/2231/2177 2330/2281/2177 2331/2282/2177 2281/2232/2177
f 2281/2232/2178 2331/2282/2178 2332/2283/2178 2282/2233/2178
f 2282/2233/2179 2332/2283/2179 2333/2284/2179 2283/2234/2179
f 2283/2234/2180 2333/2284/2180 2334/2285/2180 2284/2235/2180
f 2284/2235/2181 2334/2285/2181 2335/2286/2181 2285/2236/2181
f 2285/2236/2182 2335/2286/2182 2336/2287/2182 2286/2237/2182
f 2286/2237/2183 2336/2287/2183 2337/2288/2183 2287/2238/2183
f 2287/2238/2184 2337/2288/2184 2338/2289/2184 2288/2239/2184
f 2288/2239/2185 2338/2289/2185 2339/2290/2185 2289/2240/2185
f 2289/2240/2186 2339/2290/2186 2340/2291/2186 2290/2241/2186
f 2290/2241/2187 2340/2291/2187 2341/2292/2187 2291/2242/2187
f 2291/2242/2188 2341/2292/2188 2342/2293/2188 2292/2243/2188
f 2292/2243/2189 2342/2293/2189 2343/2294/2189 2293/2244/2189
f 2293/2244/2190 2343/2294/2190 2344/2295/2190 2294/2245/2190
f 2294/2245/2191 2344/2295/2191 2345/2296/2191 2295/2246/2191
f 2295/2246/2192 2345/2296/2192 2346/2297/2192 2296/2247/2192
f 2296/2247/2193 2346/2297/2193 2347/2298/2193 2297/2248/2193
f 2297/2248/2194 2347/2298/2194 2348/2299/2194 2298/2249/2194
f 2298/2249/2195 2348/2299/2195 2349/2300/2195 2299/2250/2195
f 2299/2250/2196 2349/2300/2196 2350/2301/2196 2300/2251/2196
f 2300/2251/2197 2350/2301/2197 2351/2302/2197 2301/2252/2197
f 2301/2252/2198 2351/2302/2198 2352/2303/2198 2302/2253/2198
f 2302/2253/2199 2352/2303/2199 2353/2304/2199 2303/2254/2199
f 2303/2254/2200 2353/2304/2200 2354/91/2200 2304/89/2200
f 97/2255/2201 98/2305/2201 2355/2306/2201 2305/2256/2201
f 2305/2256/2202 2355/2306/2202 2356/2307/2202 2306/2257/2202
f 2306/2257/2203 2356/2307/2203 2357/2308/2203 2307/2258/2203
f 2307/2258/2204 2357/2308/2204 2358/2309/2204 2308/2259/2204
f 2308/2259/2205 2358/2309/2205 2359/2310/2205 2309/2260/2205
f 2309/2260/2206 2359/2310/2206 2360/2311/2206 2310/2261/2206
f 2310/2261/2207 2360/2311/2207 2361/2312/2207 2311/2262/2207
f 2311/2262/2208 2361/2312/2208 2362/2313/2208 2312/2263/2208
f 2312/2263/2209 2362/2313/2209 2363/2314/2209 2313/2264/2209
f 2313/2264/2210 2363/2314/2210 2364/2315/2210 2314/2265/2210
f 2314/2265/2211 2364/2315/2211 2365/2316/2211 2315/2266/2211
f 2315/2266/2212 2365/2316/2212 2366/2317/2212 2316/2267/2212
f 2316/2267/2213 2366/2317/2213 2367/2318/2213 2317/2268/2213
f 2317/2268/2214 2367/2318/2214 2368/2319/2214 2318/2269/2214
f 2318/2269/2215 2368/2319/2215 2369/2320/2215 2319/2270/2215
f 2319/2270/2216 2369/2320/2216 2370/2321/2216 2320/2271/2216
f 2320/2271/2217 2370/2321/2217 2371/2322/2217 2321/2272/2217
f 2321/2272/2218 2371/2322/2218 2372/2323/2218 2322/2273/2218
f 2322/2273/2219 2372/2323/2219 2373/2324/2219 2323/2274/2219
f 2323/2274/2220 2373/2324/2220 2374/2325/2220 2324/2275/2220
f 2324/2275/2221 2374/2325/2221 2375/2326/2221 2325/2276/2221
f 2325/2276/2222 2375/2326/2222 2376/2327/2222 2326/2277/2222
f 2326/2277/2223 2376/2327/2223 2377/2328/2223 2327/2278/2223
f 2327/2278/2224 2377/2328/2224 2378/2329/2224 2328/2279/2224
f 2328/2279/2225 2378/2329/2225 2379/2330/2225 2329/2280/2225
f 2329/2280/2226 2379/2330/2226 2380/2331/2226 2330/2281/2226
f 2330/2281/2227 2380/2331/2227 2381/2332/2227 2331/2282/2227
f 2331/2282/2228 2381/2332/2228 2382/2333/2228 2332/2283/2228
f 2332/2283/2229 2382/2333/2229 2383/2334/2229 2333/2284/2229
f 2333/2284/2230 2383/2334/2230 2384/2335/2230 2334/2285/2230
f 2334/2285/2231 2384/2335/2231 2385/2336/2231 2335/2286/2231
f 2335/2286/2232 2385/2336/2232 2386/2337/2232 2336/2287/2232
f 2336/2287/2233 2386/2337/2233 2387/2338/2233 2337/2288/2233
f 2337/2288/2234 2387/2338/2234 2388/2339/2234 2338/2289/2234
f 2338/2289/2235 2388/2339/2235 2389/2340/2235 2339/2290/2235
f 2339/2290/2236 2389/2340/2236 2390/2341/2236 2340/2291/2236
f 2340/2291/2237 2390/2341/2237 2391/2342/2237 2341/2292/2237
f 2341/2292/2238 2391/2342/2238 2392/2343/2238 2342/2293/2238
f 2342/2293/2239 2392/2343/2239 2393/2344/2239 2343/2294/2239
f 2343/2294/2240 2393/2344/2240 2394/2345/2240 2344/2295/2240
f 2344/2295/2241 2394/2345/2241 2395/2346/2241 2345/2296/2241
f 2345/2296/2242 2395/2346/2242 2396/2347/2242 2346/2297/2242
f 2346/2297/2243 2396/2347/2243 2397/2348/2243 2347/2298/2243
f 2347/2298/2244 2397/2348/2244 2398/2349/2244 2348/2299/2244
f 2348/2299/2245 2398/2349/2245 2399/2350/2245 2349/2300/2245
f 2349/2300/2246 2399/2350/2246 2400/2351/2246 2350/2301/2246
f 2350/2301/2247 2400/2351/2247 2401/2352/2247 2351/2302/2247
f 2351/2302/2248 2401/2352/2248 2402/2353/2248 2352/2303/2248
f 2352/2303/2249 2402/2353/2249 2403/2354/2249 2353/2304/2249
f 2353/2304/2250 2403/2354/2250 2404/93/2250 2354/91/2250
f 98/2305/2251 99/2355/2251 2405/2356/2251 2355/2306/2251
f 2355/2306/2252 2405/2356/2252 2406/2357/2252 2356/2307/2252
f 2356/2307/2253 2406/2357/2253 2407/2358/2253 2357/2308/2253
f 2357/2308/2254 2407/2358/2254 2408/2359/2254 2358/2309/2254
f 2358/2309/2255 2408/2359/2255 2409/2360/2255 2359/2310/2255
f 2359/2310/2256 2409/2360/2256 2410/2361/2256 2360/2311/2256
f 2360/2311/2257 2410/2361/2257 2411/2362/2257 2361/2312/2257
f 2361/2312/2258 2411/2362/2258 2412/2363/2258 2362/2313/2258
f 2362/2313/2259 2412/2363/2259 2413/2364/2259 2363/2314/2259
f 2363/2314/2260 2413/2364/2260 2414/2365/2260 2364/2315/2260
f 2364/2315/2261 2414/2365/2261 2415/2366/2261 2365/2316/2261
f 2365/2316/2262 2415/2366/2262 2416/2367/2262 2366/2317/2262
f 2366/2317/2263 2416/2367/2263 2417/2368/2263 2367/2318/2263
f 2367/2318/2264 2417/2368/2264 2418/2369/2264 2368/2319/2264
f 2368/2319/2265 2418/2369/2265 2419/2370/2265 2369/2320/2265
f 2369/2320/2266 2419/2370/2266 2420/2371/2266 2370/2321/2266
f 2370/2321/2267 2420/2371/2267 2421/2372/2267 2371/2322/2267
f 2371/2322/2268 2421/2372/2268 2422/2373/2268 2372/2323/2268
f 2372/2323/2269 2422/2373/2269 2423/2374/2269 2373/2324/2269
f 2373/2324/2270 2423/2374/2270 2424/2375/2270 2374/2325/2270
f 2374/2325/2271 2424/2375/2271 2425/2376/2271 2375/2326/2271
f 2375/2326/2272 2425/2376/2272 2426/2377/2272 2376/2327/2272
f 2376/2327/2273 2426/2377/2273 2427/2378/2273 2377/2328/2273
f 2377/2328/2274 2427/2378/2274 2428/2379/2274 2378/2329/2274
f 2378/2329/2275 2428/2379/2275 2429/2380/2275 2379/2330/2275
f 2379/2330/2276 2429/2380/2276 2430/2381/2276 2380/2331/2276
f 2380/2331/2277 2430/2381/2277 2431/2382/2277 2381/2332/2277
f 2381/2332/2278 2431/2382/2278 2432/2383/2278 2382/2333/2278
f 2382/2333/2279 2432/2383/2279 2433/2384/2279 2383/2334/2279
f 2383/2334/2280 2433/2384/2280 2434/2385/2280 2384/2335/2280
f 2384/2335/2281 2434/2385/2281 2435/2386/2281 2385/2336/2281
f 2385/2336/2282 2435/2386/2282 2436/2387/2282 2386/2337/2282
f 2386/2337/2283 2436/2387/2283 2437/2388/2283 2387/2338/2283
f 2387/2338/2284 2437/2388/2284 2438/2389/2284 2388/2339/2284
f 2388/2339/2285 2438/2389/2285 2439/2390/2285 2389/2340/2285
f 2389/2340/2286 2439/2390/2286 2440/2391/2286 2390/2341/2286
f 2390/2341/2287 2440/2391/2287 2441/2392/2287 2391/2342/2287
f 2391/2342/2288 2441/2392/2288 2442/2393/2288 2392/2343/2288
f 2392/2343/2289 2442/2393/2289 2443/2394/2289 2393/2344/2289
f 2393/2344/2290 2443/2394/2290 2444/2395/2290 2394/2345/2290
f 2394/2345/2291 2444/2395/2291 2445/2396/2291 2395/2346/2291
f 2395/2346/2292 2445/2396/2292 2446/2397/2292 2396/2347/2292
f 2396/2347/2293 2446/2397/2293 2447/2398/2293 2397/2348/2293
f 2397/2348/2294 2447/2398/2294 2448/2399/2294 2398/2349/2294
f 2398/2349/2295 2448/2399/2295 2449/2400/2295 2399/2350/2295
f 2399/2350/2296 2449/2400/2296 2450/2401/2296 2400/2351/2296
f 2400/2351/2297 2450/2401/2297 2451/2402/2297 2401/2352/2297
f 2401/2352/2298 2451/2402/2298 2452/2403/2298 2402/2353/2298
f 2402/2353/2299 2452/2403/2299 2453/2404/2299 2403/2354/2299
f 2403/2354/2300 2453/2404/2300 2454/95/2300 2404/93/2300
f 99/2355/2301 100/2405/2301 2455/2406/2301 2405/2356/2301
f 2405/2356/2302 2455/2406/2302 2456/2407/2302 2406/2357/2302
f 2406/2357/2303 2456/2407/2303 2457/2408/2303 2407/2358/2303
f 2407/2358/2304 2457/2408/2304 2458/2409/2304 2408/2359/2304
f 2408/2359/2305 2458/2409/2305 2459/2410/2305 2409/2360/2305
f 2409/2360/2306 2459/2410/2306 2460/2411/2306 2410/2361/2306
f 2410/2361/2307 2460/2411/2307 2461/2412/2307 2411/2362/2307
f 2411/2362/2308 2461/2412/2308 2462/2413/2308 2412/2363/2308
f 2412/2363/2309 2462/2413/2309 2463/2414/2309 2413/2364/2309
f 2413/2364/2310 2463/2414/2310 2464/2415/2310 2414/2365/2310
f 2414/2365/2311 2464/2415/2311 2465/2416/2311 2415/2366/2311
f 2415/2366/2312 2465/2416/2312 2466/2417/2312 2416/2367/2312
f 2416/2367/2313 2466/2417/2313 2467/2418/2313 2417/2368/2313
f 2417/2368/2314 2467/2418/2314 2468/2419/2314 2418/2369/2314
f 2418/2369/2315 2468/2419/2315 2469/2420/2315 2419/2370/2315
f 2419/2370/2316 2469/2420/2316 2470/2421/2316 2420/2371/2316
f 2420/2371/2317 2470/2421/2317 2471/2422/2317 2421/2372/2317
f 2421/2372/2318 2471/2422/2318 2472/2423/2318 2422/2373/2318
f 2422/2373/2319 2472/2423/2319 2473/2424/2319 2423/2374/2319
f 2423/2374/2320 2473/2424/2320 2474/2425/2320 2424/2375/2320
f 2424/2375/2321 2474/2425/2321 2475/2426/2321 2425/2376/2321
f 2425/2376/2322 2475/2426/2322 2476/2427/2322 2426/2377/2322
f 2426/2377/2323 2476/2427/2323 2477/2428/2323 2427/2378/2323
f 2427/2378/2324 2477/2428/2324 2478/2429/2324 2428/2379/2324
f 2428/2379/2325 2478/2429/2325 2479/2430/2325 2429/2380/2325
f 2429/2380/2326 2479/2430/2326 2480/2431/2326 2430/2381/2326
f 2430/2381/2327 2480/2431/2327 2481/2432/2327 2431/2382/2327
f 2431/2382/2328 2481/2432/2328 2482/2433/2328 2432/2383/2328
f 2432/2383/2329 2482/2433/2329 2483/2434/2329 2433/2384/2329
f 2433/2384/2330 2483/2434/2330 2484/2435/2330 2434/2385/2330
f 2434/2385/2331 2484/2435/2331 2485/2436/2331 2435/2386/2331
f 2435/2386/2332 2485/2436/2332 2486/2437/2332 2436/2387/2332
f 2436/2387/2333 2486/2437/2333 2487/2438/2333 2437/2388/2333
f 2437/2388/2334 2487/2438/2334 2488/2439/2334 2438/2389/2334
f 2438/2389/2335 2488/2439/2335 2489/2440/2335 2439/2390/2335
f 2439/2390/2336 2489/2440/2336 2490/2441/2336 2440/2391/2336
f 2440/2391/2337 2490/2441/2337 2491/2442/2337 2441/2392/2337
f 2441/2392/2338 2491/2442/2338 2492/2443/2338 2442/2393/2338
f 2442/2393/2339 2492/2443/2339 2493/2444/2339 2443/2394/2339
f 2443/2394/2340 2493/2444/2340 2494/2445/2340 2444/2395/2340
f 2444/2395/2341 2494/2445/2341 2495/2446/2341 2445/2396/2341
f 2445/2396/2342 2495/2446/2342 2496/2447/2342 2446/2397/2342
f 2446/2397/2343 2496/2447/2343 2497/2448/2343 2447/2398/2343
f 2447/2398/2344 2497/2448/2344 2498/2449/2344 2448/2399/2344
f 2448/2399/2345 2498/2449/2345 2499/2450/2345 2449/2400/2345
f 2449/2400/2346 2499/2450/2346 2500/2451/2346 2450/2401/2346
f 2450/2401/2347 2500/2451/2347 2501/2452/2347 2451/2402/2347
f 2451/2402/2348 2501/2452/2348 2502/2453/2348 2452/2403/2348
f 2452/2403/2349 2502/2453/2349 2503/2454/2349 2453/2404/2349
f 2453/2404/2350 2503/2454/2350 2504/97/2350 2454/95/2350
f 100/2405/2351 101/2455/2351 2505/2456/2351 2455/2406/2351
f 2455/2406/2352 2505/2456/2352 2506/2457/2352 2456/2407/2352
f 2456/2407/2353 2506/2457/2353 2507/2458/2353 2457/2408/2353
f 2457/2408/2354 2507/2458/2354 2508/2459/2354 2458/2409/2354
f 2458/2409/2355 2508/2459/2355 2509/2460/2355 2459/2410/2355
f 2459/2410/2356 2509/2460/2356 2510/2461/2356 2460/2411/2356
f 2460/2411/2357 2510/2461/2357 2511/2462/2357 2461/2412/2357
f 2461/2412/2358 2511/2462/2358 2512/2463/2358 2462/2413/2358
f 2462/2413/2359 2512/2463/2359 2513/2464/2359 2463/2414/2359
f 2463/2414/2360 2513/2464/2360 2514/2465/2360 2464/2415/2360
f 2464/2415/2361 2514/2465/2361 2515/2466/2361 2465/2416/2361
f 2465/2416/2362 2515/2466/2362 2516/2467/2362 2466/2417/2362
f 2466/2417/2363 2516/2467/2363 2517/2468/2363 2467/2418/2363
f 2467/2418/2364 2517/2468/2364 2518/2469/2364 2468/2419/2364
f 2468/2419/2365 2518/2469/2365 2519/2470/2365 2469/2420/2365
f 2469/2420/2366 2519/2470/2366 2520/2471/2366 2470/2421/2366
f 2470/2421/2367 2520/2471/2367 2521/2472/2367 2471/2422/2367
f 2471/2422/2368 2521/2472/2368 2522/2473/2368 2472/2423/2368
f 2472/2423/2369 2522/2473/2369 2523/2474/2369 2473/2424/2369
f 2473/2424/2370 2523/2474/2370 2524/2475/2370 2474/2425/2370
f 2474/2425/2371 2524/2475/2371 2525/2476/2371 2475/2426/2371
f 2475/2426/2372 2525/2476/2372 2526/2477/2372 2476/2427/2372
f 2476/2427/2373 2526/2477/2373 2527/2478/2373 2477/2428/2373
f 2477/2428/2374 2527/2478/2374 2528/2479/2374 2478/2429/2374
f 2478/2429/2375 2528/2479/2375 2529/2480/2375 2479/2430/2375
f 2479/2430/2376 2529/2480/2376 2530/2481/2376 2480/2431/2376
f 2480/2431/2377 2530/2481/2377 2531/2482/2377 2481/2432/2377
f 2481/2432/2378 2531/2482/2378 2532/2483/2378 2482/2433/2378
f 2482/2433/2379 2532/2483/2379 2533/2484/2379 2483/2434/2379
f 2483/2434/2380 2533/2484/2380 2534/2485/2380 2484/2435/2380
f 2484/2435/2381 2534/2485/2381 2535/2486/2381 2485/2436/2381
f 2485/2436/2382 2535/2486/2382 2536/2487/2382 2486/2437/2382
f 2486/2437/2383 2536/2487/2383 2537/2488/2383 2487/2438/2383
f 2487/2438/2384 2537/2488/2384 2538/2489/2384 2488/2439/2384
f 2488/2439/2385 2538/2489/2385 2539/2490/2385 2489/2440/2385
f 2489/2440/2386 2539/2490/2386 2540/2491/2386 2490/2441/2386
f 2490/2441/2387 2540/2491/2387 2541/2492/2387 2491/2442/2387
f 2491/2442/2388 2541/2492/2388 2542/2493/2388 2492/2443/2388
f 2492/2443/2389 2542/2493/2389 2543/2494/2389 2493/2444/2389
f 2493/2444/2390 2543/2494/2390 2544/2495/2390 2494/2445/2390
f 2494/2445/2391 2544/2495/2391 2545/2496/2391 2495/2446/2391
f 2495/2446/2392 2545/2496/2392 2546/2497/2392 2496/2447/2392
f 2496/2447/2393 2546/2497/2393 2547/2498/2393 2497/2448/2393
f 2497/2448/2394 2547/2498/2394 2548/2499/2394 2498/2449/2394
f 2498/2449/2395 2548/2499/2395 2549/2500/2395 2499/2450/2395
f 2499/2450/2396 2549/2500/2396 2550/2501/2396 2500/2451/2396
f 2500/2451/2397 2550/2501/2397 2551/2502/2397 2501/2452/2397
f 2501/2452/2398 2551/2502/2398 2552/2503/2398 2502/2453/2398
f 2502/2453/2399 2552/2503/2399 2553/2504/2399 2503/2454/2399
f 2503/2454/2400 2553/2504/2400 2554/99/2400 2504/97/2400
f 101/2455/2401 102/2505/2401 2555/2506/2401 2505/2456/2401
f 2505/2456/2402 2555/2506/2402 2556/2507/2402 2506/2457/2402
f 2506/2457/2403 2556/2507/2403 2557/2508/2403 2507/2458/2403
f 2507/2458/2404 2557/2508/2404 2558/2509/2404 2508/2459/2404
f 2508/2459/2405 2558/2509/2405 2559/2510/2405 2509/2460/2405
f 2509/2460/2406 2559/2510/2406 2560/2511/2406 2510/2461/2406
f 2510/2461/2407 2560/2511/2407 2561/2512/2407 2511/2462/2407
f 2511/2462/2408 2561/2512/2408 2562/2513/2408 2512/2463/2408
f 2512/2463/2409 2562/2513/2409 2563/2514/2409 2513/2464/2409
f 2513/2464/2410 2563/2514/2410 2564/2515/2410 2514/2465/2410
f 2514/2465/2411 2564/2515/2411 2565/2516/2411 2515/2466/2411
f 2515/2466/2411 2565/2516/2411 2566/2517/2411 2516/2467/2411
f 2516/2467/2412 2566/2517/2412 2567/2518/2412 2517/2468/2412
f 2517/2468/2413 2567/2518/2413 2568/2519/2413 2518/2469/2413
f 2518/2469/2414 2568/2519/2414 2569/2520/2414 2519/2470/2414
f 2519/2470/2414 2569/2520/2414 2570/2521/2414 2520/2471/2414
f 2520/2471/2415 2570/2521/2415 2571/2522/2415 2521/2472/2415
f 2521/2472/2415 2571/2522/2415 2572/2523/2415 2522/2473/2415
f 2522/2473/2416 2572/2523/2416 2573/2524/2416 2523/2474/2416
f 2523/2474/2417 2573/2524/2417 2574/2525/2417 2524/2475/2417
f 2524/2475/2418 2574/2525/2418 2575/2526/2418 2525/2476/2418
f 2525/2476/2419 2575/2526/2419 2576/2527/2419 2526/2477/2419
f 2526/2477/2420 2576/2527/2420 2577/2528/2420 2527/2478/2420
f 2527/2478/2421 2577/2528/2421 2578/2529/2421 2528/2479/2421
f 2528/2479/2422 2578/2529/2422 2579/2530/2422 2529/2480/2422
f 2529/2480/2423 2579/2530/2423 2580/2531/2423 2530/2481/2423
f 2530/2481/2424 2580/2531/2424 2581/2532/2424 2531/2482/2424
f 2531/2482/2425 2581/2532/2425 2582/2533/2425 2532/2483/2425
f 2532/2483/2426 2582/2533/2426 2583/2534/2426 2533/2484/2426
f 2533/2484/2427 2583/2534/2427 2584/2535/2427 2534/2485/2427
f 2534/2485/2428 2584/2535/2428 2585/2536/2428 2535/2486/2428
f 2535/2486/2429 2585/2536/2429 2586/2537/2429 2536/2487/2429
f 2536/2487/2430 2586/2537/2430 2587/2538/2430 2537/2488/2430
f 2537/2488/2431 2587/2538/2431 2588/2539/2431 2538/2489/2431
f 2538/2489/2432 2588/2539/2432 2589/2540/2432 2539/2490/2432
f 2539/2490/2433 2589/2540/2433 2590/2541/2433 2540/2491/2433
f 2540/2491/2434 2590/2541/2434 2591/2542/2434 2541/2492/2434
f 2541/2492/2435 2591/2542/2435 2592/2543/2435 2542/2493/2435
f 2542/2493/2436 2592/2543/2436 2593/2544/2436 2543/2494/2436
f 2543/2494/2437 2593/2544/2437 2594/2545/2437 2544/2495/2437
f 2544/2495/2438 2594/2545/2438 2595/2546/2438 2545/2496/2438
f 2545/2496/2439 2595/2546/2439 2596/2547/2439 2546/2497/2439
f 2546/2497/2440 2596/2547/2440 2597/2548/2440 2547/2498/2440
f 2547/2498/2441 2597/2548/2441 2598/2549/2441 2548/2499/2441
f 2548/2499/2442 2598/2549/2442 2599/2550/2442 2549/2500/2442
f 2549/2500/2443 2599/2550/2443 2600/2551/2443 2550/2501/2443
f 2550/2501/2444 2600/2551/2444 2601/2552/2444 2551/2502/2444
f 2551/2502/2445 2601/2552/2445 2602/2553/2445 2552/2503/2445
f 2552/2503/2446 2602/2553/2446 2603/2554/2446 2553/2504/2446
f 2553/2504/2447 2603/2554/2447 2604/101/2447 2554/99/2447
f 102/2505/2448 103/2555/2448 2605/2556/2448 2555/2506/2448
f 2555/2506/2449 2605/2556/2449 2606/2557/2449 2556/2507/2449
f 2556/2507/2450 2606/2557/2450 2607/2558/2450 2557/2508/2450
f 2557/2508/2451 2607/2558/2451 2608/2559/2451 2558/2509/2451
f 2558/2509/2452 2608/2559/2452 2609/2560/2452 2559/2510/2452
f 2559/2510/2453 2609/2560/2453 2610/2561/2453 2560/2511/2453
f 2560/2511/2454 2610/2561/2454 2611/2562/2454 2561/2512/2454
f 2561/2512/2455 2611/2562/2455 2612/2563/2455 2562/2513/2455
f 2562/2513/2456 2612/2563/2456 2613/2564/2456 2563/2514/2456
f 2563/2514/2457 2613/2564/2457 2614/2565/2457 2564/2515/2457
f 2564/2515/2458 2614/2565/2458 2615/2566/2458 2565/2516/2458
f 2565/2516/2459 2615/2566/2459 2616/2567/2459 2566/2517/2459
f 2566/2517/2459 2616/2567/2459 2617/2568/2459 2567/2518/2459
f 2567/2518/2460 2617/2568/2460 2618/2569/2460 2568/2519/2460
f 2568/2519/2460 2618/2569/2460 2619/2570/2460 2569/2520/2460
f 2569/2520/2460 2619/2570/2460 2620/2571/2460 2570/2521/2460
f 2570/2521/2460 2620/2571/2460 2621/2572/2460 2571/2522/2460
f 2571/2522/2461 2621/2572/2461 2622/2573/2461 2572/2523/2461
f 2572/2523/2461 2622/2573/2461 2623/2574/2461 2573/2524/2461
f 2573/2524/2456 2623/2574/2456 2624/2575/2456 2574/2525/2456
f 2574/2525/2462 2624/2575/2462 2625/2576/2462 2575/2526/2462
f 2575/2526/2463 2625/2576/2463 2626/2577/2463 2576/2527/2463
f 2576/2527/2464 2626/2577/2464 2627/2578/2464 2577/2528/2464
f 2577/2528/2465 2627/2578/2465 2628/2579/2465 2578/2529/2465
f 2578/2529/2466 2628/2579/2466 2629/2580/2466 2579/2530/2466
f 2579/2530/2467 2629/2580/2467 2630/2581/2467 2580/2531/2467
f 2580/2531/2468 2630/2581/2468 2631/2582/2468 2581/2532/2468
f 2581/2532/2469 2631/2582/2469 2632/2583/2469 2582/2533/2469
f 2582/2533/2470 2632/2583/2470 2633/2584/2470 2583/2534/2470
f 2583/2534/2471 2633/2584/2471 2634/2585/2471 2584/2535/2471
f 2584/2535/2472 2634/2585/2472 2635/2586/2472 2585/2536/2472
f 2585/2536/2473 2635/2586/2473 2636/2587/2473 2586/2537/2473
f 2586/2537/2474 2636/2587/2474 2637/2588/2474 2587/2538/2474
f 2587/2538/2475 2637/2588/2475 2638/2589/2475 2588/2539/2475
f 2588/2539/2476 2638/2589/2476 2639/2590/2476 2589/2540/2476
f 2589/2540/2477 2639/2590/2477 2640/2591/2477 2590/2541/2477
f 2590/2541/2478 2640/2591/2478 2641/2592/2478 2591/2542/2478
f 2591/2542/2479 2641/2592/2479 2642/2593/2479 2592/2543/2479
f 2592/2543/2480 2642/2593/2480 2643/2594/2480 2593/2544/2480
f 2593/2544/2481 2643/2594/2481 2644/2595/2481 2594/2545/2481
f 2594/2545/2482 2644/2595/2482 2645/2596/2482 2595/2546/2482
f 2595/2546/2483 2645/2596/2483 2646/2597/2483 2596/2547/2483
f 2596/2547/2484 2646/2597/2484 2647/2598/2484 2597/2548/2484
f 2597/2548/2485 2647/2598/2485 2648/2599/2485 2598/2549/2485
f 2598/2549/2486 2648/2599/2486 2649/2600/2486 2599/2550/2486
f 2599/2550/2487 2649/2600/2487 2650/2601/2487 2600/2551/2487
f 2600/2551/2488 2650/2601/2488 2651/2602/2488 2601/2552/2488
f 2601/2552/2489 2651/2602/2489 2652/2603/2489 2602/2553/2489
f 2602/2553/2490 2652/2603/2490 2653/2604/2490 2603/2554/2490
f 2603/2554/2491 2653/2604/2491 2654/103/2491 2604/101/2491
f 103/2555/2492 104/2605/2492 2655/2606/2492 2605/2556/2492
f 2605/2556/2493 2655/2606/2493 2656/2607/2493 2606/2557/2493
f 2606/2557/2494 2656/2607/2494 2657/2608/2494 2607/2558/2494
f 2607/2558/2495 2657/2608/2495 2658/2609/2495 2608/2559/2495
f 2608/2559/2496 2658/2609/2496 2659/2610/2496 2609/2560/2496
f 2609/2560/2497 2659/2610/2497 2660/2611/2497 2610/2561/2497
f 2610/2561/2498 2660/2611/2498 2661/2612/2498 2611/2562/2498
f 2611/2562/2499 2661/2612/2499 2662/2613/2499 2612/2563/2499
f 2612/2563/2500 2662/2613/2500 2663/2614/2500 2613/2564/2500
f 2613/2564/2500 2663/2614/2500 2664/2615/2500 2614/2565/2500
f 2614/2565/2501 2664/2615/2501 2665/2616/2501 2615/2566/2501
f 2615/2566/2502 2665/2616/2502 2666/2617/2502 2616/2567/2502
f 2616/2567/2502 2666/2617/2502 2667/2618/2502 2617/2568/2502
f 2617/2568/2503 2667/2618/2503 2668/2619/2503 2618/2569/2503
f 2618/2569/2503 2668/2619/2503 2669/2620/2503 2619/2570/2503
f 2619/2570/2503 2669/2620/2503 2670/2621/2503 2620/2571/2503
f 2620/2571/2503 2670/2621/2503 2671/2622/2503 2621/2572/2503
f 2621/2572/2502 2671/2622/2502 2672/2623/2502 2622/2573/2502
f 2622/2573/2502 2672/2623/2502 2673/2624/2502 2623/2574/2502
f 2623/2574/2504 2673/2624/2504 2674/2625/2504 2624/2575/2504
f 2624/2575/2454 2674/2625/2454 2675/2626/2454 2625/2576/2454
f 2625/2576/2405 2675/2626/2405 2676/2627/2405 2626/2577/2405
f 2626/2577/2353 2676/2627/2353 2677/2628/2353 2627/2578/2353
f 2627/2578/2505 2677/2628/2505 2678/2629/2505 2628/2579/2505
f 2628/2579/2506 2678/2629/2506 2679/2630/2506 2629/2580/2506
f 2629/2580/2507 2679/2630/2507 2680/2631/2507 2630/2581/2507
f 2630/2581/2508 2680/2631/2508 2681/2632/2508 2631/2582/2508
f 2631/2582/2509 2681/2632/2509 2682/2633/2509 2632/2583/2509
f 2632/2583/2510 2682/2633/2510 2683/2634/2510 2633/2584/2510
f 2633/2584/2511 2683/2634/2511 2684/2635/2511 2634/2585/2511
f 2634/2585/2512 2684/2635/2512 2685/2636/2512 2635/2586/2512
f 2635/2586/2513 2685/2636/2513 2686/2637/2513 2636/2587/2513
f 2636/2587/2514 2686/2637/2514 2687/2638/2514 2637/2588/2514
f 2637/2588/2515 2687/2638/2515 2688/2639/2515 2638/2589/2515
f 2638/2589/2516 2688/2639/2516 2689/2640/2516 2639/2590/2516
f 2639/2590/2517 2689/2640/2517 2690/2641/2517 2640/2591/2517
f 2640/2591/2518 2690/2641/2518 2691/2642/2518 2641/2592/2518
f 2641/2592/2519 2691/2642/2519 2692/2643/2519 2642/2593/2519
f 2642/2593/2520 2692/2643/2520 2693/2644/2520 2643/2594/2520
f 2643/2594/2521 2693/2644/2521 2694/2645/2521 2644/2595/2521
f 2644/2595/2522 2694/2645/2522 2695/2646/2522 2645/2596/2522
f 2645/2596/1922 2695/2646/1922 2696/2647/1922 2646/2597/1922
f 2646/2597/2523 2696/2647/2523 2697/2648/2523 2647/2598/2523
f 2647/2598/2524 2697/2648/2524 2698/2649/2524 2648/2599/2524
f 2648/2599/2525 2698/2649/2525 2699/2650/2525 2649/2600/2525
f 2649/2600/2526 2699/2650/2526 2700/2651/2526 2650/2601/2526
f 2650/2601/2527 2700/2651/2527 2701/2652/2527 2651/2602/2527
f 2651/2602/2528 2701/2652/2528 2702/2653/2528 2652/2603/2528
f 2652/2603/2529 2702/2653/2529 2703/2654/2529 2653/2604/2529
f 2653/2604/2530 2703/2654/2530 2704/1/2530 2654/103/2530
f 104/2605/2531 2/2655/2531 105/2656/2531 2655/2606/2531
f 2655/2606/2532 105/2656/2532 106/2657/2532 2656/2607/2532
f 2656/2607/2532 106/2657/2532 107/2658/2532 2657/2608/2532
f 2657/2608/2533 107/2658/2533 108/2659/2533 2658/2609/2533
f 2658/2609/2534 108/2659/2534 109/2660/2534 2659/2610/2534
f 2659/2610/2535 109/2660/2535 110/2661/2535 2660/2611/2535
f 2660/2611/2536 110/2661/2536 111/2662/2536 2661/2612/2536
f 2661/2612/2537 111/2662/2537 112/2663/2537 2662/2613/2537
f 2662/2613/2538 112/2663/2538 113/2664/2538 2663/2614/2538
f 2663/2614/2538 113/2664/2538 114/2665/2538 2664/2615/2538
f 2664/2615/2539 114/2665/2539 115/2666/2539 2665/2616/2539
f 2665/2616/2540 115/2666/2540 116/2667/2540 2666/2617/2540
f 2666/2617/2540 116/2667/2540 117/2668/2540 2667/2618/2540
f 2667/2618/2541 117/2668/2541 118/2669/2541 2668/2619/2541
f 2668/2619/2541 118/2669/2541 119/2670/2541 2669/2620/2541
f 2669/2620/2541 119/2670/2541 120/2671/2541 2670/2621/2541
f 2670/2621/2541 120/2671/2541 121/2672/2541 2671/2622/2541
f 2671/2622/2540 121/2672/2540 122/2673/2540 2672/2623/2540
f 2672/2623/2540 122/2673/2540 123/2674/2540 2673/2624/2540
f 2673/2624/2542 123/2674/2542 124/2675/2542 2674/2625/2542
f 2674/2625/2499 124/2675/2499 125/2676/2499 2675/2626/2499
f 2675/2626/2452 125/2676/2452 126/2677/2452 2676/2627/2452
f 2676/2627/2543 126/2677/2543 127/2678/2543 2677/2628/2543
f 2677/2628/2544 127/2678/2544 128/2679/2544 2678/2629/2544
f 2678/2629/2545 128/2679/2545 129/2680/2545 2679/2630/2545
f 2679/2630/2546 129/2680/2546 130/2681/2546 2680/2631/2546
f 2680/2631/2547 130/2681/2547 131/2682/2547 2681/2632/2547
f 2681/2632/2548 131/2682/2548 132/2683/2548 2682/2633/2548
f 2682/2633/2549 132/2683/2549 133/2684/2549 2683/2634/2549
f 2683/2634/2550 133/2684/2550 134/2685/2550 2684/2635/2550
f 2684/2635/2551 134/2685/2551 135/2686/2551 2685/2636/2551
f 2685/2636/2552 135/2686/2552 136/2687/2552 2686/2637/2552
f 2686/2637/2553 136/2687/2553 137/2688/2553 2687/2638/2553
f 2687/2638/2554 137/2688/2554 138/2689/2554 2688/2639/2554
f 2688/2639/2555 138/2689/2555 139/2690/2555 2689/2640/2555
f 2689/2640/2556 139/2690/2556 140/2691/2556 2690/2641/2556
f 2690/2641/2557 140/2691/2557 141/2692/2557 2691/2642/2557
f 2691/2642/2558 141/2692/2558 142/2693/2558 2692/2643/2558
f 2692/2643/2559 142/2693/2559 143/2694/2559 2693/2644/2559
f 2693/2644/2560 143/2694/2560 144/2695/2560 2694/2645/2560
f 2694/2645/2561 144/2695/2561 145/2696/2561 2695/2646/2561
f 2695/2646/2562 145/2696/2562 146/2697/2562 2696/2647/2562
f 2696/2647/2563 146/2697/2563 147/2698/2563 2697/2648/2563
f 2697/2648/2564 147/2698/2564 148/2699/2564 2698/2649/2564
f 2698/2649/2565 148/2699/2565 149/2700/2565 2699/2650/2565
f 2699/2650/2566 149/2700/2566 150/2701/2566 2700/2651/2566
f 2700/2651/2567 150/2701/2567 151/2702/2567 2701/2652/2567
f 2701/2652/2568 151/2702/2568 152/2703/2568 2702/2653/2568
f 2702/2653/2569 152/2703/2569 153/2704/2569 2703/2654/2569
f 2703/2654/2570 153/2704/2570 154/2/2570 2704/1/2570
