# Made in Blockbench 4.12.6
mtllib Dragon3.mtl

o cube
v 0.07874999999999999 2.6510335016874214 0.34443388311846446
v 0.07874999999999999 3.229224403078534 0.52673677406793
v 0.07874999999999999 2.754401120267015 0.01659368129876143
v 0.07874999999999999 3.3325920216581277 0.19889657224822696
v -0.35875 3.229224403078534 0.52673677406793
v -0.35875 2.6510335016874214 0.34443388311846446
v -0.35875 3.3325920216581277 0.19889657224822696
v -0.35875 2.754401120267015 0.01659368129876143
vt 0 1
vt 0.1875 1
vt 0.1875 0.875
vt 0 0.875
vt 0 1
vt 0.375 1
vt 0.375 0.875
vt 0 0.875
vt 0 1
vt 0.1875 1
vt 0.1875 0.875
vt 0 0.875
vt 0 1
vt 0.375 1
vt 0.375 0.875
vt 0 0.875
vt 0 1
vt 0.1875 1
vt 0.1875 0.625
vt 0 0.625
vt 0 1
vt 0.1875 1
vt 0.1875 0.625
vt 0 0.625
vn 0 0.953716950748227 0.300705799504273
vn 1 0 0
vn 0 -0.953716950748227 -0.300705799504273
vn -1 0 0
vn 0 -0.300705799504273 0.953716950748227
vn 0 0.300705799504273 -0.953716950748227
usemtl none
f 4/4/1 7/3/1 5/2/1 2/1/1
f 3/8/2 4/7/2 2/6/2 1/5/2
f 8/12/3 3/11/3 1/10/3 6/9/3
f 7/16/4 8/15/4 6/14/4 5/13/4
f 6/20/5 1/19/5 2/18/5 5/17/5
f 7/24/6 4/23/6 3/22/6 8/21/6
o cube
v -0.02750000000000001 2.096308918853004 0.6926926887826895
v -0.02750000000000001 2.3160674231115843 1.3309177273122286
v -0.02750000000000001 3.1068318965247737 0.34474172370660355
v -0.02750000000000001 3.3265904007833544 0.9829667622361425
v -0.2525 2.3160674231115843 1.3309177273122286
v -0.2525 2.096308918853004 0.6926926887826895
v -0.2525 3.3265904007833544 0.9829667622361425
v -0.2525 3.1068318965247737 0.34474172370660355
vt 0 1
vt 0.1875 1
vt 0.1875 0.875
vt 0 0.875
vt 0 1
vt 0.375 1
vt 0.375 0.875
vt 0 0.875
vt 0 1
vt 0.1875 1
vt 0.1875 0.875
vt 0 0.875
vt 0 1
vt 0.375 1
vt 0.375 0.875
vt 0 0.875
vt 0 1
vt 0.1875 1
vt 0.1875 0.625
vt 0 0.625
vt 0 1
vt 0.1875 1
vt 0.1875 0.625
vt 0 0.625
vn 0 0.3255681544571566 0.945518575599317
vn 1 0 0
vn 0 -0.3255681544571566 -0.945518575599317
vn -1 0 0
vn 0 -0.945518575599317 0.3255681544571566
vn 0 0.945518575599317 -0.3255681544571566
usemtl none
f 12/28/7 15/27/7 13/26/7 10/25/7
f 11/32/8 12/31/8 10/30/8 9/29/8
f 16/36/9 11/35/9 9/34/9 14/33/9
f 15/40/10 16/39/10 14/38/10 13/37/10
f 14/44/11 9/43/11 10/42/11 13/41/11
f 15/48/12 12/47/12 11/46/12 16/45/12
o Fang right
v -0.14195084749739767 4.802761827377159 -0.3358079134790586
v -0.7521779230382701 5.645619238123953 1.4086664669364406
v -0.14336850059961204 4.77333484554831 -0.3220859238228047
v -0.7535955761404844 5.616192256295104 1.4223884565926945
v -0.09550139772606603 4.8071190976058915 -0.32166488296596357
v -0.7057284732669384 5.649976508352686 1.4228094974495356
v -0.09691905082828037 4.777692115777041 -0.3079428933097097
v -0.7071461263691527 5.6205495265238365 1.4365314871057895
vt 1 1
vt 0 1
vt 0 0.5
vt 1 0.5
vt 1 0.5
vt 1 1
vt 0 1
vt 0 0.5
vt 0 0
vt 1 0
vt 1 1
vt 0 1
vt 1 0
vt 1 1
vt 0 1
vt 0 0
vt 1 0.5
vt 1 1
vt 0 1
vt 0 0.5
vt 1 1
vt 0 1
vt 0 0.5
vt 1 0.5
vn -0.9528092260785987 -0.08937990212784337 -0.2901134464224619
vn 0.9528092260785987 0.08937990212784337 0.2901134464224619
vn 0.04362009545274959 0.905445594733833 -0.4222150663462738
vn -0.04362009545274959 -0.905445594733833 0.4222150663462738
vn 0.3004194833431989 -0.41494518682919124 -0.8588181565122464
vn -0.3004194833431989 0.41494518682919124 0.8588181565122464
usemtl none
f 18/49/13 17/50/13 19/51/13 20/52/13
f 23/53/14 21/54/14 22/55/14 24/56/14
f 21/57/15 17/58/15 18/59/15 22/60/15
f 20/61/16 19/62/16 23/63/16 24/64/16
f 19/65/17 17/66/17 21/67/17 23/68/17
f 22/69/18 18/70/18 20/71/18 24/72/18
o Fang middle
v -0.15 4.7985021416296565 -0.3624514433672811
v -0.15 5.6569454857904535 1.4784862490509143
v -0.15 4.769047138550966 -0.3487163498607083
v -0.15 5.627490482711762 1.492221342557487
v -0.10124999999999998 4.7985021416296565 -0.3624514433672811
v -0.10124999999999998 5.6569454857904535 1.4784862490509143
v -0.10124999999999998 4.769047138550966 -0.3487163498607083
v -0.10124999999999998 5.627490482711762 1.492221342557487
vt 1 1
vt 0 1
vt 0 0.5
vt 1 0.5
vt 1 0.5
vt 1 1
vt 0 1
vt 0 0.5
vt 0 0
vt 1 0
vt 1 1
vt 0 1
vt 1 0
vt 1 1
vt 0 1
vt 0 0
vt 1 0.5
vt 1 1
vt 0 1
vt 0 0.5
vt 1 1
vt 0 1
vt 0 0.5
vt 1 0.5
vn -1 -1.1099069304367545e-16 5.175581015019665e-17
vn 1 1.1099069304367545e-16 -5.175581015019665e-17
vn -1.224646799147353e-16 0.9063077870366499 -0.42261826174069983
vn 1.224646799147353e-16 -0.9063077870366499 0.42261826174069983
vn 1.8488927466117456e-32 -0.42261826174069994 -0.9063077870366498
vn -1.8488927466117456e-32 0.42261826174069994 0.9063077870366498
usemtl none
f 26/73/19 25/74/19 27/75/19 28/76/19
f 31/77/20 29/78/20 30/79/20 32/80/20
f 29/81/21 25/82/21 26/83/21 30/84/21
f 28/85/22 27/86/22 31/87/22 32/88/22
f 27/89/23 25/90/23 29/91/23 31/92/23
f 30/93/24 26/94/24 28/95/24 32/96/24
o Fang Left
v -0.1560831888470831 4.809468001289089 -0.3389350814382931
v 0.45472546639597167 5.628179969872234 1.416798401092265
v -0.1560831888470831 4.780012998210397 -0.3251999879317204
v 0.45472546639597167 5.598724966793543 1.4305334945988377
v -0.10958948749810707 4.803272667877849 -0.3522210168135611
v 0.5012191677449477 5.6219846364609944 1.403512465716997
v -0.10958948749810705 4.773817664799157 -0.33848592330698835
v 0.5012191677449477 5.592529633382303 1.4172475592235698
vt 1 1
vt 0 1
vt 0 0.5
vt 1 0.5
vt 1 0.5
vt 1 1
vt 0 1
vt 0 0.5
vt 0 0
vt 1 0
vt 1 1
vt 0 1
vt 1 0
vt 1 1
vt 0 1
vt 0 0
vt 1 0.5
vt 1 1
vt 0 1
vt 0 0.5
vt 1 1
vt 0 1
vt 0 0.5
vt 1 0.5
vn -0.9537169507482269 0.12708376228184323 0.27253200769780433
vn 0.9537169507482269 -0.12708376228184323 -0.27253200769780433
vn -9.714451465470122e-17 0.9063077870366499 -0.42261826174069983
vn 9.714451465470122e-17 -0.9063077870366499 0.42261826174069983
vn -0.3007057995042732 -0.4030581999178564 -0.8643610990919672
vn 0.3007057995042732 0.4030581999178564 0.8643610990919672
usemtl none
f 34/97/25 33/98/25 35/99/25 36/100/25
f 39/101/26 37/102/26 38/103/26 40/104/26
f 37/105/27 33/106/27 34/107/27 38/108/27
f 36/109/28 35/110/28 39/111/28 40/112/28
f 35/113/29 33/114/29 37/115/29 39/116/29
f 38/117/30 34/118/30 36/119/30 40/120/30
o Nose
v -0.17437500000000003 4.79625 -0.35375000000000006
v -0.17437500000000003 4.79625 -0.20750000000000007
v -0.174375 4.63375 -0.35375
v -0.174375 4.63375 -0.20750000000000005
v -0.07687500000000003 4.79625 -0.35375000000000006
v -0.07687500000000003 4.79625 -0.20750000000000007
v -0.07687500000000001 4.63375 -0.35375
v -0.07687500000000001 4.63375 -0.20750000000000005
vt 1 1
vt 0 1
vt 0 0.5
vt 1 0.5
vt 1 0.5
vt 1 1
vt 0 1
vt 0 0.5
vt 0 0
vt 1 0
vt 1 1
vt 0 1
vt 1 0
vt 1 1
vt 0 1
vt 0 0
vt 1 0.5
vt 1 1
vt 0 1
vt 0 0.5
vt 1 1
vt 0 1
vt 0 0.5
vt 1 0.5
vn -1 -1.2246467991473532e-16 1.4997597826618576e-32
vn 1 1.2246467991473532e-16 -1.4997597826618576e-32
vn -1.2246467991473532e-16 1 -1.2246467991473532e-16
vn 1.2246467991473532e-16 -1 1.2246467991473532e-16
vn 0 -1.2246467991473532e-16 -1
vn 0 1.2246467991473532e-16 1
usemtl none
f 42/121/31 41/122/31 43/123/31 44/124/31
f 47/125/32 45/126/32 46/127/32 48/128/32
f 45/129/33 41/130/33 42/131/33 46/132/33
f 44/133/34 43/134/34 47/135/34 48/136/34
f 43/137/35 41/138/35 45/139/35 47/140/35
f 46/141/36 42/142/36 44/143/36 48/144/36
o cuboid
v 0.045 4.612755092305989 -0.19858581234278966
v 0.045 4.720257415628765 -0.5395396222352808
v 0.045 4.318294983762473 -0.29142872793973396
v 0.045 4.425797307085251 -0.6323825378322251
v -0.32875 4.612755092305989 -0.19858581234278966
v -0.32875 4.720257415628765 -0.5395396222352808
v -0.32875 4.318294983762473 -0.29142872793973396
v -0.32875 4.425797307085251 -0.6323825378322251
vt 1 1
vt 0 1
vt 0 0.5
vt 1 0.5
vt 1 0.5
vt 1 1
vt 0 1
vt 0 0.5
vt 0 0
vt 1 0
vt 1 1
vt 0 1
vt 1 0
vt 1 1
vt 0 1
vt 0 0
vt 1 0.5
vt 1 1
vt 0 1
vt 0 0.5
vt 1 1
vt 0 1
vt 0 0.5
vt 1 0.5
vn 1 0 0
vn -1 0 0
vn 0 0.9537169507482269 0.30070579950427306
vn 0 -0.9537169507482269 -0.30070579950427306
vn 0 -0.30070579950427306 0.9537169507482269
vn 0 0.30070579950427306 -0.9537169507482269
usemtl none
f 50/145/37 49/146/37 51/147/37 52/148/37
f 55/149/38 53/150/38 54/151/38 56/152/38
f 53/153/39 49/154/39 50/155/39 54/156/39
f 52/157/40 51/158/40 55/159/40 56/160/40
f 51/161/41 49/162/41 53/163/41 55/164/41
f 54/165/42 50/166/42 52/167/42 56/168/42
o cuboid
v 0.045 4.811832115787869 -0.2524172586977896
v 0.045 4.704329792465091 -0.5933710685902807
v 0.045 4.6258573103919645 -0.19377962779445634
v 0.045 4.518354987069187 -0.5347334376869475
v -0.32875 4.811832115787869 -0.2524172586977896
v -0.32875 4.704329792465091 -0.5933710685902807
v -0.32875 4.6258573103919645 -0.19377962779445634
v -0.32875 4.518354987069187 -0.5347334376869475
vt 1 1
vt 0 1
vt 0 0.5
vt 1 0.5
vt 1 0.5
vt 1 1
vt 0 1
vt 0 0.5
vt 0 0
vt 1 0
vt 1 1
vt 0 1
vt 1 0
vt 1 1
vt 0 1
vt 0 0
vt 1 0.5
vt 1 1
vt 0 1
vt 0 0.5
vt 1 1
vt 0 1
vt 0 0.5
vt 1 0.5
vn 1 0 0
vn -1 0 0
vn 0 0.9537169507482269 -0.30070579950427306
vn 0 -0.9537169507482269 0.30070579950427306
vn 0 0.30070579950427306 0.9537169507482269
vn 0 -0.30070579950427306 -0.9537169507482269
usemtl none
f 58/169/43 57/170/43 59/171/43 60/172/43
f 63/173/44 61/174/44 62/175/44 64/176/44
f 61/177/45 57/178/45 58/179/45 62/180/45
f 60/181/46 59/182/46 63/183/46 64/184/46
f 59/185/47 57/186/47 61/187/47 63/188/47
f 62/189/48 58/190/48 60/191/48 64/192/48
o cuboid
v 0.045 4.665582115787869 -0.5530422586977894
v 0.045 4.558079792465091 -0.8939960685902806
v 0.045 4.479607310391964 -0.49440462779445626
v 0.045 4.372104987069187 -0.8353584376869474
v -0.32875 4.665582115787869 -0.5530422586977894
v -0.32875 4.558079792465091 -0.8939960685902806
v -0.32875 4.479607310391964 -0.49440462779445626
v -0.32875 4.372104987069187 -0.8353584376869474
vt 1 1
vt 0 1
vt 0 0.5
vt 1 0.5
vt 1 0.5
vt 1 1
vt 0 1
vt 0 0.5
vt 0 0
vt 1 0
vt 1 1
vt 0 1
vt 1 0
vt 1 1
vt 0 1
vt 0 0
vt 1 0.5
vt 1 1
vt 0 1
vt 0 0.5
vt 1 1
vt 0 1
vt 0 0.5
vt 1 0.5
vn 1 0 0
vn -1 0 0
vn 0 0.9537169507482269 -0.30070579950427306
vn 0 -0.9537169507482269 0.30070579950427306
vn 0 0.30070579950427306 0.9537169507482269
vn 0 -0.30070579950427306 -0.9537169507482269
usemtl none
f 66/193/49 65/194/49 67/195/49 68/196/49
f 71/197/50 69/198/50 70/199/50 72/200/50
f 69/201/51 65/202/51 66/203/51 70/204/51
f 68/205/52 67/206/52 71/207/52 72/208/52
f 67/209/53 65/210/53 69/211/53 71/212/53
f 70/213/54 66/214/54 68/215/54 72/216/54
o cuboid
v 0.045 4.528125 -0.443125
v 0.045 4.528125 -0.7518750000000001
v 0.045 4.365625 -0.443125
v 0.045 4.365625 -0.7518750000000001
v -0.32875 4.528125 -0.443125
v -0.32875 4.528125 -0.7518750000000001
v -0.32875 4.365625 -0.443125
v -0.32875 4.365625 -0.7518750000000001
vt 1 1
vt 0 1
vt 0 0.5
vt 1 0.5
vt 1 0.5
vt 1 1
vt 0 1
vt 0 0.5
vt 0 0
vt 1 0
vt 1 1
vt 0 1
vt 1 0
vt 1 1
vt 0 1
vt 0 0
vt 1 0.5
vt 1 1
vt 0 1
vt 0 0.5
vt 1 1
vt 0 1
vt 0 0.5
vt 1 0.5
vn 1 0 0
vn -1 0 0
vn 0 1 0
vn 0 -1 0
vn 0 0 1
vn 0 0 -1
usemtl none
f 74/217/55 73/218/55 75/219/55 76/220/55
f 79/221/56 77/222/56 78/223/56 80/224/56
f 77/225/57 73/226/57 74/227/57 78/228/57
f 76/229/58 75/230/58 79/231/58 80/232/58
f 75/233/59 73/234/59 77/235/59 79/236/59
f 78/237/60 74/238/60 76/239/60 80/240/60
o cuboid
v -0.04250000000000001 4.36566181224472 -0.4543236029980789
v -0.04250000000000001 4.698469751059176 -0.4397928945820013
v -0.04250000000000001 4.3759396303926765 -0.6897243402083041
v -0.04250000000000001 4.708747569207133 -0.6751936317922266
v -0.24125000000000002 4.36566181224472 -0.4543236029980789
v -0.24125000000000002 4.698469751059176 -0.4397928945820013
v -0.24125000000000002 4.3759396303926765 -0.6897243402083041
v -0.24125000000000002 4.708747569207133 -0.6751936317922266
vt 1 1
vt 0 1
vt 0 0.5
vt 1 0.5
vt 1 0.5
vt 1 1
vt 0 1
vt 0 0.5
vt 0 0
vt 1 0
vt 1 1
vt 0 1
vt 1 0
vt 1 1
vt 0 1
vt 0 0
vt 1 0.5
vt 1 1
vt 0 1
vt 0 0.5
vt 1 1
vt 0 1
vt 0 0.5
vt 1 0.5
vn 1 0 0
vn -1 0 0
vn 0 -0.04361938736533589 0.9990482215818579
vn 0 0.04361938736533589 -0.9990482215818579
vn 0 -0.9990482215818579 -0.04361938736533589
vn 0 0.9990482215818579 0.04361938736533589
usemtl none
f 82/241/61 81/242/61 83/243/61 84/244/61
f 87/245/62 85/246/62 86/247/62 88/248/62
f 85/249/63 81/250/63 82/251/63 86/252/63
f 84/253/64 83/254/64 87/255/64 88/256/64
f 83/257/65 81/258/65 85/259/65 87/260/65
f 86/261/66 82/262/66 84/263/66 88/264/66
o cuboid
v -0.011874999999999997 4.304913807547601 -0.5145650318334118
v -0.011874999999999997 4.309991560390718 -1.0964178758163765
v -0.011874999999999997 4.199917805625863 -0.5154813180607412
v -0.011874999999999997 4.20499555846898 -1.0973341620437058
v -0.271875 4.304913807547601 -0.5145650318334118
v -0.271875 4.309991560390718 -1.0964178758163765
v -0.271875 4.199917805625863 -0.5154813180607412
v -0.271875 4.20499555846898 -1.0973341620437058
vt 1 1
vt 0 1
vt 0 0.5
vt 1 0.5
vt 1 0.5
vt 1 1
vt 0 1
vt 0 0.5
vt 0 0
vt 1 0
vt 1 1
vt 0 1
vt 1 0
vt 1 1
vt 0 1
vt 0 0
vt 1 0.5
vt 1 1
vt 0 1
vt 0 0.5
vt 1 1
vt 0 1
vt 0 0.5
vt 1 0.5
vn 1 0 0
vn -1 0 0
vn 0 0.9999619230641713 0.008726535498373935
vn 0 -0.9999619230641713 -0.008726535498373935
vn 0 -0.008726535498373935 0.9999619230641713
vn 0 0.008726535498373935 -0.9999619230641713
usemtl none
f 90/265/67 89/266/67 91/267/67 92/268/67
f 95/269/68 93/270/68 94/271/68 96/272/68
f 93/273/69 89/274/69 90/275/69 94/276/69
f 92/277/70 91/278/70 95/279/70 96/280/70
f 91/281/71 89/282/71 93/283/71 95/284/71
f 94/285/72 90/286/72 92/287/72 96/288/72
o cuboid
v 0.045 4.41208447248869 -0.5498921251202331
v 0.045 4.324230253748528 -1.1377384289059724
v 0.045 4.2835124102516415 -0.5306769016733837
v 0.045 4.195658191511479 -1.118523205459123
v -0.32875 4.41208447248869 -0.5498921251202331
v -0.32875 4.324230253748528 -1.1377384289059724
v -0.32875 4.2835124102516415 -0.5306769016733837
v -0.32875 4.195658191511479 -1.118523205459123
vt 1 1
vt 0 1
vt 0 0.5
vt 1 0.5
vt 1 0.5
vt 1 1
vt 0 1
vt 0 0.5
vt 0 0
vt 1 0
vt 1 1
vt 0 1
vt 1 0
vt 1 1
vt 0 1
vt 0 0
vt 1 0.5
vt 1 1
vt 0 1
vt 0 0.5
vt 1 1
vt 0 1
vt 0 0.5
vt 1 0.5
vn 1 0 0
vn -1 0 0
vn 0 0.9890158633619168 -0.14780941112961063
vn 0 -0.9890158633619168 0.14780941112961063
vn 0 0.14780941112961063 0.9890158633619168
vn 0 -0.14780941112961063 -0.9890158633619168
usemtl none
f 98/289/73 97/290/73 99/291/73 100/292/73
f 103/293/74 101/294/74 102/295/74 104/296/74
f 101/297/75 97/298/75 98/299/75 102/300/75
f 100/301/76 99/302/76 103/303/76 104/304/76
f 99/305/77 97/306/77 101/307/77 103/308/77
f 102/309/78 98/310/78 100/311/78 104/312/78
o cuboid
v 0.045 4.552945482092264 -0.5462644093086807
v 0.045 4.5633187561684245 -1.1405488831172608
v 0.045 4.366098944059913 -0.549525827761648
v 0.045 4.376472218136073 -1.1438103015702281
v -0.32875 4.552945482092264 -0.5462644093086807
v -0.32875 4.5633187561684245 -1.1405488831172608
v -0.32875 4.366098944059913 -0.549525827761648
v -0.32875 4.376472218136073 -1.1438103015702281
vt 1 1
vt 0 1
vt 0 0.5
vt 1 0.5
vt 1 0.5
vt 1 1
vt 0 1
vt 0 0.5
vt 0 0
vt 1 0
vt 1 1
vt 0 1
vt 1 0
vt 1 1
vt 0 1
vt 0 0
vt 1 0.5
vt 1 1
vt 0 1
vt 0 0.5
vt 1 1
vt 0 1
vt 0 0.5
vt 1 0.5
vn 1 0 0
vn -1 0 0
vn 0 0.9998476951563913 0.01745240643728351
vn 0 -0.9998476951563913 -0.01745240643728351
vn 0 -0.01745240643728351 0.9998476951563913
vn 0 0.01745240643728351 -0.9998476951563913
usemtl none
f 106/313/79 105/314/79 107/315/79 108/316/79
f 111/317/80 109/318/80 110/319/80 112/320/80
f 109/321/81 105/322/81 106/323/81 110/324/81
f 108/325/82 107/326/82 111/327/82 112/328/82
f 107/329/83 105/330/83 109/331/83 111/332/83
f 110/333/84 106/334/84 108/335/84 112/336/84
o cube
v -0.02750000000000001 4.311249138418219 -0.23027822373600731
v -0.02750000000000001 4.459165530027464 -0.5474859491988349
v -0.02750000000000001 4.073343344321099 -0.3412155174429406
v -0.02750000000000001 4.221259735930344 -0.6584232429057681
v -0.2525 4.459165530027464 -0.5474859491988349
v -0.2525 4.311249138418219 -0.23027822373600731
v -0.2525 4.221259735930344 -0.6584232429057681
v -0.2525 4.073343344321099 -0.3412155174429406
vt 0 1
vt 0.1875 1
vt 0.1875 0.875
vt 0 0.875
vt 0 1
vt 0.375 1
vt 0.375 0.875
vt 0 0.875
vt 0 1
vt 0.1875 1
vt 0.1875 0.875
vt 0 0.875
vt 0 1
vt 0.375 1
vt 0.375 0.875
vt 0 0.875
vt 0 1
vt 0.1875 1
vt 0.1875 0.625
vt 0 0.625
vt 0 1
vt 0.1875 1
vt 0.1875 0.625
vt 0 0.625
vn 0 0.42261826174069944 -0.9063077870366499
vn 1 0 0
vn 0 -0.42261826174069944 0.9063077870366499
vn -1 0 0
vn 0 0.9063077870366499 0.42261826174069944
vn 0 -0.9063077870366499 -0.42261826174069944
usemtl none
f 116/340/85 119/339/85 117/338/85 114/337/85
f 115/344/86 116/343/86 114/342/86 113/341/86
f 120/348/87 115/347/87 113/346/87 118/345/87
f 119/352/88 120/351/88 118/350/88 117/349/88
f 118/356/89 113/355/89 114/354/89 117/353/89
f 119/360/90 116/359/90 115/358/90 120/357/90
o cube
v 0.010000000000000009 4.123771126609321 0.06350486446968295
v 0.010000000000000009 4.3245228793321875 -0.22319835103146424
v 0.010000000000000009 3.867786112769011 -0.11573777189001896
v 0.010000000000000009 4.068537865491877 -0.4024409873911661
v -0.29 4.3245228793321875 -0.22319835103146424
v -0.29 4.123771126609321 0.06350486446968295
v -0.29 4.068537865491877 -0.4024409873911661
v -0.29 3.867786112769011 -0.11573777189001896
vt 0 1
vt 0.1875 1
vt 0.1875 0.875
vt 0 0.875
vt 0 1
vt 0.375 1
vt 0.375 0.875
vt 0 0.875
vt 0 1
vt 0.1875 1
vt 0.1875 0.875
vt 0 0.875
vt 0 1
vt 0.375 1
vt 0.375 0.875
vt 0 0.875
vt 0 1
vt 0.1875 1
vt 0.1875 0.625
vt 0 0.625
vt 0 1
vt 0.1875 1
vt 0.1875 0.625
vt 0 0.625
vn 0 0.573576436351046 -0.8191520442889918
vn 1 0 0
vn 0 -0.573576436351046 0.8191520442889918
vn -1 0 0
vn 0 0.8191520442889918 0.573576436351046
vn 0 -0.8191520442889918 -0.573576436351046
usemtl none
f 124/364/91 127/363/91 125/362/91 122/361/91
f 123/368/92 124/367/92 122/366/92 121/365/92
f 128/372/93 123/371/93 121/370/93 126/369/93
f 127/376/94 128/375/94 126/374/94 125/373/94
f 126/380/95 121/379/95 122/378/95 125/377/95
f 127/384/96 124/383/96 123/382/96 128/381/96
o cube
v 0.04125000000000001 3.8781757306747706 0.3744004775053531
v 0.04125000000000001 4.187534947443885 0.06504126073623859
v 0.04125000000000001 3.617430105112231 0.11365485194281341
v 0.04125000000000001 3.9267893218813454 -0.19570436482630107
v -0.32125 4.187534947443885 0.06504126073623859
v -0.32125 3.8781757306747706 0.3744004775053531
v -0.32125 3.9267893218813454 -0.19570436482630107
v -0.32125 3.617430105112231 0.11365485194281341
vt 0 1
vt 0.1875 1
vt 0.1875 0.875
vt 0 0.875
vt 0 1
vt 0.375 1
vt 0.375 0.875
vt 0 0.875
vt 0 1
vt 0.1875 1
vt 0.1875 0.875
vt 0 0.875
vt 0 1
vt 0.375 1
vt 0.375 0.875
vt 0 0.875
vt 0 1
vt 0.1875 1
vt 0.1875 0.625
vt 0 0.625
vt 0 1
vt 0.1875 1
vt 0.1875 0.625
vt 0 0.625
vn 0 0.7071067811865476 -0.7071067811865475
vn 1 0 0
vn 0 -0.7071067811865476 0.7071067811865475
vn -1 0 0
vn 0 0.7071067811865475 0.7071067811865476
vn 0 -0.7071067811865475 -0.7071067811865476
usemtl none
f 132/388/97 135/387/97 133/386/97 130/385/97
f 131/392/98 132/391/98 130/390/98 129/389/98
f 136/396/99 131/395/99 129/394/99 134/393/99
f 135/400/100 136/399/100 134/398/100 133/397/100
f 134/404/101 129/403/101 130/402/101 133/401/101
f 135/408/102 132/407/102 131/406/102 136/405/102
o cube
v 0.09125 3.425522697103359 0.7646231334390845
v 0.09125 3.9733306267216224 0.3810438916293224
v 0.09125 3.1208102152918658 0.32944860991055774
v 0.09125 3.668618144910129 -0.05413063189920442
v -0.37125 3.9733306267216224 0.3810438916293224
v -0.37125 3.425522697103359 0.7646231334390845
v -0.37125 3.668618144910129 -0.05413063189920442
v -0.37125 3.1208102152918658 0.32944860991055774
vt 0 1
vt 0.1875 1
vt 0.1875 0.875
vt 0 0.875
vt 0 1
vt 0.375 1
vt 0.375 0.875
vt 0 0.875
vt 0 1
vt 0.1875 1
vt 0.1875 0.875
vt 0 0.875
vt 0 1
vt 0.375 1
vt 0.375 0.875
vt 0 0.875
vt 0 1
vt 0.1875 1
vt 0.1875 0.625
vt 0 0.625
vt 0 1
vt 0.1875 1
vt 0.1875 0.625
vt 0 0.625
vn 0 0.8191520442889917 -0.5735764363510463
vn 1 0 0
vn 0 -0.8191520442889917 0.5735764363510463
vn -1 0 0
vn 0 0.5735764363510463 0.8191520442889917
vn 0 -0.5735764363510463 -0.8191520442889917
usemtl none
f 140/412/103 143/411/103 141/410/103 138/409/103
f 139/416/104 140/415/104 138/414/104 137/413/104
f 144/420/105 139/419/105 137/418/105 142/417/105
f 143/424/106 144/423/106 142/422/106 141/421/106
f 142/428/107 137/427/107 138/426/107 141/425/107
f 143/432/108 140/431/108 139/430/108 144/429/108
o cube
v 0.22250000000000006 1.2243522260545248 1.0302150830349512
v 0.22250000000000006 2.0574255579464134 1.7292466085690628
v 0.22250000000000006 1.9233837515886363 0.19714175114306254
v 0.22250000000000006 2.756457083480525 0.896173276677174
v -0.5025 2.0574255579464134 1.7292466085690628
v -0.5025 1.2243522260545248 1.0302150830349512
v -0.5025 2.756457083480525 0.896173276677174
v -0.5025 1.9233837515886363 0.19714175114306254
vt 0 1
vt 0.1875 1
vt 0.1875 0.875
vt 0 0.875
vt 0 1
vt 0.375 1
vt 0.375 0.875
vt 0 0.875
vt 0 1
vt 0.1875 1
vt 0.1875 0.875
vt 0 0.875
vt 0 1
vt 0.375 1
vt 0.375 0.875
vt 0 0.875
vt 0 1
vt 0.1875 1
vt 0.1875 0.625
vt 0 0.625
vt 0 1
vt 0.1875 1
vt 0.1875 0.625
vt 0 0.625
vn 0 0.766044443118978 0.6427876096865393
vn 1 0 0
vn 0 -0.766044443118978 -0.6427876096865393
vn -1 0 0
vn 0 -0.6427876096865393 0.766044443118978
vn 0 0.6427876096865393 -0.766044443118978
usemtl none
f 148/436/109 151/435/109 149/434/109 146/433/109
f 147/440/110 148/439/110 146/438/110 145/437/110
f 152/444/111 147/443/111 145/442/111 150/441/111
f 151/448/112 152/447/112 150/446/112 149/445/112
f 150/452/113 145/451/113 146/450/113 149/449/113
f 151/456/114 148/455/114 147/454/114 152/453/114
o cube
v 0.19124999999999995 1.8596193016983646 2.251033902833283
v 0.19124999999999995 2.4143163605001594 1.2294090093637482
v 0.19124999999999995 1.1400877907063804 1.8603601678707284
v 0.19124999999999995 1.694784849508175 0.8387352744011938
v -0.47125000000000006 2.4143163605001594 1.2294090093637482
v -0.47125000000000006 1.8596193016983646 2.251033902833283
v -0.47125000000000006 1.694784849508175 0.8387352744011938
v -0.47125000000000006 1.1400877907063804 1.8603601678707284
vt 0 1
vt 0.1875 1
vt 0.1875 0.875
vt 0 0.875
vt 0 1
vt 0.375 1
vt 0.375 0.875
vt 0 0.875
vt 0 1
vt 0.1875 1
vt 0.1875 0.875
vt 0 0.875
vt 0 1
vt 0.375 1
vt 0.375 0.875
vt 0 0.875
vt 0 1
vt 0.1875 1
vt 0.1875 0.625
vt 0 0.625
vt 0 1
vt 0.1875 1
vt 0.1875 0.625
vt 0 0.625
vn 0 0.4771587602596084 -0.8788171126619654
vn 1 0 0
vn 0 -0.4771587602596084 0.8788171126619654
vn -1 0 0
vn 0 0.8788171126619654 0.4771587602596084
vn 0 -0.8788171126619654 -0.4771587602596084
usemtl none
f 156/460/115 159/459/115 157/458/115 154/457/115
f 155/464/116 156/463/116 154/462/116 153/461/116
f 160/468/117 155/467/117 153/466/117 158/465/117
f 159/472/118 160/471/118 158/470/118 157/469/118
f 158/476/119 153/475/119 154/474/119 157/473/119
f 159/480/120 156/479/120 155/478/120 160/477/120
o cube
v 0.16625000000000004 1.5593926115559134 2.68044065075711
v 0.16625000000000004 1.908314954995752 2.0378056371230473
v 0.16625000000000004 0.8453537075180664 2.292749158046178
v 0.16625000000000004 1.1942760509579051 1.6501141444121157
v -0.44625000000000004 1.908314954995752 2.0378056371230473
v -0.44625000000000004 1.5593926115559134 2.68044065075711
v -0.44625000000000004 1.1942760509579051 1.6501141444121157
v -0.44625000000000004 0.8453537075180664 2.292749158046178
vt 0 1
vt 0.1875 1
vt 0.1875 0.875
vt 0 0.875
vt 0 1
vt 0.375 1
vt 0.375 0.875
vt 0 0.875
vt 0 1
vt 0.1875 1
vt 0.1875 0.875
vt 0 0.875
vt 0 1
vt 0.375 1
vt 0.375 0.875
vt 0 0.875
vt 0 1
vt 0.1875 1
vt 0.1875 0.625
vt 0 0.625
vt 0 1
vt 0.1875 1
vt 0.1875 0.625
vt 0 0.625
vn 0 0.4771587602596084 -0.8788171126619654
vn 1 0 0
vn 0 -0.4771587602596084 0.8788171126619654
vn -1 0 0
vn 0 0.8788171126619654 0.4771587602596084
vn 0 -0.8788171126619654 -0.4771587602596084
usemtl none
f 164/484/121 167/483/121 165/482/121 162/481/121
f 163/488/122 164/487/122 162/486/122 161/485/122
f 168/492/123 163/491/123 161/490/123 166/489/123
f 167/496/124 168/495/124 166/494/124 165/493/124
f 166/500/125 161/499/125 162/498/125 165/497/125
f 167/504/126 164/503/126 163/502/126 168/501/126
o cube
v 0.07250000000000001 1.1246670701484454 3.226650080450609
v 0.07250000000000001 1.9091522185046188 1.5443162507638275
v 0.07250000000000001 0.7394862606578692 3.047037319210812
v 0.07250000000000001 1.5239714090140426 1.3647034895240302
v -0.3525 1.9091522185046188 1.5443162507638275
v -0.3525 1.1246670701484454 3.226650080450609
v -0.3525 1.5239714090140426 1.3647034895240302
v -0.3525 0.7394862606578692 3.047037319210812
vt 0 1
vt 0.1875 1
vt 0.1875 0.875
vt 0 0.875
vt 0 1
vt 0.375 1
vt 0.375 0.875
vt 0 0.875
vt 0 1
vt 0.1875 1
vt 0.1875 0.875
vt 0 0.875
vt 0 1
vt 0.375 1
vt 0.375 0.875
vt 0 0.875
vt 0 1
vt 0.1875 1
vt 0.1875 0.625
vt 0 0.625
vt 0 1
vt 0.1875 1
vt 0.1875 0.625
vt 0 0.625
vn 0 0.42261826174069944 -0.9063077870366499
vn 1 0 0
vn 0 -0.42261826174069944 0.9063077870366499
vn -1 0 0
vn 0 0.9063077870366499 0.42261826174069944
vn 0 -0.9063077870366499 -0.42261826174069944
usemtl none
f 172/508/127 175/507/127 173/506/127 170/505/127
f 171/512/128 172/511/128 170/510/128 169/509/128
f 176/516/129 171/515/129 169/514/129 174/513/129
f 175/520/130 176/519/130 174/518/130 173/517/130
f 174/524/131 169/523/131 170/522/131 173/521/131
f 175/528/132 172/527/132 171/526/132 176/525/132
o cube
v -0.02124999999999999 0.9063634857149339 3.9897651434916037
v -0.02124999999999999 1.2091624955216438 2.272506624176566
v -0.02124999999999999 0.7340221289377975 3.9593767123998913
v -0.02124999999999999 1.0368211387445074 2.242118193084853
v -0.25875 1.2091624955216438 2.272506624176566
v -0.25875 0.9063634857149339 3.9897651434916037
v -0.25875 1.0368211387445074 2.242118193084853
v -0.25875 0.7340221289377975 3.9593767123998913
vt 0 1
vt 0.1875 1
vt 0.1875 0.875
vt 0 0.875
vt 0 1
vt 0.375 1
vt 0.375 0.875
vt 0 0.875
vt 0 1
vt 0.1875 1
vt 0.1875 0.875
vt 0 0.875
vt 0 1
vt 0.375 1
vt 0.375 0.875
vt 0 0.875
vt 0 1
vt 0.1875 1
vt 0.1875 0.625
vt 0 0.625
vt 0 1
vt 0.1875 1
vt 0.1875 0.625
vt 0 0.625
vn 0 0.17364817766693033 -0.984807753012208
vn 1 0 0
vn 0 -0.17364817766693033 0.984807753012208
vn -1 0 0
vn 0 0.984807753012208 0.17364817766693033
vn 0 -0.984807753012208 -0.17364817766693033
usemtl none
f 180/532/133 183/531/133 181/530/133 178/529/133
f 179/536/134 180/535/134 178/534/134 177/533/134
f 184/540/135 179/539/135 177/538/135 182/537/135
f 183/544/136 184/543/136 182/542/136 181/541/136
f 182/548/137 177/547/137 178/546/137 181/545/137
f 183/552/138 180/551/138 179/550/138 184/549/138
o cube
v 0.12249999999999997 3.0593440822264046 1.0425752343480903
v 0.12249999999999997 3.665531683904416 0.6563911408488108
v 0.12249999999999997 2.713457459353136 0.49964199110604457
v 0.12249999999999997 3.3196450610311476 0.113457897606765
v -0.4025000000000001 3.665531683904416 0.6563911408488108
v -0.4025000000000001 3.0593440822264046 1.0425752343480903
v -0.4025000000000001 3.3196450610311476 0.113457897606765
v -0.4025000000000001 2.713457459353136 0.49964199110604457
vt 0 1
vt 0.1875 1
vt 0.1875 0.875
vt 0 0.875
vt 0 1
vt 0.375 1
vt 0.375 0.875
vt 0 0.875
vt 0 1
vt 0.1875 1
vt 0.1875 0.875
vt 0 0.875
vt 0 1
vt 0.375 1
vt 0.375 0.875
vt 0 0.875
vt 0 1
vt 0.1875 1
vt 0.1875 0.625
vt 0 0.625
vt 0 1
vt 0.1875 1
vt 0.1875 0.625
vt 0 0.625
vn 0 0.8433914458128856 -0.5372996083468238
vn 1 0 0
vn 0 -0.8433914458128856 0.5372996083468238
vn -1 0 0
vn 0 0.5372996083468238 0.8433914458128856
vn 0 -0.5372996083468238 -0.8433914458128856
usemtl none
f 188/556/139 191/555/139 189/554/139 186/553/139
f 187/560/140 188/559/140 186/558/140 185/557/140
f 192/564/141 187/563/141 185/562/141 190/561/141
f 191/568/142 192/567/142 190/566/142 189/565/142
f 190/572/143 185/571/143 186/570/143 189/569/143
f 191/576/144 188/575/144 187/574/144 192/573/144
o cube
v 0.22250000000000006 0.9732363122463722 1.6218558289890994
v 0.22250000000000006 2.0819322674911858 1.9714263209128167
v 0.22250000000000006 1.1780921381586582 0.9721361562918693
v 0.22250000000000006 2.286788093403472 1.3217066482155866
v -0.5025 2.0819322674911858 1.9714263209128167
v -0.5025 0.9732363122463722 1.6218558289890994
v -0.5025 2.286788093403472 1.3217066482155866
v -0.5025 1.1780921381586582 0.9721361562918693
vt 0 1
vt 0.1875 1
vt 0.1875 0.875
vt 0 0.875
vt 0 1
vt 0.375 1
vt 0.375 0.875
vt 0 0.875
vt 0 1
vt 0.1875 1
vt 0.1875 0.875
vt 0 0.875
vt 0 1
vt 0.375 1
vt 0.375 0.875
vt 0 0.875
vt 0 1
vt 0.1875 1
vt 0.1875 0.625
vt 0 0.625
vt 0 1
vt 0.1875 1
vt 0.1875 0.625
vt 0 0.625
vn 0 0.953716950748227 0.300705799504273
vn 1 0 0
vn 0 -0.953716950748227 -0.300705799504273
vn -1 0 0
vn 0 -0.300705799504273 0.953716950748227
vn 0 0.300705799504273 -0.953716950748227
usemtl none
f 196/580/145 199/579/145 197/578/145 194/577/145
f 195/584/146 196/583/146 194/582/146 193/581/146
f 200/588/147 195/587/147 193/586/147 198/585/147
f 199/592/148 200/591/148 198/590/148 197/589/148
f 198/596/149 193/595/149 194/594/149 197/593/149
f 199/600/150 196/599/150 195/598/150 200/597/150
o cube
v -0.19625000000000004 0.9166375653769534 1.4604574951764642
v -0.19625000000000004 1.6816844089931697 1.8587156740916806
v -0.19625000000000004 1.2081163774815686 0.9005319067327114
v -0.19625000000000004 1.9731632210977847 1.298790085647928
v -0.68375 1.6816844089931697 1.8587156740916806
v -0.68375 0.9166375653769534 1.4604574951764642
v -0.68375 1.9731632210977847 1.298790085647928
v -0.68375 1.2081163774815686 0.9005319067327114
vt 0 1
vt 0.1875 1
vt 0.1875 0.875
vt 0 0.875
vt 0 1
vt 0.375 1
vt 0.375 0.875
vt 0 0.875
vt 0 1
vt 0.1875 1
vt 0.1875 0.875
vt 0 0.875
vt 0 1
vt 0.375 1
vt 0.375 0.875
vt 0 0.875
vt 0 1
vt 0.1875 1
vt 0.1875 0.625
vt 0 0.625
vt 0 1
vt 0.1875 1
vt 0.1875 0.625
vt 0 0.625
vn 0 0.8870108331782218 0.4617486132350337
vn 1 0 0
vn 0 -0.8870108331782218 -0.4617486132350337
vn -1 0 0
vn 0 -0.4617486132350337 0.8870108331782218
vn 0 0.4617486132350337 -0.8870108331782218
usemtl none
f 204/604/151 207/603/151 205/602/151 202/601/151
f 203/608/152 204/607/152 202/606/152 201/605/152
f 208/612/153 203/611/153 201/610/153 206/609/153
f 207/616/154 208/615/154 206/614/154 205/613/154
f 206/620/155 201/619/155 202/618/155 205/617/155
f 207/624/156 204/623/156 203/622/156 208/621/156
o cube
v -0.19625000000000004 0.39749999999999996 1.5612500000000002
v -0.19625000000000004 1.1287500000000001 1.56125
v -0.19625000000000004 0.39749999999999985 1.0300000000000002
v -0.19625000000000004 1.1287500000000001 1.03
v -0.68375 1.1287500000000001 1.56125
v -0.68375 0.39749999999999996 1.5612500000000002
v -0.68375 1.1287500000000001 1.03
v -0.68375 0.39749999999999985 1.0300000000000002
vt 0 1
vt 0.1875 1
vt 0.1875 0.875
vt 0 0.875
vt 0 1
vt 0.375 1
vt 0.375 0.875
vt 0 0.875
vt 0 1
vt 0.1875 1
vt 0.1875 0.875
vt 0 0.875
vt 0 1
vt 0.375 1
vt 0.375 0.875
vt 0 0.875
vt 0 1
vt 0.1875 1
vt 0.1875 0.625
vt 0 0.625
vt 0 1
vt 0.1875 1
vt 0.1875 0.625
vt 0 0.625
vn 0 1 -2.220446049250313e-16
vn 1 0 0
vn 0 -1 2.220446049250313e-16
vn -1 0 0
vn 0 2.220446049250313e-16 1
vn 0 -2.220446049250313e-16 -1
usemtl none
f 212/628/157 215/627/157 213/626/157 210/625/157
f 211/632/158 212/631/158 210/630/158 209/629/158
f 216/636/159 211/635/159 209/634/159 214/633/159
f 215/640/160 216/639/160 214/638/160 213/637/160
f 214/644/161 209/643/161 210/642/161 213/641/161
f 215/648/162 212/647/162 211/646/162 216/645/162
o cube
v -0.2587499999999999 0.0662500000000002 1.5112500000000002
v -0.2587499999999999 0.4975000000000001 1.51125
v -0.2587499999999999 0.06625000000000014 1.1237500000000002
v -0.2587499999999999 0.49750000000000005 1.12375
v -0.62125 0.4975000000000001 1.51125
v -0.62125 0.0662500000000002 1.5112500000000002
v -0.62125 0.49750000000000005 1.12375
v -0.62125 0.06625000000000014 1.1237500000000002
vt 0 1
vt 0.1875 1
vt 0.1875 0.875
vt 0 0.875
vt 0 1
vt 0.375 1
vt 0.375 0.875
vt 0 0.875
vt 0 1
vt 0.1875 1
vt 0.1875 0.875
vt 0 0.875
vt 0 1
vt 0.375 1
vt 0.375 0.875
vt 0 0.875
vt 0 1
vt 0.1875 1
vt 0.1875 0.625
vt 0 0.625
vt 0 1
vt 0.1875 1
vt 0.1875 0.625
vt 0 0.625
vn 0 1 -2.220446049250313e-16
vn 1 0 0
vn 0 -1 2.220446049250313e-16
vn -1 0 0
vn 0 2.220446049250313e-16 1
vn 0 -2.220446049250313e-16 -1
usemtl none
f 220/652/163 223/651/163 221/650/163 218/649/163
f 219/656/164 220/655/164 218/654/164 217/653/164
f 224/660/165 219/659/165 217/658/165 222/657/165
f 223/664/166 224/663/166 222/662/166 221/661/166
f 222/668/167 217/667/167 218/666/167 221/665/167
f 223/672/168 220/671/168 219/670/168 224/669/168
o cube
v -0.2587499999999999 0.016250000000000264 1.51125
v -0.2587499999999999 0.2225000000000001 1.51125
v -0.2587499999999999 0.016250000000000153 0.9425000000000001
v -0.2587499999999999 0.22249999999999998 0.9425000000000001
v -0.62125 0.2225000000000001 1.51125
v -0.62125 0.016250000000000264 1.51125
v -0.62125 0.22249999999999998 0.9425000000000001
v -0.62125 0.016250000000000153 0.9425000000000001
vt 0 1
vt 0.1875 1
vt 0.1875 0.875
vt 0 0.875
vt 0 1
vt 0.375 1
vt 0.375 0.875
vt 0 0.875
vt 0 1
vt 0.1875 1
vt 0.1875 0.875
vt 0 0.875
vt 0 1
vt 0.375 1
vt 0.375 0.875
vt 0 0.875
vt 0 1
vt 0.1875 1
vt 0.1875 0.625
vt 0 0.625
vt 0 1
vt 0.1875 1
vt 0.1875 0.625
vt 0 0.625
vn 0 1 -2.220446049250313e-16
vn 1 0 0
vn 0 -1 2.220446049250313e-16
vn -1 0 0
vn 0 2.220446049250313e-16 1
vn 0 -2.220446049250313e-16 -1
usemtl none
f 228/676/169 231/675/169 229/674/169 226/673/169
f 227/680/170 228/679/170 226/678/170 225/677/170
f 232/684/171 227/683/171 225/682/171 230/681/171
f 231/688/172 232/687/172 230/686/172 229/685/172
f 230/692/173 225/691/173 226/690/173 229/689/173
f 231/696/174 228/695/174 227/694/174 232/693/174
o cube
v -0.54 0.016250000000000236 0.9362500000000001
v -0.54 0.22250000000000006 0.93625
v -0.54 0.01625000000000021 0.8112500000000001
v -0.54 0.22250000000000003 0.81125
v -0.6212499999999999 0.22250000000000006 0.93625
v -0.6212499999999999 0.016250000000000236 0.9362500000000001
v -0.6212499999999999 0.22250000000000003 0.81125
v -0.6212499999999999 0.01625000000000021 0.8112500000000001
vt 0 1
vt 0.1875 1
vt 0.1875 0.875
vt 0 0.875
vt 0 1
vt 0.375 1
vt 0.375 0.875
vt 0 0.875
vt 0 1
vt 0.1875 1
vt 0.1875 0.875
vt 0 0.875
vt 0 1
vt 0.375 1
vt 0.375 0.875
vt 0 0.875
vt 0 1
vt 0.1875 1
vt 0.1875 0.625
vt 0 0.625
vt 0 1
vt 0.1875 1
vt 0.1875 0.625
vt 0 0.625
vn 0 1 -2.220446049250313e-16
vn 1 0 0
vn 0 -1 2.220446049250313e-16
vn -1 0 0
vn 0 2.220446049250313e-16 1
vn 0 -2.220446049250313e-16 -1
usemtl none
f 236/700/175 239/699/175 237/698/175 234/697/175
f 235/704/176 236/703/176 234/702/176 233/701/176
f 240/708/177 235/707/177 233/706/177 238/705/177
f 239/712/178 240/711/178 238/710/178 237/709/178
f 238/716/179 233/715/179 234/714/179 237/713/179
f 239/720/180 236/719/180 235/718/180 240/717/180
o cube
v -0.39 0.016250000000000236 0.9362500000000001
v -0.39 0.22250000000000006 0.93625
v -0.39 0.01625000000000021 0.8112500000000001
v -0.39 0.22250000000000003 0.81125
v -0.5025 0.22250000000000006 0.93625
v -0.5025 0.016250000000000236 0.9362500000000001
v -0.5025 0.22250000000000003 0.81125
v -0.5025 0.01625000000000021 0.8112500000000001
vt 0 1
vt 0.1875 1
vt 0.1875 0.875
vt 0 0.875
vt 0 1
vt 0.375 1
vt 0.375 0.875
vt 0 0.875
vt 0 1
vt 0.1875 1
vt 0.1875 0.875
vt 0 0.875
vt 0 1
vt 0.375 1
vt 0.375 0.875
vt 0 0.875
vt 0 1
vt 0.1875 1
vt 0.1875 0.625
vt 0 0.625
vt 0 1
vt 0.1875 1
vt 0.1875 0.625
vt 0 0.625
vn 0 1 -2.220446049250313e-16
vn 1 0 0
vn 0 -1 2.220446049250313e-16
vn -1 0 0
vn 0 2.220446049250313e-16 1
vn 0 -2.220446049250313e-16 -1
usemtl none
f 244/724/181 247/723/181 245/722/181 242/721/181
f 243/728/182 244/727/182 242/726/182 241/725/182
f 248/732/183 243/731/183 241/730/183 246/729/183
f 247/736/184 248/735/184 246/734/184 245/733/184
f 246/740/185 241/739/185 242/738/185 245/737/185
f 247/744/186 244/743/186 243/742/186 248/741/186
o cube
v -0.25875 0.016250000000000236 0.9362500000000001
v -0.25875 0.22250000000000006 0.93625
v -0.25875 0.01625000000000021 0.8112500000000001
v -0.25875 0.22250000000000003 0.81125
v -0.34625 0.22250000000000006 0.93625
v -0.34625 0.016250000000000236 0.9362500000000001
v -0.34625 0.22250000000000003 0.81125
v -0.34625 0.01625000000000021 0.8112500000000001
vt 0 1
vt 0.1875 1
vt 0.1875 0.875
vt 0 0.875
vt 0 1
vt 0.375 1
vt 0.375 0.875
vt 0 0.875
vt 0 1
vt 0.1875 1
vt 0.1875 0.875
vt 0 0.875
vt 0 1
vt 0.375 1
vt 0.375 0.875
vt 0 0.875
vt 0 1
vt 0.1875 1
vt 0.1875 0.625
vt 0 0.625
vt 0 1
vt 0.1875 1
vt 0.1875 0.625
vt 0 0.625
vn 0 1 -2.220446049250313e-16
vn 1 0 0
vn 0 -1 2.220446049250313e-16
vn -1 0 0
vn 0 2.220446049250313e-16 1
vn 0 -2.220446049250313e-16 -1
usemtl none
f 252/748/187 255/747/187 253/746/187 250/745/187
f 251/752/188 252/751/188 250/750/188 249/749/188
f 256/756/189 251/755/189 249/754/189 254/753/189
f 255/760/190 256/759/190 254/758/190 253/757/190
f 254/764/191 249/763/191 250/762/191 253/761/191
f 255/768/192 252/767/192 251/766/192 256/765/192
o cube
v 0.46625000000000005 0.9166375653769534 1.4604574951764642
v 0.46625000000000005 1.6816844089931697 1.8587156740916806
v 0.46625000000000005 1.2081163774815686 0.9005319067327114
v 0.46625000000000005 1.9731632210977847 1.298790085647928
v -0.027499999999999997 1.6816844089931697 1.8587156740916806
v -0.027499999999999997 0.9166375653769534 1.4604574951764642
v -0.027499999999999997 1.9731632210977847 1.298790085647928
v -0.027499999999999997 1.2081163774815686 0.9005319067327114
vt 0 1
vt 0.1875 1
vt 0.1875 0.875
vt 0 0.875
vt 0 1
vt 0.375 1
vt 0.375 0.875
vt 0 0.875
vt 0 1
vt 0.1875 1
vt 0.1875 0.875
vt 0 0.875
vt 0 1
vt 0.375 1
vt 0.375 0.875
vt 0 0.875
vt 0 1
vt 0.1875 1
vt 0.1875 0.625
vt 0 0.625
vt 0 1
vt 0.1875 1
vt 0.1875 0.625
vt 0 0.625
vn 0 0.8870108331782218 0.4617486132350337
vn 1 0 0
vn 0 -0.8870108331782218 -0.4617486132350337
vn -1 0 0
vn 0 -0.4617486132350337 0.8870108331782218
vn 0 0.4617486132350337 -0.8870108331782218
usemtl none
f 260/772/193 263/771/193 261/770/193 258/769/193
f 259/776/194 260/775/194 258/774/194 257/773/194
f 264/780/195 259/779/195 257/778/195 262/777/195
f 263/784/196 264/783/196 262/782/196 261/781/196
f 262/788/197 257/787/197 258/786/197 261/785/197
f 263/792/198 260/791/198 259/790/198 264/789/198
o cube
v 0.46625000000000005 0.39749999999999996 1.5612500000000002
v 0.46625000000000005 1.1287500000000001 1.56125
v 0.46625000000000005 0.39749999999999985 1.0300000000000002
v 0.46625000000000005 1.1287500000000001 1.03
v -0.027499999999999997 1.1287500000000001 1.56125
v -0.027499999999999997 0.39749999999999996 1.5612500000000002
v -0.027499999999999997 1.1287500000000001 1.03
v -0.027499999999999997 0.39749999999999985 1.0300000000000002
vt 0 1
vt 0.1875 1
vt 0.1875 0.875
vt 0 0.875
vt 0 1
vt 0.375 1
vt 0.375 0.875
vt 0 0.875
vt 0 1
vt 0.1875 1
vt 0.1875 0.875
vt 0 0.875
vt 0 1
vt 0.375 1
vt 0.375 0.875
vt 0 0.875
vt 0 1
vt 0.1875 1
vt 0.1875 0.625
vt 0 0.625
vt 0 1
vt 0.1875 1
vt 0.1875 0.625
vt 0 0.625
vn 0 1 -2.220446049250313e-16
vn 1 0 0
vn 0 -1 2.220446049250313e-16
vn -1 0 0
vn 0 2.220446049250313e-16 1
vn 0 -2.220446049250313e-16 -1
usemtl none
f 268/796/199 271/795/199 269/794/199 266/793/199
f 267/800/200 268/799/200 266/798/200 265/797/200
f 272/804/201 267/803/201 265/802/201 270/801/201
f 271/808/202 272/807/202 270/806/202 269/805/202
f 270/812/203 265/811/203 266/810/203 269/809/203
f 271/816/204 268/815/204 267/814/204 272/813/204
o cube
v 0.40375000000000005 0.0662500000000002 1.5112500000000002
v 0.40375000000000005 0.4975000000000001 1.51125
v 0.40375000000000005 0.06625000000000014 1.1237500000000002
v 0.40375000000000005 0.49750000000000005 1.12375
v 0.035 0.4975000000000001 1.51125
v 0.035 0.0662500000000002 1.5112500000000002
v 0.035 0.49750000000000005 1.12375
v 0.035 0.06625000000000014 1.1237500000000002
vt 0 1
vt 0.1875 1
vt 0.1875 0.875
vt 0 0.875
vt 0 1
vt 0.375 1
vt 0.375 0.875
vt 0 0.875
vt 0 1
vt 0.1875 1
vt 0.1875 0.875
vt 0 0.875
vt 0 1
vt 0.375 1
vt 0.375 0.875
vt 0 0.875
vt 0 1
vt 0.1875 1
vt 0.1875 0.625
vt 0 0.625
vt 0 1
vt 0.1875 1
vt 0.1875 0.625
vt 0 0.625
vn 0 1 -2.220446049250313e-16
vn 1 0 0
vn 0 -1 2.220446049250313e-16
vn -1 0 0
vn 0 2.220446049250313e-16 1
vn 0 -2.220446049250313e-16 -1
usemtl none
f 276/820/205 279/819/205 277/818/205 274/817/205
f 275/824/206 276/823/206 274/822/206 273/821/206
f 280/828/207 275/827/207 273/826/207 278/825/207
f 279/832/208 280/831/208 278/830/208 277/829/208
f 278/836/209 273/835/209 274/834/209 277/833/209
f 279/840/210 276/839/210 275/838/210 280/837/210
o cube
v 0.40375000000000005 0.016250000000000264 1.51125
v 0.40375000000000005 0.2225000000000001 1.51125
v 0.40375000000000005 0.016250000000000153 0.9425000000000001
v 0.40375000000000005 0.22249999999999998 0.9425000000000001
v 0.035 0.2225000000000001 1.51125
v 0.035 0.016250000000000264 1.51125
v 0.035 0.22249999999999998 0.9425000000000001
v 0.035 0.016250000000000153 0.9425000000000001
vt 0 1
vt 0.1875 1
vt 0.1875 0.875
vt 0 0.875
vt 0 1
vt 0.375 1
vt 0.375 0.875
vt 0 0.875
vt 0 1
vt 0.1875 1
vt 0.1875 0.875
vt 0 0.875
vt 0 1
vt 0.375 1
vt 0.375 0.875
vt 0 0.875
vt 0 1
vt 0.1875 1
vt 0.1875 0.625
vt 0 0.625
vt 0 1
vt 0.1875 1
vt 0.1875 0.625
vt 0 0.625
vn 0 1 -2.220446049250313e-16
vn 1 0 0
vn 0 -1 2.220446049250313e-16
vn -1 0 0
vn 0 2.220446049250313e-16 1
vn 0 -2.220446049250313e-16 -1
usemtl none
f 284/844/211 287/843/211 285/842/211 282/841/211
f 283/848/212 284/847/212 282/846/212 281/845/212
f 288/852/213 283/851/213 281/850/213 286/849/213
f 287/856/214 288/855/214 286/854/214 285/853/214
f 286/860/215 281/859/215 282/858/215 285/857/215
f 287/864/216 284/863/216 283/862/216 288/861/216
o cube
v 0.1225 0.016250000000000236 0.9362500000000001
v 0.1225 0.22250000000000006 0.93625
v 0.1225 0.01625000000000021 0.8112500000000001
v 0.1225 0.22250000000000003 0.81125
v 0.035 0.22250000000000006 0.93625
v 0.035 0.016250000000000236 0.9362500000000001
v 0.035 0.22250000000000003 0.81125
v 0.035 0.01625000000000021 0.8112500000000001
vt 0 1
vt 0.1875 1
vt 0.1875 0.875
vt 0 0.875
vt 0 1
vt 0.375 1
vt 0.375 0.875
vt 0 0.875
vt 0 1
vt 0.1875 1
vt 0.1875 0.875
vt 0 0.875
vt 0 1
vt 0.375 1
vt 0.375 0.875
vt 0 0.875
vt 0 1
vt 0.1875 1
vt 0.1875 0.625
vt 0 0.625
vt 0 1
vt 0.1875 1
vt 0.1875 0.625
vt 0 0.625
vn 0 1 -2.220446049250313e-16
vn 1 0 0
vn 0 -1 2.220446049250313e-16
vn -1 0 0
vn 0 2.220446049250313e-16 1
vn 0 -2.220446049250313e-16 -1
usemtl none
f 292/868/217 295/867/217 293/866/217 290/865/217
f 291/872/218 292/871/218 290/870/218 289/869/218
f 296/876/219 291/875/219 289/874/219 294/873/219
f 295/880/220 296/879/220 294/878/220 293/877/220
f 294/884/221 289/883/221 290/882/221 293/881/221
f 295/888/222 292/887/222 291/886/222 296/885/222
o cube
v 0.2725 0.016250000000000236 0.9362500000000001
v 0.2725 0.22250000000000006 0.93625
v 0.2725 0.01625000000000021 0.8112500000000001
v 0.2725 0.22250000000000003 0.81125
v 0.15375 0.22250000000000006 0.93625
v 0.15375 0.016250000000000236 0.9362500000000001
v 0.15375 0.22250000000000003 0.81125
v 0.15375 0.01625000000000021 0.8112500000000001
vt 0 1
vt 0.1875 1
vt 0.1875 0.875
vt 0 0.875
vt 0 1
vt 0.375 1
vt 0.375 0.875
vt 0 0.875
vt 0 1
vt 0.1875 1
vt 0.1875 0.875
vt 0 0.875
vt 0 1
vt 0.375 1
vt 0.375 0.875
vt 0 0.875
vt 0 1
vt 0.1875 1
vt 0.1875 0.625
vt 0 0.625
vt 0 1
vt 0.1875 1
vt 0.1875 0.625
vt 0 0.625
vn 0 1 -2.220446049250313e-16
vn 1 0 0
vn 0 -1 2.220446049250313e-16
vn -1 0 0
vn 0 2.220446049250313e-16 1
vn 0 -2.220446049250313e-16 -1
usemtl none
f 300/892/223 303/891/223 301/890/223 298/889/223
f 299/896/224 300/895/224 298/894/224 297/893/224
f 304/900/225 299/899/225 297/898/225 302/897/225
f 303/904/226 304/903/226 302/902/226 301/901/226
f 302/908/227 297/907/227 298/906/227 301/905/227
f 303/912/228 300/911/228 299/910/228 304/909/228
o cube
v 0.40375 0.016250000000000236 0.9362500000000001
v 0.40375 0.22250000000000006 0.93625
v 0.40375 0.01625000000000021 0.8112500000000001
v 0.40375 0.22250000000000003 0.81125
v 0.31 0.22250000000000006 0.93625
v 0.31 0.016250000000000236 0.9362500000000001
v 0.31 0.22250000000000003 0.81125
v 0.31 0.01625000000000021 0.8112500000000001
vt 0 1
vt 0.1875 1
vt 0.1875 0.875
vt 0 0.875
vt 0 1
vt 0.375 1
vt 0.375 0.875
vt 0 0.875
vt 0 1
vt 0.1875 1
vt 0.1875 0.875
vt 0 0.875
vt 0 1
vt 0.375 1
vt 0.375 0.875
vt 0 0.875
vt 0 1
vt 0.1875 1
vt 0.1875 0.625
vt 0 0.625
vt 0 1
vt 0.1875 1
vt 0.1875 0.625
vt 0 0.625
vn 0 1 -2.220446049250313e-16
vn 1 0 0
vn 0 -1 2.220446049250313e-16
vn -1 0 0
vn 0 2.220446049250313e-16 1
vn 0 -2.220446049250313e-16 -1
usemtl none
f 308/916/229 311/915/229 309/914/229 306/913/229
f 307/920/230 308/919/230 306/918/230 305/917/230
f 312/924/231 307/923/231 305/922/231 310/921/231
f 311/928/232 312/927/232 310/926/232 309/925/232
f 310/932/233 305/931/233 306/930/233 309/929/233
f 311/936/234 308/935/234 307/934/234 312/933/234
o cube
v 0.2225000000000001 1.8615020604663752 0.25220044408329256
v 0.2225000000000001 2.272886750258847 1.2453709415329257
v 0.2225000000000001 2.623702674788186 -0.06351338761790626
v 0.2225000000000001 3.0350873645806575 0.929657109831727
v -0.5025 2.272886750258847 1.2453709415329257
v -0.5025 1.8615020604663752 0.25220044408329256
v -0.5025 3.0350873645806575 0.929657109831727
v -0.5025 2.623702674788186 -0.06351338761790626
vt 0 1
vt 0.1875 1
vt 0.1875 0.875
vt 0 0.875
vt 0 1
vt 0.375 1
vt 0.375 0.875
vt 0 0.875
vt 0 1
vt 0.1875 1
vt 0.1875 0.875
vt 0 0.875
vt 0 1
vt 0.375 1
vt 0.375 0.875
vt 0 0.875
vt 0 1
vt 0.1875 1
vt 0.1875 0.625
vt 0 0.625
vt 0 1
vt 0.1875 1
vt 0.1875 0.625
vt 0 0.625
vn 0 0.3826834323650899 0.9238795325112867
vn 1 0 0
vn 0 -0.3826834323650899 -0.9238795325112867
vn -1 0 0
vn 0 -0.9238795325112867 0.3826834323650899
vn 0 0.9238795325112867 -0.3826834323650899
usemtl none
f 316/940/235 319/939/235 317/938/235 314/937/235
f 315/944/236 316/943/236 314/942/236 313/941/236
f 320/948/237 315/947/237 313/946/237 318/945/237
f 319/952/238 320/951/238 318/950/238 317/949/238
f 318/956/239 313/955/239 314/954/239 317/953/239
f 319/960/240 316/959/240 315/958/240 320/957/240
o cube
v -0.27125 1.968710351733165 0.2592145866881601
v -0.27125 2.3339672091383976 0.7352265908629012
v -0.27125 2.469514647792007 -0.12506606537359444
v -0.27125 2.8347715051972395 0.35094593880114666
v -0.57125 2.3339672091383976 0.7352265908629012
v -0.57125 1.968710351733165 0.2592145866881601
v -0.57125 2.8347715051972395 0.35094593880114666
v -0.57125 2.469514647792007 -0.12506606537359444
vt 0 1
vt 0.1875 1
vt 0.1875 0.875
vt 0 0.875
vt 0 1
vt 0.375 1
vt 0.375 0.875
vt 0 0.875
vt 0 1
vt 0.1875 1
vt 0.1875 0.875
vt 0 0.875
vt 0 1
vt 0.375 1
vt 0.375 0.875
vt 0 0.875
vt 0 1
vt 0.1875 1
vt 0.1875 0.625
vt 0 0.625
vt 0 1
vt 0.1875 1
vt 0.1875 0.625
vt 0 0.625
vn 0 0.6087614290087205 0.7933533402912354
vn 1 0 0
vn 0 -0.6087614290087205 -0.7933533402912354
vn -1 0 0
vn 0 -0.7933533402912354 0.6087614290087205
vn 0 0.7933533402912354 -0.6087614290087205
usemtl none
f 324/964/241 327/963/241 325/962/241 322/961/241
f 323/968/242 324/967/242 322/966/242 321/965/242
f 328/972/243 323/971/243 321/970/243 326/969/243
f 327/976/244 328/975/244 326/974/244 325/973/244
f 326/980/245 321/979/245 322/978/245 325/977/245
f 327/984/246 324/983/246 323/982/246 328/981/246
o cube
v -0.265 1.8323667949243987 -0.3620773931109229
v -0.265 2.1334823064146473 0.28366690515269033
v -0.265 2.1552389440562054 -0.5126351488560472
v -0.265 2.456354455546454 0.13310914940756588
v -0.5775 2.1334823064146473 0.28366690515269033
v -0.5775 1.8323667949243987 -0.3620773931109229
v -0.5775 2.456354455546454 0.13310914940756588
v -0.5775 2.1552389440562054 -0.5126351488560472
vt 0 1
vt 0.1875 1
vt 0.1875 0.875
vt 0 0.875
vt 0 1
vt 0.375 1
vt 0.375 0.875
vt 0 0.875
vt 0 1
vt 0.1875 1
vt 0.1875 0.875
vt 0 0.875
vt 0 1
vt 0.375 1
vt 0.375 0.875
vt 0 0.875
vt 0 1
vt 0.1875 1
vt 0.1875 0.625
vt 0 0.625
vt 0 1
vt 0.1875 1
vt 0.1875 0.625
vt 0 0.625
vn 0 0.42261826174069983 0.9063077870366499
vn 1 0 0
vn 0 -0.42261826174069983 -0.9063077870366499
vn -1 0 0
vn 0 -0.9063077870366499 0.42261826174069983
vn 0 0.9063077870366499 -0.42261826174069983
usemtl none
f 332/988/247 335/987/247 333/986/247 330/985/247
f 331/992/248 332/991/248 330/990/248 329/989/248
f 336/996/249 331/995/249 329/994/249 334/993/249
f 335/1000/250 336/999/250 334/998/250 333/997/250
f 334/1004/251 329/1003/251 330/1002/251 333/1001/251
f 335/1008/252 332/1007/252 331/1006/252 336/1005/252
o cube
v -0.29000000000000004 1.6677159480227517 -0.49915378811787314
v -0.29000000000000004 1.9693459475008492 -0.24605616680379838
v -0.29000000000000004 1.840465118126009 -0.7050282322060983
v -0.29000000000000004 2.1420951176041068 -0.4519306108920236
v -0.5525 1.9693459475008492 -0.24605616680379838
v -0.5525 1.6677159480227517 -0.49915378811787314
v -0.5525 2.1420951176041068 -0.4519306108920236
v -0.5525 1.840465118126009 -0.7050282322060983
vt 0 1
vt 0.1875 1
vt 0.1875 0.875
vt 0 0.875
vt 0 1
vt 0.375 1
vt 0.375 0.875
vt 0 0.875
vt 0 1
vt 0.1875 1
vt 0.1875 0.875
vt 0 0.875
vt 0 1
vt 0.375 1
vt 0.375 0.875
vt 0 0.875
vt 0 1
vt 0.1875 1
vt 0.1875 0.625
vt 0 0.625
vt 0 1
vt 0.1875 1
vt 0.1875 0.625
vt 0 0.625
vn 0 0.766044443118978 0.6427876096865393
vn 1 0 0
vn 0 -0.766044443118978 -0.6427876096865393
vn -1 0 0
vn 0 -0.6427876096865393 0.766044443118978
vn 0 0.6427876096865393 -0.766044443118978
usemtl none
f 340/1012/253 343/1011/253 341/1010/253 338/1009/253
f 339/1016/254 340/1015/254 338/1014/254 337/1013/254
f 344/1020/255 339/1019/255 337/1018/255 342/1017/255
f 343/1024/256 344/1023/256 342/1022/256 341/1021/256
f 342/1028/257 337/1027/257 338/1026/257 341/1025/257
f 343/1032/258 340/1031/258 339/1030/258 344/1029/258
o cube
v -0.27125 1.5092418130959029 -0.6134974227842134
v -0.27125 1.6720262572586857 -0.47690505572582387
v -0.27125 1.7060955185624056 -0.8480985334894003
v -0.27125 1.8688799627251884 -0.7115061664310107
v -0.57125 1.6720262572586857 -0.47690505572582387
v -0.57125 1.5092418130959029 -0.6134974227842134
v -0.57125 1.8688799627251884 -0.7115061664310107
v -0.57125 1.7060955185624056 -0.8480985334894003
vt 0 1
vt 0.1875 1
vt 0.1875 0.875
vt 0 0.875
vt 0 1
vt 0.375 1
vt 0.375 0.875
vt 0 0.875
vt 0 1
vt 0.1875 1
vt 0.1875 0.875
vt 0 0.875
vt 0 1
vt 0.375 1
vt 0.375 0.875
vt 0 0.875
vt 0 1
vt 0.1875 1
vt 0.1875 0.625
vt 0 0.625
vt 0 1
vt 0.1875 1
vt 0.1875 0.625
vt 0 0.625
vn 0 0.766044443118978 0.6427876096865393
vn 1 0 0
vn 0 -0.766044443118978 -0.6427876096865393
vn -1 0 0
vn 0 -0.6427876096865393 0.766044443118978
vn 0 0.6427876096865393 -0.766044443118978
usemtl none
f 348/1036/259 351/1035/259 349/1034/259 346/1033/259
f 347/1040/260 348/1039/260 346/1038/260 345/1037/260
f 352/1044/261 347/1043/261 345/1042/261 350/1041/261
f 351/1048/262 352/1047/262 350/1046/262 349/1045/262
f 350/1052/263 345/1051/263 346/1050/263 349/1049/263
f 351/1056/264 348/1055/264 347/1054/264 352/1053/264
o cube
v 0.29125 1.5092418130959029 -0.6134974227842134
v 0.29125 1.6720262572586857 -0.47690505572582387
v 0.29125 1.7060955185624056 -0.8480985334894003
v 0.29125 1.8688799627251884 -0.7115061664310107
v -0.008750000000000008 1.6720262572586857 -0.47690505572582387
v -0.008750000000000008 1.5092418130959029 -0.6134974227842134
v -0.008750000000000008 1.8688799627251884 -0.7115061664310107
v -0.008750000000000008 1.7060955185624056 -0.8480985334894003
vt 0 1
vt 0.1875 1
vt 0.1875 0.875
vt 0 0.875
vt 0 1
vt 0.375 1
vt 0.375 0.875
vt 0 0.875
vt 0 1
vt 0.1875 1
vt 0.1875 0.875
vt 0 0.875
vt 0 1
vt 0.375 1
vt 0.375 0.875
vt 0 0.875
vt 0 1
vt 0.1875 1
vt 0.1875 0.625
vt 0 0.625
vt 0 1
vt 0.1875 1
vt 0.1875 0.625
vt 0 0.625
vn 0 0.766044443118978 0.6427876096865393
vn 1 0 0
vn 0 -0.766044443118978 -0.6427876096865393
vn -1 0 0
vn 0 -0.6427876096865393 0.766044443118978
vn 0 0.6427876096865393 -0.766044443118978
usemtl none
f 356/1060/265 359/1059/265 357/1058/265 354/1057/265
f 355/1064/266 356/1063/266 354/1062/266 353/1061/266
f 360/1068/267 355/1067/267 353/1066/267 358/1065/267
f 359/1072/268 360/1071/268 358/1070/268 357/1069/268
f 358/1076/269 353/1075/269 354/1074/269 357/1073/269
f 359/1080/270 356/1079/270 355/1078/270 360/1077/270
o cube
v 0.2975 1.8323667949243987 -0.3620773931109229
v 0.2975 2.1334823064146473 0.28366690515269033
v 0.2975 2.1552389440562054 -0.5126351488560472
v 0.2975 2.456354455546454 0.13310914940756588
v -0.015000000000000013 2.1334823064146473 0.28366690515269033
v -0.015000000000000013 1.8323667949243987 -0.3620773931109229
v -0.015000000000000013 2.456354455546454 0.13310914940756588
v -0.015000000000000013 2.1552389440562054 -0.5126351488560472
vt 0 1
vt 0.1875 1
vt 0.1875 0.875
vt 0 0.875
vt 0 1
vt 0.375 1
vt 0.375 0.875
vt 0 0.875
vt 0 1
vt 0.1875 1
vt 0.1875 0.875
vt 0 0.875
vt 0 1
vt 0.375 1
vt 0.375 0.875
vt 0 0.875
vt 0 1
vt 0.1875 1
vt 0.1875 0.625
vt 0 0.625
vt 0 1
vt 0.1875 1
vt 0.1875 0.625
vt 0 0.625
vn 0 0.42261826174069983 0.9063077870366499
vn 1 0 0
vn 0 -0.42261826174069983 -0.9063077870366499
vn -1 0 0
vn 0 -0.9063077870366499 0.42261826174069983
vn 0 0.9063077870366499 -0.42261826174069983
usemtl none
f 364/1084/271 367/1083/271 365/1082/271 362/1081/271
f 363/1088/272 364/1087/272 362/1086/272 361/1085/272
f 368/1092/273 363/1091/273 361/1090/273 366/1089/273
f 367/1096/274 368/1095/274 366/1094/274 365/1093/274
f 366/1100/275 361/1099/275 362/1098/275 365/1097/275
f 367/1104/276 364/1103/276 363/1102/276 368/1101/276
o cube
v 0.2725 1.6677159480227517 -0.49915378811787314
v 0.2725 1.9693459475008492 -0.24605616680379838
v 0.2725 1.840465118126009 -0.7050282322060983
v 0.2725 2.1420951176041068 -0.4519306108920236
v 0.010000000000000009 1.9693459475008492 -0.24605616680379838
v 0.010000000000000009 1.6677159480227517 -0.49915378811787314
v 0.010000000000000009 2.1420951176041068 -0.4519306108920236
v 0.010000000000000009 1.840465118126009 -0.7050282322060983
vt 0 1
vt 0.1875 1
vt 0.1875 0.875
vt 0 0.875
vt 0 1
vt 0.375 1
vt 0.375 0.875
vt 0 0.875
vt 0 1
vt 0.1875 1
vt 0.1875 0.875
vt 0 0.875
vt 0 1
vt 0.375 1
vt 0.375 0.875
vt 0 0.875
vt 0 1
vt 0.1875 1
vt 0.1875 0.625
vt 0 0.625
vt 0 1
vt 0.1875 1
vt 0.1875 0.625
vt 0 0.625
vn 0 0.766044443118978 0.6427876096865393
vn 1 0 0
vn 0 -0.766044443118978 -0.6427876096865393
vn -1 0 0
vn 0 -0.6427876096865393 0.766044443118978
vn 0 0.6427876096865393 -0.766044443118978
usemtl none
f 372/1108/277 375/1107/277 373/1106/277 370/1105/277
f 371/1112/278 372/1111/278 370/1110/278 369/1109/278
f 376/1116/279 371/1115/279 369/1114/279 374/1113/279
f 375/1120/280 376/1119/280 374/1118/280 373/1117/280
f 374/1124/281 369/1123/281 370/1122/281 373/1121/281
f 375/1128/282 372/1127/282 371/1126/282 376/1125/282
o cube
v 0.29125 1.900224690969684 0.16996233590539614
v 0.29125 2.3339672091383976 0.7352265908629012
v 0.29125 2.401028987028526 -0.21431831615635843
v 0.29125 2.8347715051972395 0.35094593880114666
v -0.008750000000000008 2.3339672091383976 0.7352265908629012
v -0.008750000000000008 1.900224690969684 0.16996233590539614
v -0.008750000000000008 2.8347715051972395 0.35094593880114666
v -0.008750000000000008 2.401028987028526 -0.21431831615635843
vt 0 1
vt 0.1875 1
vt 0.1875 0.875
vt 0 0.875
vt 0 1
vt 0.375 1
vt 0.375 0.875
vt 0 0.875
vt 0 1
vt 0.1875 1
vt 0.1875 0.875
vt 0 0.875
vt 0 1
vt 0.375 1
vt 0.375 0.875
vt 0 0.875
vt 0 1
vt 0.1875 1
vt 0.1875 0.625
vt 0 0.625
vt 0 1
vt 0.1875 1
vt 0.1875 0.625
vt 0 0.625
vn 0 0.6087614290087205 0.7933533402912354
vn 1 0 0
vn 0 -0.6087614290087205 -0.7933533402912354
vn -1 0 0
vn 0 -0.7933533402912354 0.6087614290087205
vn 0 0.7933533402912354 -0.6087614290087205
usemtl none
f 380/1132/283 383/1131/283 381/1130/283 378/1129/283
f 379/1136/284 380/1135/284 378/1134/284 377/1133/284
f 384/1140/285 379/1139/285 377/1138/285 382/1137/285
f 383/1144/286 384/1143/286 382/1142/286 381/1141/286
f 382/1148/287 377/1147/287 378/1146/287 381/1145/287
f 383/1152/288 380/1151/288 379/1150/288 384/1149/288
o Fang Left
v 0.43526034847497413 1.15325169853583 5.019611095570494
v -0.1602245922972912 0.8094483076825942 3.9607895035393965
v 0.40427071042321433 1.0953539255142482 5.055839402356242
v -0.191214230349051 0.7515505346610123 3.997017810325145
v 0.3768375152681796 1.1963296462736699 5.038480726695321
v -0.21864742550408572 0.852526255420434 3.9796591346642227
v 0.3458478772164198 1.138431873252088 5.074709033481069
v -0.24963706355584553 0.7946284823988521 4.015887441449971
vt 1 1
vt 0 1
vt 0 0.5
vt 1 0.5
vt 1 0.5
vt 1 1
vt 0 1
vt 0 0.5
vt 0 0
vt 1 0
vt 1 1
vt 0 1
vt 1 0
vt 1 1
vt 0 1
vt 0 0
vt 1 0.5
vt 1 1
vt 0 1
vt 0 0.5
vt 1 1
vt 0 1
vt 0 0.5
vt 1 0.5
vn 0.7789711094239274 -0.5743726365045292 -0.25159508166435174
vn -0.7789711094239274 0.5743726365045292 0.25159508166435174
vn 0.4131951740234643 0.7719703069544264 -0.4830440904766437
vn -0.4131951740234643 -0.7719703069544264 0.4830440904766437
vn 0.4716712402156559 0.27231951750751365 0.8386705679454242
vn -0.4716712402156559 -0.27231951750751365 -0.8386705679454242
usemtl none
f 386/1153/289 385/1154/289 387/1155/289 388/1156/289
f 391/1157/290 389/1158/290 390/1159/290 392/1160/290
f 389/1161/291 385/1162/291 386/1163/291 390/1164/291
f 388/1165/292 387/1166/292 391/1167/292 392/1168/292
f 387/1169/293 385/1170/293 389/1171/293 391/1172/293
f 390/1173/294 386/1174/294 388/1175/294 392/1176/294
o Fang Left
v 0.43526034847497413 1.15325169853583 5.019611095570494
v -0.1602245922972912 0.8094483076825942 3.9607895035393965
v 0.40427071042321433 1.0953539255142482 5.055839402356242
v -0.191214230349051 0.7515505346610123 3.997017810325145
v 0.3768375152681796 1.1963296462736699 5.038480726695321
v -0.21864742550408572 0.852526255420434 3.9796591346642227
v 0.3458478772164198 1.138431873252088 5.074709033481069
v -0.24963706355584553 0.7946284823988521 4.015887441449971
vt 1 1
vt 0 1
vt 0 0.5
vt 1 0.5
vt 1 0.5
vt 1 1
vt 0 1
vt 0 0.5
vt 0 0
vt 1 0
vt 1 1
vt 0 1
vt 1 0
vt 1 1
vt 0 1
vt 0 0
vt 1 0.5
vt 1 1
vt 0 1
vt 0 0.5
vt 1 1
vt 0 1
vt 0 0.5
vt 1 0.5
vn 0.7789711094239274 -0.5743726365045292 -0.25159508166435174
vn -0.7789711094239274 0.5743726365045292 0.25159508166435174
vn 0.4131951740234643 0.7719703069544264 -0.4830440904766437
vn -0.4131951740234643 -0.7719703069544264 0.4830440904766437
vn 0.4716712402156559 0.27231951750751365 0.8386705679454242
vn -0.4716712402156559 -0.27231951750751365 -0.8386705679454242
usemtl none
f 394/1177/295 393/1178/295 395/1179/295 396/1180/295
f 399/1181/296 397/1182/296 398/1183/296 400/1184/296
f 397/1185/297 393/1186/297 394/1187/297 398/1188/297
f 396/1189/298 395/1190/298 399/1191/298 400/1192/298
f 395/1193/299 393/1194/299 397/1195/299 399/1196/299
f 398/1197/300 394/1198/300 396/1199/300 400/1200/300
o Fang Left
v 0.4352603484749742 1.15325169853583 4.825861095570494
v -0.16022459229729114 0.8094483076825942 3.767039503539397
v 0.4042707104232144 1.0953539255142482 4.862089402356243
v -0.19121423034905094 0.7515505346610123 3.803267810325145
v 0.37683751526817966 1.1963296462736699 4.844730726695321
v -0.21864742550408567 0.852526255420434 3.785909134664223
v 0.34584787721641985 1.138431873252088 4.880959033481069
v -0.24963706355584547 0.7946284823988521 3.8221374414499714
vt 1 1
vt 0 1
vt 0 0.5
vt 1 0.5
vt 1 0.5
vt 1 1
vt 0 1
vt 0 0.5
vt 0 0
vt 1 0
vt 1 1
vt 0 1
vt 1 0
vt 1 1
vt 0 1
vt 0 0
vt 1 0.5
vt 1 1
vt 0 1
vt 0 0.5
vt 1 1
vt 0 1
vt 0 0.5
vt 1 0.5
vn 0.7789711094239274 -0.5743726365045292 -0.25159508166435174
vn -0.7789711094239274 0.5743726365045292 0.25159508166435174
vn 0.4131951740234643 0.7719703069544264 -0.4830440904766437
vn -0.4131951740234643 -0.7719703069544264 0.4830440904766437
vn 0.4716712402156559 0.27231951750751365 0.8386705679454242
vn -0.4716712402156559 -0.27231951750751365 -0.8386705679454242
usemtl none
f 402/1201/301 401/1202/301 403/1203/301 404/1204/301
f 407/1205/302 405/1206/302 406/1207/302 408/1208/302
f 405/1209/303 401/1210/303 402/1211/303 406/1212/303
f 404/1213/304 403/1214/304 407/1215/304 408/1216/304
f 403/1217/305 401/1218/305 405/1219/305 407/1220/305
f 406/1221/306 402/1222/306 404/1223/306 408/1224/306
o Fang Left
v -0.0937500000000001 0.875 3.8562499999999997
v -0.09375000000000037 0.8750000000000003 5.11875
v -0.1687500000000001 0.875 3.8562499999999997
v -0.16875000000000037 0.8750000000000003 5.11875
v -0.09375000000000008 0.8 3.8562499999999997
v -0.09375000000000036 0.8000000000000003 5.11875
v -0.16875000000000007 0.8 3.8562499999999997
v -0.16875000000000034 0.8000000000000003 5.11875
vt 1 1
vt 0 1
vt 0 0.5
vt 1 0.5
vt 1 0.5
vt 1 1
vt 0 1
vt 0 0.5
vt 0 0
vt 1 0
vt 1 1
vt 0 1
vt 1 0
vt 1 1
vt 0 1
vt 0 0
vt 1 0.5
vt 1 1
vt 0 1
vt 0 0.5
vt 1 1
vt 0 1
vt 0 0.5
vt 1 0.5
vn -2.2204460492503126e-16 1 -2.2204460492503136e-16
vn 2.2204460492503126e-16 -1 2.2204460492503136e-16
vn 1 2.220446049250313e-16 2.2204460492503126e-16
vn -1 -2.220446049250313e-16 -2.2204460492503126e-16
vn 2.2204460492503136e-16 -2.220446049250313e-16 -1
vn -2.2204460492503136e-16 2.220446049250313e-16 1
usemtl none
f 410/1225/307 409/1226/307 411/1227/307 412/1228/307
f 415/1229/308 413/1230/308 414/1231/308 416/1232/308
f 413/1233/309 409/1234/309 410/1235/309 414/1236/309
f 412/1237/310 411/1238/310 415/1239/310 416/1240/310
f 411/1241/311 409/1242/311 413/1243/311 415/1244/311
f 414/1245/312 410/1246/312 412/1247/312 416/1248/312
o Fang Left
v 0.003935827988169549 0.8807874410578452 4.110069405160954
v 0.3139142423655693 0.5030724075240409 4.85842346478957
v -0.06535513751463562 0.880787435432409 4.138770661225611
v 0.2446232768627641 0.5030724018986047 4.887124720854227
v -0.008193841032368976 0.8128143555471623 4.080785778752847
v 0.3017845733450307 0.435099322013358 4.8291398383814625
v -0.07748480653517414 0.8128143499217261 4.109487034817504
v 0.23249360784222559 0.43509931638792176 4.857841094446121
vt 1 1
vt 0 1
vt 0 0.5
vt 1 0.5
vt 1 0.5
vt 1 1
vt 0 1
vt 0 0.5
vt 0 0
vt 1 0
vt 1 1
vt 0 1
vt 1 0
vt 1 1
vt 0 1
vt 0 0
vt 1 0.5
vt 1 1
vt 0 1
vt 0 0.5
vt 1 1
vt 0 1
vt 0 0.5
vt 1 0.5
vn 0.16172892027384714 0.9063078068091056 0.390448352108092
vn -0.16172892027384714 -0.9063078068091056 -0.390448352108092
vn 0.9238795400374022 7.50058167797718e-8 -0.382683414195432
vn -0.9238795400374022 -7.50058167797718e-8 0.382683414195432
vn -0.34682899510758003 0.4226182193385223 -0.8373192275564936
vn 0.34682899510758003 -0.4226182193385223 0.8373192275564936
usemtl none
f 418/1249/313 417/1250/313 419/1251/313 420/1252/313
f 423/1253/314 421/1254/314 422/1255/314 424/1256/314
f 421/1257/315 417/1258/315 418/1259/315 422/1260/315
f 420/1261/316 419/1262/316 423/1263/316 424/1264/316
f 419/1265/317 417/1266/317 421/1267/317 423/1268/317
f 422/1269/318 418/1270/318 420/1271/318 424/1272/318
o Fang Left
v -0.16563539029166613 0.8706330541952602 4.182363219269852
v -0.6642271306709614 0.6539845594381233 4.89177055546325
v -0.22668698066321752 0.8965971958863803 4.147383701558086
v -0.7252787210425128 0.6799487011292435 4.856791037751484
v -0.1777650604836224 0.8026599692057325 4.153079592137257
v -0.6763568008629176 0.5860114744485956 4.862486928330655
v -0.23881665085517378 0.8286241108968527 4.118100074425492
v -0.737408391234469 0.6119756161397159 4.82750741061889
vt 1 1
vt 0 1
vt 0 0.5
vt 1 0.5
vt 1 0.5
vt 1 1
vt 0 1
vt 0 0.5
vt 0 0
vt 1 0
vt 1 1
vt 0 1
vt 1 0
vt 1 1
vt 0 1
vt 0 0
vt 1 0.5
vt 1 1
vt 0 1
vt 0 0.5
vt 1 1
vt 0 1
vt 0 0.5
vt 1 0.5
vn 0.16172893589275042 0.906307799860369 0.39044836176792425
vn -0.16172893589275042 -0.906307799860369 -0.39044836176792425
vn 0.8140212049540188 -0.34618855588160324 0.46639356949020816
vn -0.8140212049540188 0.34618855588160324 -0.46639356949020816
vn 0.55786488434047 0.24240391021777524 -0.793742474062543
vn -0.55786488434047 -0.24240391021777524 0.793742474062543
usemtl none
f 426/1273/319 425/1274/319 427/1275/319 428/1276/319
f 431/1277/320 429/1278/320 430/1279/320 432/1280/320
f 429/1281/321 425/1282/321 426/1283/321 430/1284/321
f 428/1285/322 427/1286/322 431/1287/322 432/1288/322
f 427/1289/323 425/1290/323 429/1291/323 431/1292/323
f 430/1293/324 426/1294/324 428/1295/324 432/1296/324
o Fang Left
v -0.19635491332899577 1.6438841269457158 5.000343731585933
v -0.04967096154682682 0.8250274860137053 4.050678595924362
v -0.22585974678623794 1.5894752281560116 5.042700980495089
v -0.07917579500406896 0.7706185872240012 4.0930358448335165
v -0.26475471436756454 1.6611566679447085 4.974885401999679
v -0.11807076258539556 0.8423000270126979 4.025220266338108
v -0.2942595478248067 1.6067477691550043 5.017242650908835
v -0.1475755960426377 0.7878911282229938 4.067577515247263
vt 1 1
vt 0 1
vt 0 0.5
vt 1 0.5
vt 1 0.5
vt 1 1
vt 0 1
vt 0 0.5
vt 0 0
vt 1 0
vt 1 1
vt 0 1
vt 1 0
vt 1 1
vt 0 1
vt 0 0
vt 1 0.5
vt 1 1
vt 0 1
vt 0 0.5
vt 1 1
vt 0 1
vt 0 0.5
vt 1 0.5
vn 0.9119973471809166 -0.23030054665323407 0.3394443944833857
vn -0.9119973471809166 0.23030054665323407 -0.3394443944833857
vn 0.39339777942989557 0.7254519838627224 -0.5647633187887363
vn -0.39339777942989557 -0.7254519838627224 0.5647633187887363
vn -0.11618530834231197 0.6485993195501074 0.7522100084448091
vn 0.11618530834231197 -0.6485993195501074 -0.7522100084448091
usemtl none
f 434/1297/325 433/1298/325 435/1299/325 436/1300/325
f 439/1301/326 437/1302/326 438/1303/326 440/1304/326
f 437/1305/327 433/1306/327 434/1307/327 438/1308/327
f 436/1309/328 435/1310/328 439/1311/328 440/1312/328
f 435/1313/329 433/1314/329 437/1315/329 439/1316/329
f 438/1317/330 434/1318/330 436/1319/330 440/1320/330
o Fang Left
v -0.2074127534134803 0.8532489913305138 3.877280227262084
v -0.5938728045955233 1.418272935678531 4.227098942675913
v -0.2494112803777992 0.8625598381752937 3.8158438222251645
v -0.6358713315598421 1.427583782523311 4.165662537638994
v -0.25680481635094826 0.8032527806157955 3.9034680685811143
v -0.6432648675329912 1.3682767249638128 4.253286783994943
v -0.29880334331526714 0.8125636274605753 3.8420316635441947
v -0.6852633944973101 1.3775875718085926 4.191850378958024
vt 1 1
vt 0 1
vt 0 0.5
vt 1 0.5
vt 1 0.5
vt 1 1
vt 0 1
vt 0 0.5
vt 0 0
vt 1 0
vt 1 1
vt 0 1
vt 1 0
vt 1 1
vt 0 1
vt 0 0
vt 1 0.5
vt 1 1
vt 0 1
vt 0 0.5
vt 1 1
vt 0 1
vt 0 0.5
vt 1 0.5
vn 0.6585608391662393 0.6666161428629114 -0.3491712175870652
vn -0.6585608391662393 -0.6666161428629114 0.3491712175870652
vn 0.5599803595242515 -0.12414462459706471 0.8191520671589275
vn -0.5599803595242515 0.12414462459706471 -0.8191520671589275
vn 0.5027122617002185 -0.7349904967128681 -0.4550487354976636
vn -0.5027122617002185 0.7349904967128681 0.4550487354976636
usemtl none
f 442/1321/331 441/1322/331 443/1323/331 444/1324/331
f 447/1325/332 445/1326/332 446/1327/332 448/1328/332
f 445/1329/333 441/1330/333 442/1331/333 446/1332/333
f 444/1333/334 443/1334/334 447/1335/334 448/1336/334
f 443/1337/335 441/1338/335 445/1339/335 447/1340/335
f 446/1341/336 442/1342/336 444/1343/336 448/1344/336
o Fang Left
v -0.6657654141506076 1.0439996089372707 4.887546233732832
v -0.06694935431197983 0.8502810463858513 3.793106333600187
v -0.6849362776987582 0.9715288532776295 4.889884516209086
v -0.08612021786013045 0.7778102907262101 3.795444616076441
v -0.7289478737995694 1.059509436175191 4.8502310618619
v -0.13013181396094162 0.8657908736237717 3.7557911617292548
v -0.74811873734772 0.9870386805155498 4.8525693443381535
v -0.14930267750909224 0.7933201179641304 3.758129444205509
vt 1 1
vt 0 1
vt 0 0.5
vt 1 0.5
vt 1 0.5
vt 1 1
vt 0 1
vt 0 0.5
vt 0 0
vt 1 0
vt 1 1
vt 0 1
vt 1 0
vt 1 1
vt 0 1
vt 0 0
vt 1 0.5
vt 1 1
vt 0 1
vt 0 0.5
vt 1 1
vt 0 1
vt 0 0.5
vt 1 0.5
vn 0.8424327953194901 -0.2067976965056041 0.4975356249457582
vn -0.8424327953194901 0.2067976965056041 -0.4975356249457582
vn 0.2556115139753415 0.966276742128551 -0.031177099683386625
vn -0.2556115139753415 -0.966276742128551 0.031177099683386625
vn -0.4743097503672298 0.15344044558528275 0.8668830892139759
vn 0.4743097503672298 -0.15344044558528275 -0.8668830892139759
usemtl none
f 450/1345/337 449/1346/337 451/1347/337 452/1348/337
f 455/1349/338 453/1350/338 454/1351/338 456/1352/338
f 453/1353/339 449/1354/339 450/1355/339 454/1356/339
f 452/1357/340 451/1358/340 455/1359/340 456/1360/340
f 451/1361/341 449/1362/341 453/1363/341 455/1364/341
f 454/1365/342 450/1366/342 452/1367/342 456/1368/342
o cube
v 1.309614934339373 3.6255386156550693 0.9125000000000001
v 1.309614934339373 3.6255386156550693 0.75
v 1.3646256777418546 3.4927309328565723 0.9125000000000001
v 1.3646256777418546 3.4927309328565723 0.75
v 0.05082907129274489 3.1041324390576346 0.75
v 0.05082907129274489 3.1041324390576346 0.9125000000000001
v 0.10583981469522646 2.971324756259137 0.75
v 0.10583981469522646 2.971324756259137 0.9125000000000001
vt 0 1
vt 1 1
vt 1 0.8562500000000002
vt 0 0.8562500000000002
vt 0 1
vt 0.16249999999999998 1
vt 0.16249999999999998 0.8562500000000002
vt 0 0.8562500000000002
vt 0 1
vt 1 1
vt 1 0.8562500000000002
vt 0 0.8562500000000002
vt 0 1
vt 0.16249999999999998 1
vt 0.16249999999999998 0.8562500000000002
vt 0 0.8562500000000002
vt 0 1
vt 1 1
vt 1 0.8375
vt 0 0.8375
vt 0 1
vt 1 1
vt 1 0.8375
vt 0 0.8375
vn 0 0 -1
vn 0.9238795325112867 0.3826834323650897 0
vn 0 0 1
vn -0.9238795325112867 -0.3826834323650897 0
vn -0.3826834323650897 0.9238795325112867 0
vn 0.3826834323650897 -0.9238795325112867 0
usemtl none
f 460/1372/343 463/1371/343 461/1370/343 458/1369/343
f 459/1376/344 460/1375/344 458/1374/344 457/1373/344
f 464/1380/345 459/1379/345 457/1378/345 462/1377/345
f 463/1384/346 464/1383/346 462/1382/346 461/1381/346
f 462/1388/347 457/1387/347 458/1386/347 461/1385/347
f 463/1392/348 460/1391/348 459/1390/348 464/1389/348
o cube
v 2.562361647824157 3.8230839877441456 0.9000000000000001
v 2.562361647824157 3.8230839877441456 0.76875
v 2.581897067811687 3.7122931155302723 0.9000000000000001
v 2.581897067811687 3.7122931155302723 0.76875
v 1.2205610843450243 3.586488345672953 0.76875
v 1.2205610843450243 3.586488345672953 0.9000000000000001
v 1.2400965043325538 3.4756974734590798 0.76875
v 1.2400965043325538 3.4756974734590798 0.9000000000000001
vt 0 1
vt 1 1
vt 1 0.8875000000000002
vt 0 0.8875000000000002
vt 0 1
vt 0.13124999999999998 1
vt 0.13124999999999998 0.8875000000000002
vt 0 0.8875000000000002
vt 0 1
vt 1 1
vt 1 0.8875000000000002
vt 0 0.8875000000000002
vt 0 1
vt 0.13124999999999998 1
vt 0.13124999999999998 0.8875000000000002
vt 0 0.8875000000000002
vt 0 1
vt 1 1
vt 1 0.86875
vt 0 0.86875
vt 0 1
vt 1 1
vt 1 0.86875
vt 0 0.86875
vn 0 0 -1
vn 0.984807753012208 0.17364817766693033 0
vn 0 0 1
vn -0.984807753012208 -0.17364817766693033 0
vn -0.17364817766693033 0.984807753012208 0
vn 0.17364817766693033 -0.984807753012208 0
usemtl none
f 468/1396/349 471/1395/349 469/1394/349 466/1393/349
f 467/1400/350 468/1399/350 466/1398/350 465/1397/350
f 472/1404/351 467/1403/351 465/1402/351 470/1401/351
f 471/1408/352 472/1407/352 470/1406/352 469/1405/352
f 470/1412/353 465/1411/353 466/1410/353 469/1409/353
f 471/1416/354 468/1415/354 467/1414/354 472/1413/354
o cube
v -1.4893614899924168 3.565348725810127 0.9000000000000001
v -1.4893614899924168 3.565348725810127 0.76875
v -1.5088969099799465 3.4545578535962536 0.9000000000000001
v -1.5088969099799465 3.4545578535962536 0.76875
v -2.8311620534715503 3.8019443678813194 0.76875
v -2.8311620534715503 3.8019443678813194 0.9000000000000001
v -2.8506974734590798 3.691153495667446 0.76875
v -2.8506974734590798 3.691153495667446 0.9000000000000001
vt 0 1
vt 1 1
vt 1 0.8875000000000002
vt 0 0.8875000000000002
vt 0 1
vt 0.13124999999999998 1
vt 0.13124999999999998 0.8875000000000002
vt 0 0.8875000000000002
vt 0 1
vt 1 1
vt 1 0.8875000000000002
vt 0 0.8875000000000002
vt 0 1
vt 0.13124999999999998 1
vt 0.13124999999999998 0.8875000000000002
vt 0 0.8875000000000002
vt 0 1
vt 1 1
vt 1 0.86875
vt 0 0.86875
vt 0 1
vt 1 1
vt 1 0.86875
vt 0 0.86875
vn 0 0 -1
vn 0.984807753012208 -0.17364817766693033 0
vn 0 0 1
vn -0.984807753012208 0.17364817766693033 0
vn 0.17364817766693033 0.984807753012208 0
vn -0.17364817766693033 -0.984807753012208 0
usemtl none
f 476/1420/355 479/1419/355 477/1418/355 474/1417/355
f 475/1424/356 476/1423/356 474/1422/356 473/1421/356
f 480/1428/357 475/1427/357 473/1426/357 478/1425/357
f 479/1432/358 480/1431/358 478/1430/358 477/1429/358
f 478/1436/359 473/1435/359 474/1434/359 477/1433/359
f 479/1440/360 476/1439/360 475/1438/360 480/1437/360
o cube
v -0.2825281498100274 3.068061691505836 0.9125000000000001
v -0.2825281498100274 3.068061691505836 0.75
v -0.33753889321250896 2.935254008707339 0.9125000000000001
v -0.33753889321250896 2.935254008707339 0.75
v -1.5413140128566558 3.589467868103271 0.75
v -1.5413140128566558 3.589467868103271 0.9125000000000001
v -1.5963247562591374 3.4566601853047736 0.75
v -1.5963247562591374 3.4566601853047736 0.9125000000000001
vt 0 1
vt 1 1
vt 1 0.8562500000000002
vt 0 0.8562500000000002
vt 0 1
vt 0.16249999999999998 1
vt 0.16249999999999998 0.8562500000000002
vt 0 0.8562500000000002
vt 0 1
vt 1 1
vt 1 0.8562500000000002
vt 0 0.8562500000000002
vt 0 1
vt 0.16249999999999998 1
vt 0.16249999999999998 0.8562500000000002
vt 0 0.8562500000000002
vt 0 1
vt 1 1
vt 1 0.8375
vt 0 0.8375
vt 0 1
vt 1 1
vt 1 0.8375
vt 0 0.8375
vn 0 0 -1
vn 0.9238795325112867 -0.3826834323650897 0
vn 0 0 1
vn -0.9238795325112867 0.3826834323650897 0
vn 0.3826834323650897 0.9238795325112867 0
vn -0.3826834323650897 -0.9238795325112867 0
usemtl none
f 484/1444/361 487/1443/361 485/1442/361 482/1441/361
f 483/1448/362 484/1447/362 482/1446/362 481/1445/362
f 488/1452/363 483/1451/363 481/1450/363 486/1449/363
f 487/1456/364 488/1455/364 486/1454/364 485/1453/364
f 486/1460/365 481/1459/365 482/1458/365 485/1457/365
f 487/1464/366 484/1463/366 483/1462/366 488/1461/366
o cube
v -2.78125 3.7937499999999997 0.8812500000000001
v -2.78125 3.7937499999999997 0.78125
v -2.78125 3.7125 0.8812500000000001
v -2.78125 3.7125 0.78125
v -4.14375 3.7937499999999997 0.78125
v -4.14375 3.7937499999999997 0.8812500000000001
v -4.14375 3.7125 0.78125
v -4.14375 3.7125 0.8812500000000001
vt 0 1
vt 1 1
vt 1 0.9187500000000002
vt 0 0.9187500000000002
vt 0 1
vt 0.09999999999999998 1
vt 0.09999999999999998 0.9187500000000002
vt 0 0.9187500000000002
vt 0 1
vt 1 1
vt 1 0.9187500000000002
vt 0 0.9187500000000002
vt 0 1
vt 0.09999999999999998 1
vt 0.09999999999999998 0.9187500000000002
vt 0 0.9187500000000002
vt 0 1
vt 1 1
vt 1 0.9
vt 0 0.9
vt 0 1
vt 1 1
vt 1 0.9
vt 0 0.9
vn 0 0 -1
vn 1 0 0
vn 0 0 1
vn -1 0 0
vn 0 1 0
vn 0 -1 0
usemtl none
f 492/1468/367 495/1467/367 493/1466/367 490/1465/367
f 491/1472/368 492/1471/368 490/1470/368 489/1469/368
f 496/1476/369 491/1475/369 489/1474/369 494/1473/369
f 495/1480/370 496/1479/370 494/1478/370 493/1477/370
f 494/1484/371 489/1483/371 490/1482/371 493/1481/371
f 495/1488/372 492/1487/372 491/1486/372 496/1485/372
o pyramid
v -4.764260710880019 3.6424371905564015 0.8250000000000001
v -4.1357172254305015 3.7849984472111196 0.8625
v -4.1357172254305015 3.7849984472111196 0.7875
v -4.124864214326319 3.7234479626478563 0.8625
v -4.124864214326319 3.7234479626478563 0.7875
vt 0.375 0.625
vt 0.375 1
vt 0 1
vt 0 0.625
vt 0 0.46599999999999997
vt 0.375 0.46599999999999997
vt 0.1875 1
vt 0 0.46599999999999997
vt 0.375 0.46599999999999997
vt 0.1875 1
vt 0 0.46599999999999997
vt 0.375 0.46599999999999997
vt 0.1875 1
vt 0 0.46599999999999997
vt 0.375 0.46599999999999997
vt 0.1875 1
vn 0.9848077530122081 0.1736481776669303 0
vn -0.22119391203051153 0.9752298463852705 0
vn -0.05727035517100853 -0.010098308811405356 0.9983076332362365
vn -0.05727035517100855 -0.01009830881140536 -0.9983076332362365
vn 0.125693964938321 -0.9920690637138546 0
usemtl none
f 499/1489/373 498/1490/373 500/1491/373 501/1492/373
f 498/1493/374 499/1494/374 497/1495/374
f 500/1496/375 498/1497/375 497/1498/375
f 499/1499/376 501/1500/376 497/1501/376
f 501/1502/377 500/1503/377 497/1504/377
o pyramid
v 4.4493283019966725 3.6619468029057916 0.83125
v 3.8110171065533907 3.749112623453573 0.86875
v 3.8110171065533907 3.749112623453573 0.79375
v 3.8196995154367372 3.7983530111041834 0.86875
v 3.8196995154367372 3.7983530111041834 0.79375
vt 0.375 0.625
vt 0.375 1
vt 0 1
vt 0 0.625
vt 0 0.46599999999999997
vt 0.375 0.46599999999999997
vt 0.1875 1
vt 0 0.46599999999999997
vt 0.375 0.46599999999999997
vt 0.1875 1
vt 0 0.46599999999999997
vt 0.375 0.46599999999999997
vt 0.1875 1
vt 0 0.46599999999999997
vt 0.375 0.46599999999999997
vt 0.1875 1
vn -0.9848077530122081 0.1736481776669303 0
vn -0.13530122731751007 -0.9908045104289622 0
vn 0.05727035517100855 -0.010098308811405358 0.9983076332362366
vn 0.05727035517100856 -0.010098308811405362 -0.9983076332362366
vn 0.21173353577109166 0.9773274322507641 0
usemtl none
f 504/1505/378 503/1506/378 505/1507/378 506/1508/378
f 503/1509/379 504/1510/379 502/1511/379
f 505/1512/380 503/1513/380 502/1514/380
f 504/1515/381 506/1516/381 502/1517/381
f 506/1518/382 505/1519/382 502/1520/382
o cube
v 3.875 3.8125 0.8812500000000001
v 3.875 3.8125 0.78125
v 3.875 3.73125 0.8812500000000001
v 3.875 3.73125 0.78125
v 2.5125 3.8125 0.78125
v 2.5125 3.8125 0.8812500000000001
v 2.5125 3.73125 0.78125
v 2.5125 3.73125 0.8812500000000001
vt 0 1
vt 1 1
vt 1 0.9187500000000002
vt 0 0.9187500000000002
vt 0 1
vt 0.09999999999999998 1
vt 0.09999999999999998 0.9187500000000002
vt 0 0.9187500000000002
vt 0 1
vt 1 1
vt 1 0.9187500000000002
vt 0 0.9187500000000002
vt 0 1
vt 0.09999999999999998 1
vt 0.09999999999999998 0.9187500000000002
vt 0 0.9187500000000002
vt 0 1
vt 1 1
vt 1 0.9
vt 0 0.9
vt 0 1
vt 1 1
vt 1 0.9
vt 0 0.9
vn 0 0 -1
vn 1 0 0
vn 0 0 1
vn -1 0 0
vn 0 1 0
vn 0 -1 0
usemtl none
f 510/1524/383 513/1523/383 511/1522/383 508/1521/383
f 509/1528/384 510/1527/384 508/1526/384 507/1525/384
f 514/1532/385 509/1531/385 507/1530/385 512/1529/385
f 513/1536/386 514/1535/386 512/1534/386 511/1533/386
f 512/1540/387 507/1539/387 508/1538/387 511/1537/387
f 513/1544/388 510/1543/388 509/1542/388 514/1541/388
o cube
v -2.1112190192827196 2.7237907314285854 1.0249999999999986
v -2.2065907143575423 2.753861311379013 1.0249999999999986
v -2.1112190192827196 2.7237907314285854 0.9437499999999979
v -2.2065907143575423 2.753861311379013 0.9437499999999979
v -2.497899457627307 1.8299480153416678 1.0249999999999986
v -2.402527762552484 1.7998774353912406 1.0249999999999986
v -2.4978994576273066 1.8299480153416678 0.9437499999999979
v -2.402527762552484 1.7998774353912406 0.9437499999999979
vt 0 1
vt 0.96875 1
vt 0.96875 0.9187499999999993
vt 0 0.9187499999999993
vt 0 1
vt 0.10000000000000009 1
vt 0.10000000000000009 0.9187499999999993
vt 0 0.9187499999999993
vt 0 1
vt 0.96875 1
vt 0.96875 0.9187499999999993
vt 0 0.9187499999999993
vt 0 1
vt 0.10000000000000009 1
vt 0.10000000000000009 0.9187499999999993
vt 0 0.9187499999999993
vt 0 1
vt 0.96875 1
vt 0.96875 0.8999999999999999
vt 0 0.8999999999999999
vt 0 1
vt 0.96875 1
vt 0.96875 0.8999999999999999
vt 0 0.8999999999999999
vn -0.953716950748227 0.3007057995042731 -1.5882577765439668e-16
vn 0.30070579950427334 0.9537169507482268 5.007757533719402e-17
vn 0.953716950748227 -0.3007057995042731 1.5882577765439668e-16
vn -0.30070579950427334 -0.9537169507482268 -5.007757533719402e-17
vn 1.669252511239801e-17 5.294192588479888e-17 1
vn -1.669252511239801e-17 -5.294192588479888e-17 -1
usemtl none
f 518/1548/389 521/1547/389 519/1546/389 516/1545/389
f 517/1552/390 518/1551/390 516/1550/390 515/1549/390
f 522/1556/391 517/1555/391 515/1554/391 520/1553/391
f 521/1560/392 522/1559/392 520/1558/392 519/1557/392
f 520/1564/393 515/1563/393 516/1562/393 519/1561/393
f 521/1568/394 518/1567/394 517/1566/394 522/1565/394
o pyramid
v -2.5286555015813725 1.5661268300245472 0.9374962238689507
v -2.4208967015780196 1.8039719074171088 1.0149394138985697
v -2.4805040109997836 1.822766019886126 1.0149394138985697
v -2.417633138196907 1.814322608073827 0.9533889293353067
v -2.4772404476186716 1.833116720542844 0.9533889293353067
vt 0.375 0.625
vt 0.375 1
vt 0 1
vt 0 0.625
vt 0 0.46599999999999997
vt 0.375 0.46599999999999997
vt 0.1875 1
vt 0 0.46599999999999997
vt 0.375 0.46599999999999997
vt 0.1875 1
vt 0 0.46599999999999997
vt 0.375 0.46599999999999997
vt 0.1875 1
vt 0 0.46599999999999997
vt 0.375 0.46599999999999997
vt 0.1875 1
vn 0.29613740272754296 0.939227847276016 0.17364817766693033
vn -0.08607166963325157 -0.27298446003954396 0.9581602957039408
vn 0.9131299617440032 -0.40717491232881203 -0.02005651354097951
vn -0.9815382100492387 0.19021166756515495 -0.020056513540979842
vn 0.01766342132801595 0.056021215275886826 -0.9982733227859
usemtl none
f 525/1569/395 524/1570/395 526/1571/395 527/1572/395
f 524/1573/396 525/1574/396 523/1575/396
f 526/1576/397 524/1577/397 523/1578/397
f 525/1579/398 527/1580/398 523/1581/398
f 527/1582/399 526/1583/399 523/1584/399
o cube
v -1.8156815653679668 3.5987624806040897 0.8828992013185697
v -1.9408569151536716 3.6382301167890256 0.8828992013185697
v -1.8215559794539689 3.5801312194219967 0.7721083291046956
v -1.9467313292396737 3.6195988556069327 0.7721083291046956
v -2.2332926003471205 2.710742617603959 1.0543767767646637
v -2.1081172505614156 2.671274981419023 1.0543767767646637
v -2.2391670144331224 2.692111356421866 0.9435859045507895
v -2.1139916646474175 2.65264372023693 0.9435859045507895
vt 0 1
vt 0.9874999999999998 1
vt 0.9874999999999998 0.8874999999999993
vt 0 0.8874999999999993
vt 0 1
vt 0.1312500000000001 1
vt 0.1312500000000001 0.8874999999999993
vt 0 0.8874999999999993
vt 0 1
vt 0.9874999999999998 1
vt 0.9874999999999998 0.8874999999999993
vt 0 0.8874999999999993
vt 0 1
vt 0.1312500000000001 1
vt 0.1312500000000001 0.8874999999999993
vt 0 0.8874999999999993
vt 0 1
vt 0.9874999999999998 1
vt 0.9874999999999998 0.8687499999999999
vt 0 0.8687499999999999
vt 0 1
vt 0.9874999999999998 1
vt 0.9874999999999998 0.8687499999999999
vt 0 0.8687499999999999
vn -0.9537169507482269 0.3007057995042731 -1.6653345369377343e-16
vn 0.296137402727543 0.9392278472760162 -0.17364817766693028
vn 0.9537169507482269 -0.3007057995042731 1.6653345369377343e-16
vn -0.296137402727543 -0.9392278472760162 0.17364817766693028
vn 0.05221701409779442 0.1656112105074912 0.9848077530122081
vn -0.05221701409779442 -0.1656112105074912 -0.9848077530122081
usemtl none
f 531/1588/400 534/1587/400 532/1586/400 529/1585/400
f 530/1592/401 531/1591/401 529/1590/401 528/1589/401
f 535/1596/402 530/1595/402 528/1594/402 533/1593/402
f 534/1600/403 535/1599/403 533/1598/403 532/1597/403
f 533/1604/404 528/1603/404 529/1602/404 532/1601/404
f 534/1608/405 531/1607/405 530/1606/405 535/1605/405
o cube
v 1.680499450243098 3.641447993998666 0.861716830817166
v 1.5556732824793593 3.6008895134869534 0.8617168249507274
v 1.6865362316944026 3.6228687071334167 0.7509259585880508
v 1.561710063930664 3.5823102266217046 0.7509259527216122
v 1.8561915779559182 2.675989278076018 1.0331943996380943
v 1.981017745719657 2.7165477585877307 1.033194405504533
v 1.8622283594072226 2.6574099912107694 0.9224035274089792
v 1.9870545271709614 2.6979684717224814 0.9224035332754178
vt 0 1
vt 0.9875000000000003 1
vt 0.9875000000000003 0.8874999999999993
vt 0 0.8874999999999993
vt 0 1
vt 0.1312500000000001 1
vt 0.1312500000000001 0.8874999999999993
vt 0 0.8874999999999993
vt 0 1
vt 0.9875000000000003 1
vt 0.9875000000000003 0.8874999999999993
vt 0 0.8874999999999993
vt 0 1
vt 0.1312500000000001 1
vt 0.1312500000000001 0.8874999999999993
vt 0 0.8874999999999993
vt 0 1
vt 0.9875000000000003 1
vt 0.9875000000000003 0.8687499999999999
vt 0 0.8687499999999999
vt 0 1
vt 0.9875000000000003 1
vt 0.9875000000000003 0.8687499999999999
vt 0 0.8687499999999999
vn -0.951056516295152 -0.30901699437494956 -4.469667519435561e-8
vn -0.30432232453322383 0.936607833327529 -0.17364817689859938
vn 0.951056516295152 0.30901699437494956 4.469667519435561e-8
vn 0.30432232453322383 -0.936607833327529 0.17364817689859938
vn -0.05366027956715089 0.16514921657999007 0.9848077531476845
vn 0.05366027956715089 -0.16514921657999007 -0.9848077531476845
usemtl none
f 539/1612/406 542/1611/406 540/1610/406 537/1609/406
f 538/1616/407 539/1615/407 537/1614/407 536/1613/407
f 543/1620/408 538/1619/408 536/1618/408 541/1617/408
f 542/1624/409 543/1623/409 541/1622/409 540/1621/409
f 541/1628/410 536/1627/410 537/1626/410 540/1625/410
f 542/1632/411 539/1631/411 538/1630/411 543/1629/411
o cube
v 1.9575685795593258 2.7482660236103773 1.0187500370936937
v 1.8624629279298106 2.717364324172882 1.0187500326240262
v 1.957568582993599 2.7482660247928923 0.937500037093693
v 1.8624629313640835 2.717364325355397 0.9375000326240255
v 2.1618231412305433 1.7960283240119532 1.0187500318682234
v 2.2569287928600588 1.826930023449448 1.018750036337891
v 2.161823144664816 1.7960283251944682 0.9375000318682227
v 2.2569287962943316 1.826930024631963 0.9375000363378903
vt 0 1
vt 0.96875 1
vt 0.96875 0.9187499999999993
vt 0 0.9187499999999993
vt 0 1
vt 0.10000000000000009 1
vt 0.10000000000000009 0.9187499999999993
vt 0 0.9187499999999993
vt 0 1
vt 0.96875 1
vt 0.96875 0.9187499999999993
vt 0 0.9187499999999993
vt 0 1
vt 0.10000000000000009 1
vt 0.10000000000000009 0.9187499999999993
vt 0 0.9187499999999993
vt 0 1
vt 0.96875 1
vt 0.96875 0.8999999999999999
vt 0 0.8999999999999999
vt 0 1
vt 0.96875 1
vt 0.96875 0.8999999999999999
vt 0 0.8999999999999999
vn -0.951056516295152 -0.30901699437494956 -4.469667519903117e-8
vn -0.3090169943749499 0.9510565162951528 7.801835412421781e-10
vn 0.951056516295152 0.30901699437494956 4.469667519903117e-8
vn 0.3090169943749499 -0.9510565162951528 -7.801835412421781e-10
vn -4.226797428395491e-8 -1.4554030873326214e-8 0.999999999999999
vn 4.226797428395491e-8 1.4554030873326214e-8 -0.999999999999999
usemtl none
f 547/1636/412 550/1635/412 548/1634/412 545/1633/412
f 546/1640/413 547/1639/413 545/1638/413 544/1637/413
f 551/1644/414 546/1643/414 544/1642/414 549/1641/414
f 550/1648/415 551/1647/415 549/1646/415 548/1645/415
f 549/1652/416 544/1651/416 545/1650/416 548/1649/416
f 550/1656/417 547/1655/417 546/1654/417 551/1653/417
o pyramid
v 2.2978613735332307 1.55937453151458 0.9374962580429691
v 2.24747214213889 1.8155837525232246 1.0149394496716144
v 2.1880311098704435 1.7962701903747904 1.0149394468780721
v 2.244118379869172 1.8259055803510893 0.9533889651168187
v 2.184677347600725 1.806592018202655 0.9533889623232765
vt 0.375 0.625
vt 0.375 1
vt 0 1
vt 0 0.625
vt 0 0.46599999999999997
vt 0.375 0.46599999999999997
vt 0.1875 1
vt 0 0.46599999999999997
vt 0.375 0.46599999999999997
vt 0.1875 1
vt 0 0.46599999999999997
vt 0.375 0.46599999999999997
vt 0.1875 1
vt 0 0.46599999999999997
vt 0.375 0.46599999999999997
vt 0.1875 1
vn -0.30432233921273727 0.9366078282729668 0.1736481784352609
vn 0.08845056036935571 -0.27222297209241225 0.9581602954806262
vn 0.9798409480603357 0.19876985321260565 -0.02005646923218517
vn -0.9095419653788118 -0.4151278690896911 -0.020056558027259863
vn -0.01815157768783161 0.05586495621532685 -0.9982733227400712
usemtl none
f 554/1657/418 553/1658/418 555/1659/418 556/1660/418
f 553/1661/419 554/1662/419 552/1663/419
f 555/1664/420 553/1665/420 552/1666/420
f 554/1667/421 556/1668/421 552/1669/421
f 556/1670/422 555/1671/422 552/1672/422
o cube
v 2.5905205467382992 3.806573282204968 0.8562500206996306
v 2.517385176576383 3.738373446198718 0.8562500166157642
v 2.590520550172572 3.806573283387483 0.7750000206996299
v 2.5173851800106557 3.738373447381233 0.7750000166157635
v 3.17807108788693 3.0298745477551488 0.8562500342301044
v 3.2512064580488462 3.098074383761398 0.8562500383139708
v 3.1780710913212027 3.0298745489376637 0.7750000342301038
v 3.251206461483119 3.098074384943913 0.7750000383139702
vt 0 1
vt 0.9687500000000004 1
vt 0.9687500000000004 0.9187499999999993
vt 0 0.9187499999999993
vt 0 1
vt 0.10000000000000009 1
vt 0.10000000000000009 0.9187499999999993
vt 0 0.9187499999999993
vt 0 1
vt 0.9687500000000004 1
vt 0.9687500000000004 0.9187499999999993
vt 0 0.9187499999999993
vt 0 1
vt 0.10000000000000009 1
vt 0.10000000000000009 0.9187499999999993
vt 0 0.9187499999999993
vt 0 1
vt 0.9687500000000004 1
vt 0.9687500000000004 0.8999999999999999
vt 0 0.8999999999999999
vt 0 1
vt 0.9687500000000004 1
vt 0.9687500000000004 0.8999999999999999
vt 0 0.8999999999999999
vn -0.7313537016191677 -0.6819983600625005 -4.0838664599568326e-8
vn -0.6819983600625003 0.7313537016191687 -1.818254475945758e-8
vn 0.7313537016191677 0.6819983600625005 4.0838664599568326e-8
vn 0.6819983600625003 -0.7313537016191687 1.818254475945758e-8
vn -4.226797428395492e-8 -1.4554030873326217e-8 0.9999999999999991
vn 4.226797428395492e-8 1.4554030873326217e-8 -0.9999999999999991
usemtl none
f 560/1676/423 563/1675/423 561/1674/423 558/1673/423
f 559/1680/424 560/1679/424 558/1678/424 557/1677/424
f 564/1684/425 559/1683/425 557/1682/425 562/1681/425
f 563/1688/426 564/1687/426 562/1686/426 561/1685/426
f 562/1692/427 557/1691/427 558/1690/427 561/1689/427
f 563/1696/428 560/1695/428 559/1694/428 564/1693/428
o pyramid
v 3.3914074174678843 2.880340688466782 0.7749962649400272
v 3.2374605682647637 3.0912496924729673 0.852439451532203
v 3.1917509619135656 3.048624794969061 0.8524394489797865
v 3.230058835091585 3.0991870832135335 0.7908889667716048
v 3.1843492287403867 3.0565621857096272 0.7908889642191883
vt 0.375 0.625
vt 0.375 1
vt 0 1
vt 0 0.625
vt 0 0.46599999999999997
vt 0.375 0.46599999999999997
vt 0.1875 1
vt 0 0.46599999999999997
vt 0.375 0.46599999999999997
vt 0.1875 1
vt 0 0.46599999999999997
vt 0.375 0.46599999999999997
vt 0.1875 1
vt 0 0.46599999999999997
vt 0.375 0.46599999999999997
vt 0.1875 1
vn -0.6716372798709175 0.7202427930214524 0.17364815976062664
vn 0.19520982121415076 -0.2093369615350522 0.9581603009083666
vn 0.8040337116360812 0.5942453437154103 -0.020056470907439203
vn -0.6488843472218392 -0.7606226650914563 -0.020056552038133245
vn -0.040060456799908654 0.042959640159006364 -0.998273323853939
usemtl none
f 567/1697/429 566/1698/429 568/1699/429 569/1700/429
f 566/1701/430 567/1702/430 565/1703/430
f 568/1704/431 566/1705/431 565/1706/431
f 567/1707/432 569/1708/432 565/1709/432
f 569/1710/433 568/1711/433 565/1712/433
o cube
v -2.833322771243154 3.7266905898439546 0.8562500293603751
v -2.9076372537908926 3.7936036504798407 0.8562500271931072
v -2.8333227678088813 3.7266905910264696 0.7750000293603744
v -2.90763725035662 3.7936036516623557 0.7750000271931066
v -3.5558575287010448 3.0736821007986137 0.8562499893163888
v -3.481543046153306 3.0067690401627276 0.8562499914836567
v -3.5558575252667715 3.0736821019811287 0.7749999893163881
v -3.481543042719033 3.0067690413452426 0.7749999914836561
vt 0 1
vt 0.968750000000008 1
vt 0.968750000000008 0.9187499999999993
vt 0 0.9187499999999993
vt 0 1
vt 0.10000000000000009 1
vt 0.10000000000000009 0.9187499999999993
vt 0 0.9187499999999993
vt 0 1
vt 0.968750000000008 1
vt 0.968750000000008 0.9187499999999993
vt 0 0.9187499999999993
vt 0 1
vt 0.10000000000000009 1
vt 0.10000000000000009 0.9187499999999993
vt 0 0.9187499999999993
vt 0 1
vt 0.968750000000008 1
vt 0.968750000000008 0.8999999999999999
vt 0 0.8999999999999999
vt 0 1
vt 0.968750000000008 1
vt 0.968750000000008 0.8999999999999999
vt 0 0.8999999999999999
vn -0.7431448254773901 0.6691306063588625 -2.1672678833068482e-8
vn 0.6691306063588615 0.7431448254773904 3.909854795768413e-8
vn 0.7431448254773901 -0.6691306063588625 2.1672678833068482e-8
vn -0.6691306063588615 -0.7431448254773904 -3.909854795768413e-8
vn -4.22679742838683e-8 -1.4554030873404208e-8 0.9999999999999991
vn 4.22679742838683e-8 1.4554030873404208e-8 -0.9999999999999991
usemtl none
f 573/1716/434 576/1715/434 574/1714/434 571/1713/434
f 572/1720/435 573/1719/435 571/1718/435 570/1717/435
f 577/1724/436 572/1723/436 570/1722/436 575/1721/436
f 576/1728/437 577/1727/437 575/1726/437 574/1725/437
f 575/1732/438 570/1731/438 571/1730/438 574/1729/438
f 576/1736/439 573/1735/439 572/1734/439 577/1733/439
o pyramid
v -3.67815795751985 2.8506004705470467 0.7749962051583358
v -3.4898377443813047 3.0299219833943307 0.8585944548625858
v -3.5380642806975593 3.0696768723381695 0.8585944521056621
v -3.4815537032544452 3.039971323670095 0.7847338738830781
v -3.5297802395707 3.0797262126139335 0.7847338711261544
vt 0.375 0.625
vt 0.375 1
vt 0 1
vt 0 0.625
vt 0 0.46599999999999997
vt 0.375 0.46599999999999997
vt 0.1875 1
vt 0 0.46599999999999997
vt 0.375 0.46599999999999997
vt 0.1875 1
vt 0 0.46599999999999997
vt 0.375 0.46599999999999997
vt 0.1875 1
vt 0 0.46599999999999997
vt 0.375 0.46599999999999997
vt 0.1875 1
vn 0.6264147555119922 0.7599018696077599 0.1736482152038488
vn -0.19596209868188957 -0.23772096707936888 0.9513609187322334
vn 0.6941089493539926 -0.7195905115236989 -0.02005647406096398
vn -0.8388118330236829 0.5440518753873944 -0.020056561692087985
vn 0.022826031596795606 0.0276901210355791 -0.999355907311593
usemtl none
f 580/1737/440 579/1738/440 581/1739/440 582/1740/440
f 579/1741/441 580/1742/441 578/1743/441
f 581/1744/442 579/1745/442 578/1746/442
f 580/1747/443 582/1748/443 578/1749/443
f 582/1750/444 581/1751/444 578/1752/444
o circle
v -1.6161467386026187 3.1775349650349654 0.9545454545454548
v -0.45828040878242016 3.100961538461539 0.75
v -1.3126999885805795 2.8265734265734266 0.859090909090909
v -1.7912596100582756 2.552185314685314 0.927272727272727
v -2.4792195912175803 1.8374999999999995 0.9477272727272723
v -2.137484319602442 2.8265734265734266 0.9749999999999999
v -1.915266852216257 3.6249999999999996 0.79375
vt 3.6084375 -2.125
vt 1.80421875 1
vt 0 -2.125
vt 3.6084375 1
vt 0 1
vt 1.80421875 -2.125
vt 1.80421875 1
vt 0 -2.125
vt 3.6084375 -2.125
vt 0 1
vt 1.80421875 -2.125
vt 3.6084375 1
vt 0 -2.125
vt 3.6084375 -2.125
vt 1.80421875 1
vt 1.80421875 -2.125
vt 3.6084375 1
vt 0 1
vn -0.19473051541178385 0.09709618979188131 -0.9760391161707405
vn -0.1049566225280611 0.07264558209234107 -0.9918199064295732
vn -0.07499573726504599 0.05336877269711038 -0.995754695441039
vn 0.13386517803323392 -0.2546679083165063 -0.9577183148420135
vn -0.18437425386483755 -0.43921033244197205 -0.8792612913053758
vn -0.16468365428968634 0.12375849936549409 -0.9785515458291383
usemtl none
f 585/1753/445 586/1754/445 583/1755/445
f 586/1756/446 587/1757/446 583/1758/446
f 587/1759/447 588/1760/447 583/1761/447
f 588/1762/448 589/1763/448 583/1764/448
f 589/1765/449 584/1766/449 583/1767/449
f 584/1768/450 585/1769/450 583/1770/450
o circle
v 1.3223967386026199 3.1775349650349654 0.9802631578947356
v 0.1645304087824213 3.100961538461539 0.845559210526315
v 1.0189499885805806 2.8265734265734266 0.8904605263157886
v 1.4975096100582768 2.552185314685314 0.907730263157894
v 2.1854695912175814 1.8374999999999995 0.9906249999999993
v 1.8437343196024434 2.8265734265734266 0.9457236842105254
v 1.6215168522162582 3.6625 0.7937499999999991
vt 3.6084375 -2.125
vt 1.80421875 1
vt 0 -2.125
vt 3.6084375 1
vt 0 1
vt 1.80421875 -2.125
vt 1.80421875 1
vt 0 -2.125
vt 3.6084375 -2.125
vt 0 1
vt 1.80421875 -2.125
vt 3.6084375 1
vt 0 -2.125
vt 3.6084375 -2.125
vt 1.80421875 1
vt 1.80421875 -2.125
vt 3.6084375 1
vt 0 1
vn -0.11998274203476784 -0.14747039864536252 0.9817619992326023
vn -0.31553157204740795 -0.19604440255530045 0.9284430080882868
vn 0.12467926753648566 0.08794383670753585 0.9882919416001144
vn 0.21790114516230155 0.23034682490226974 0.948398350480641
vn -0.1322933946986263 0.42583532352296116 0.8950769435971462
vn -0.103485110866454 -0.16164397607803624 0.9814082009167446
usemtl none
f 592/1771/451 593/1772/451 590/1773/451
f 593/1774/452 594/1775/452 590/1776/452
f 594/1777/453 595/1778/453 590/1779/453
f 595/1780/454 596/1781/454 590/1782/454
f 596/1783/455 591/1784/455 590/1785/455
f 591/1786/456 592/1787/456 590/1788/456
o circle
v 2.3281146144763656 3.073815560983032 0.999999999999999
v 2.4269645153584065 2.6154582675857996 0.9931034482758614
v 2.689727476057677 2.913363160437199 0.9517241379310337
v 3.2255579214848376 3.057893577743669 0.8068965517241381
v 2.5991104978307225 3.7247383255460704 0.7999999999999992
v 1.630692078515158 3.5552767324296717 0.8275862068965513
v 1.8955266405879616 2.709308532873711 0.96551724137931
v 2.177646450098257 1.8375000000000004 0.9724137931034484
vt 3.125000313474527 -2.0098435811270265
vt 3.125000313474527 1
vt 0 -0.5049253436252821
vt 2.711775 -0.30591875
vt 0 1
vt 0 -2.4684875
vt 2.711775 1
vt 0 -0.30591875
vt 2.711775 -2.4684875
vt 1.305920357630154 1
vt 0 -1.711776244895344
vt 3.4684875465801013 -1.7117762448953426
vt 0 0.9999999999999987
vt 1.3059212009146814 -1.7117728969618522
vt 3.4684875465801013 1
vt 0 -2.125
vt 3.0098375 -2.125
vt 1.50491875 1
vt 8.881784197001252e-16 -2.4684874865136193
vt 2.7117729439237217 -1.1625663831162552
vt 0 1
vn 0.20988121460511228 0.18410093381031015 0.9602378465391035
vn 0.20932168079392333 0.2065258403919382 0.9557884238679659
vn -0.025971207405719565 0.3034699381711591 0.9524870041172647
vn -0.16833045202184532 0.1070710026342268 0.9798982902919173
vn -0.0677090983471978 -0.014019170387209618 0.9976066062645456
vn -0.021531114902657623 -0.01968325856976273 0.9995743996437306
vn 0.1388706962831351 0.015050301779021431 0.990196151340833
usemtl none
f 599/1789/457 600/1790/457 597/1791/457
f 600/1792/458 601/1793/458 597/1794/458
f 601/1795/459 602/1796/459 597/1797/459
f 602/1798/460 603/1799/460 597/1800/460
f 603/1801/461 604/1802/461 597/1803/461
f 604/1804/462 598/1805/462 597/1806/462
f 598/1807/463 599/1808/463 597/1809/463
o circle
v -2.6085144418720834 3.073815560983032 1.0244140625
v -2.707243842665105 2.6154582675857996 1.0312499999999996
v -2.9696864898398028 2.913363160437199 1.017578125
v -3.5693079214848504 3.057893577743669 0.8466796875000001
v -2.9307353153548323 3.7247383255460704 0.8125000000000012
v -1.911942078515171 3.5552767324296717 0.8330078125000006
v -2.1764538017381594 2.709308532873711 1.0021484374999994
v -2.458229701321822 1.8375000000000004 0.9652343749999992
vt 3.125000313474527 -2.0098435811270265
vt 3.125000313474527 1
vt 0 -0.5049253436252821
vt 2.711775 -0.30591875
vt 0 1
vt 0 -2.4684875
vt 2.711775 1
vt 0 -0.30591875
vt 2.711775 -2.4684875
vt 1.305920357630154 1
vt 0 -1.711776244895344
vt 3.4684875465801013 -1.7117762448953426
vt 0 0.9999999999999987
vt 1.3059212009146814 -1.7117728969618522
vt 3.4684875465801013 1
vt 0 -2.125
vt 3.0098375 -2.125
vt 1.50491875 1
vt 8.881784197001252e-16 -2.4684874865136193
vt 2.7117729439237217 -1.1625663831162552
vt 0 1
vn 0.17566766042715137 -0.356323142699662 -0.917700763351915
vn 0.18090909240871386 -0.2223441037407053 -0.9580370555545323
vn -0.0350384233526529 -0.3250175673147468 -0.9450586700442277
vn -0.16992425746404172 -0.1418470834636515 -0.9751949300720087
vn -0.012409855020211599 0.046304227131013745 -0.9988502961145765
vn -0.18311141921999832 0.024784726461647803 -0.9827796932606306
vn 0.028239138115672777 -0.02098742256023428 -0.9993808479117269
usemtl none
f 607/1810/464 608/1811/464 605/1812/464
f 608/1813/465 609/1814/465 605/1815/465
f 609/1816/466 610/1817/466 605/1818/466
f 610/1819/467 611/1820/467 605/1821/467
f 611/1822/468 612/1823/468 605/1824/468
f 612/1825/469 606/1826/469 605/1827/469
f 606/1828/470 607/1829/470 605/1830/470
o circle
v 2.9579200294524437 3.528561193265875 0.856249999999999
v 3.327853628270122 3.320657409485176 0.84625
v 3.5166784670381497 3.5064901784954983 0.8162499999999999
v 3.84375 3.737323751357111 0.8062499999999997
v 2.607592173172045 3.744456847032156 0.8062499999999999
v 3.2132781745506866 3.056250000000001 0.8162499999999986
vt 3.67365625 -1.66906875
vt 0 1
vt 0 -2.8627125
vt 3.67365625 1
vt 0 -1.66906875
vt 3.67365625 -2.8627125
vt 4.440892098500626e-16 1
vt 0 -3.5408907892141945
vt 3.124998470976155 -1.270444934693379
vt 0 -2.125
vt 4.5408875 -2.125
vt 2.27044375 1
vt 1.1936417842785931 -2.673657457185998
vt 3.8627109191703854 1
vt 0 0.9999999999999989
vn 0.06914278155156929 -0.054817155446872774 0.9960995709405891
vn 0.0013135918865710325 0.22764406448706606 0.9737435259759954
vn -0.2732505276179881 -0.22690275385109504 0.9347990636769384
vn -0.029378581081407305 -0.10011144535163712 0.9945424060759046
vn 0.07447711768409083 0.08472871713881122 0.9936167286401137
usemtl none
f 615/1831/471 616/1832/471 613/1833/471
f 616/1834/472 617/1835/472 613/1836/472
f 617/1837/473 618/1838/473 613/1839/473
f 618/1840/474 614/1841/474 613/1842/474
f 614/1843/475 615/1844/475 613/1845/475
o circle
v -3.522600610757749 3.5098111932658744 0.8375000000000007
v -3.6841036282701207 3.301907409485176 0.8093749999999997
v -3.8729284670381485 3.487740178495498 0.8187499999999996
v -4.199999999999999 3.718573751357111 0.7906249999999998
v -2.9638421731720435 3.7257068470321557 0.7906249999999996
v -3.5195281745506857 3.0875000000000004 0.8125000000000007
vt 3.67365625 -1.66906875
vt 0 1
vt 0 -2.8627125
vt 3.67365625 1
vt 0 -1.66906875
vt 3.67365625 -2.8627125
vt 4.440892098500626e-16 1
vt 0 -3.5408907892141945
vt 3.124998470976155 -1.270444934693379
vt 0 -2.125
vt 4.5408875 -2.125
vt 2.27044375 1
vt 1.1936417842785931 -2.673657457185998
vt 3.8627109191703854 1
vt 0 0.9999999999999989
vn 0.056043917126826145 -0.04213171222929413 -0.9975389707563859
vn 0.001242038400883291 -0.21524392219278776 -0.9765595277809112
vn -0.10568878078045225 0.05799737430854742 -0.9927064954912183
vn 0.096405831702462 0.05951825708356508 -0.9935610160868287
vn 0.047034053270543316 0.09794127718862743 -0.9940801295949963
usemtl none
f 621/1846/476 622/1847/476 619/1848/476
f 622/1849/477 623/1850/477 619/1851/477
f 623/1852/478 624/1853/478 619/1854/478
f 624/1855/479 620/1856/479 619/1857/479
f 620/1858/480 621/1859/480 619/1860/480